Workbook

Sheet RESUMO
B4: CONSULTA DE ITENS
B5: ITEM | C5: 1418 | E5: 🔍 (Digite o cod do item para pesquisar)
B6: EAN | C6: =IFERROR(INDEX(D17:D1000,MATCH(C5,B17:B1000,0)),"") -> 7896112114185
B7: DESCRIÇÃO ITEM | C7: =IFERROR(INDEX(C17:C1000,MATCH(C5,B17:B1000,0)),"Item não encontrado") -> LOSARTANA POTASSICA 50MG COMP REV C/30 GEN
B8: LINHA | C8: =IFERROR(INDEX(E17:E1000,MATCH(C5,B17:B1000,0)),"") -> GENÉRICO
B9: - | C9: QUANTIDADE | D9: VALOR
B10: PENDÊNCIA | C10: =IFERROR(INDEX(F17:F1000,MATCH(C5,B17:B1000,0)),"") -> 0 | D10: =IFERROR(INDEX(G17:G1000,MATCH(C5,B17:B1000,0)),"") -> 0
B11: FATURADO | C11: =IFERROR(INDEX(H17:H1000,MATCH(C5,B17:B1000,0)),"") -> 55000 | D11: =IFERROR(INDEX(I17:I1000,MATCH(C5,B17:B1000,0)),"") -> 73500
B12: SEPARAÇÃO | C12: =IFERROR(INDEX(J17:J1000,MATCH(C5,B17:B1000,0)),"") -> 0 | D12: =IFERROR(INDEX(K17:K1000,MATCH(C5,B17:B1000,0)),"") -> 0
B13: TOTAL | C13: =IFERROR(INDEX(L17:L1000,MATCH(C5,B17:B1000,0)),"") -> 55000 | D13: =IFERROR(INDEX(M17:M1001,MATCH(C5,B17:B1001,0)),"") -> 73500
G15: =SUBTOTAL(9,Tabela2[[#All],[VALOR PND]]) -> 257559.02 | I15: =SUBTOTAL(9,Tabela2[[#All],[VALOR FAT]]) -> 1849615.6 | K15: =SUBTOTAL(9,Tabela2[[#All],[VALOR EM SEP]]) -> 0 | L15: =SUBTOTAL(9,Tabela2[TOTAL DE UND]) -> 466988 | M15: =SUBTOTAL(9,Tabela2[TOTAL VALOR]) -> 2107174.6
B16: ITENS | C16: DESCRIÇÃO ITEM | D16: EAN | E16: LINHA | F16: QTD PDN | G16: VALOR PND | H16: QTD FAT | I16: VALOR FAT | J16: QTD EM SEP | K16: VALOR EM SEP | L16: TOTAL DE UND | M16: TOTAL VALOR
B17: 30 | C17: DEXAVISON COL 5ML | D17: 7896112140306 | E17: SIMILAR | F17: =SUMIF(PND!D:D,B17,PND!H:H) -> 0 | G17: =SUMIF(PND!D:D,Tabela2[[#This Row],[ITENS]],PND!J:J) -> 0 | H17: =SUMIF(FATURADO!H:H,B17,FATURADO!L:L) -> 9000 | I17: =SUMIF(FATURADO!H:H,Tabela2[[#This Row],[ITENS]],FATURADO!N:N) -> 20040 | J17: =SUMIF(SEPARAÇÃO!I:I,B17,SEPARAÇÃO!M:M) -> 0 | K17: =SUMIF(SEPARAÇÃO!I:I,Tabela2[[#This Row],[ITENS]],SEPARAÇÃO!P:P) -> 0 | L17: =F17+H17+J17 -> 9000 | M17: =G17+I17+K17 -> 20040
B18: 52 | C18: HELMIZOL 250MG COMP C/20 | D18: 7896112140528 | E18: SIMILAR | F18: =SUMIF(PND!D:D,B18,PND!H:H) -> 0 | G18: =SUMIF(PND!D:D,Tabela2[[#This Row],[ITENS]],PND!J:J) -> 0 | H18: =SUMIF(FATURADO!H:H,B18,FATURADO!L:L) -> 400 | I18: =SUMIF(FATURADO!H:H,Tabela2[[#This Row],[ITENS]],FATURADO!N:N) -> 1136 | J18: =SUMIF(SEPARAÇÃO!I:I,B18,SEPARAÇÃO!M:M) -> 0 | K18: =SUMIF(SEPARAÇÃO!I:I,Tabela2[[#This Row],[ITENS]],SEPARAÇÃO!P:P) -> 0 | L18: =F18+H18+J18 -> 400 | M18: =G18+I18+K18 -> 1136
B19: 86 | C19: LOZAN 20MG/G CR 30G | D19: 7896112140863 | E19: SIMILAR | F19: =SUMIF(PND!D:D,B19,PND!H:H) -> 0 | G19: =SUMIF(PND!D:D,Tabela2[[#This Row],[ITENS]],PND!J:J) -> 0 | H19: =SUMIF(FATURADO!H:H,B19,FATURADO!L:L) -> 450 | I19: =SUMIF(FATURADO!H:H,Tabela2[[#This Row],[ITENS]],FATURADO!N:N) -> 1624.5 | J19: =SUMIF(SEPARAÇÃO!I:I,B19,SEPARAÇÃO!M:M) -> 0 | K19: =SUMIF(SEPARAÇÃO!I:I,Tabela2[[#This Row],[ITENS]],SEPARAÇÃO!P:P) -> 0 | L19: =F19+H19+J19 -> 450 | M19: =G19+I19+K19 -> 1624.5
B20: 89 | C20: EZOPEN 200MG COMP C/25 | D20: 7896112140894 | E20: SIMILAR | F20: =SUMIF(PND!D:D,B20,PND!H:H) -> 0 | G20: =SUMIF(PND!D:D,Tabela2[[#This Row],[ITENS]],PND!J:J) -> 0 | H20: =SUMIF(FATURADO!H:H,B20,FATURADO!L:L) -> 0 | I20: =SUMIF(FATURADO!H:H,Tabela2[[#This Row],[ITENS]],FATURADO!N:N) -> 0 | J20: =SUMIF(SEPARAÇÃO!I:I,B20,SEPARAÇÃO!M:M) -> 0 | K20: =SUMIF(SEPARAÇÃO!I:I,Tabela2[[#This Row],[ITENS]],SEPARAÇÃO!P:P) -> 0 | L20: =F20+H20+J20 -> 0 | M20: =G20+I20+K20 -> 0
B21: 93 | C21: IBUPRIL 300MG COMP C/20 | D21: 7896112140931 | E21: SIMILAR | F21: =SUMIF(PND!D:D,B21,PND!H:H) -> 0 | G21: =SUMIF(PND!D:D,Tabela2[[#This Row],[ITENS]],PND!J:J) -> 0 | H21: =SUMIF(FATURADO!H:H,B21,FATURADO!L:L) -> 300 | I21: =SUMIF(FATURADO!H:H,Tabela2[[#This Row],[ITENS]],FATURADO!N:N) -> 960 | J21: =SUMIF(SEPARAÇÃO!I:I,B21,SEPARAÇÃO!M:M) -> 0 | K21: =SUMIF(SEPARAÇÃO!I:I,Tabela2[[#This Row],[ITENS]],SEPARAÇÃO!P:P) -> 0 | L21: =F21+H21+J21 -> 300 | M21: =G21+I21+K21 -> 960
B22: 165 | C22: COLIRIO TEUTO 20ML | D22: 7896112141655 | E22: SIMILAR | F22: =SUMIF(PND!D:D,B22,PND!H:H) -> 0 | G22: =SUMIF(PND!D:D,Tabela2[[#This Row],[ITENS]],PND!J:J) -> 0 | H22: =SUMIF(FATURADO!H:H,B22,FATURADO!L:L) -> 0 | I22: =SUMIF(FATURADO!H:H,Tabela2[[#This Row],[ITENS]],FATURADO!N:N) -> 0 | J22: =SUMIF(SEPARAÇÃO!I:I,B22,SEPARAÇÃO!M:M) -> 0 | K22: =SUMIF(SEPARAÇÃO!I:I,Tabela2[[#This Row],[ITENS]],SEPARAÇÃO!P:P) -> 0 | L22: =F22+H22+J22 -> 0 | M22: =G22+I22+K22 -> 0
B23: 166 | C23: LOZAN 20MG/G XAMPU 100ML | D23: 7896112141662 | E23: SIMILAR | F23: =SUMIF(PND!D:D,B23,PND!H:H) -> 0 | G23: =SUMIF(PND!D:D,Tabela2[[#This Row],[ITENS]],PND!J:J) -> 0 | H23: =SUMIF(FATURADO!H:H,B23,FATURADO!L:L) -> 0 | I23: =SUMIF(FATURADO!H:H,Tabela2[[#This Row],[ITENS]],FATURADO!N:N) -> 0 | J23: =SUMIF(SEPARAÇÃO!I:I,B23,SEPARAÇÃO!M:M) -> 0 | K23: =SUMIF(SEPARAÇÃO!I:I,Tabela2[[#This Row],[ITENS]],SEPARAÇÃO!P:P) -> 0 | L23: =F23+H23+J23 -> 0 | M23: =G23+I23+K23 -> 0
B24: 167 | C24: DIGESTIL 4MG/ML SOL 20ML | D24: 7896112141679 | E24: SIMILAR | F24: =SUMIF(PND!D:D,B24,PND!H:H) -> 0 | G24: =SUMIF(PND!D:D,Tabela2[[#This Row],[ITENS]],PND!J:J) -> 0 | H24: =SUMIF(FATURADO!H:H,B24,FATURADO!L:L) -> 1600 | I24: =SUMIF(FATURADO!H:H,Tabela2[[#This Row],[ITENS]],FATURADO!N:N) -> 3072 | J24: =SUMIF(SEPARAÇÃO!I:I,B24,SEPARAÇÃO!M:M) -> 0 | K24: =SUMIF(SEPARAÇÃO!I:I,Tabela2[[#This Row],[ITENS]],SEPARAÇÃO!P:P) -> 0 | L24: =F24+H24+J24 -> 1600 | M24: =G24+I24+K24 -> 3072
B25: 169 | C25: BACLOFEN 10MG COMP C/20 | D25: 7896112141693 | E25: SIMILAR | F25: =SUMIF(PND!D:D,B25,PND!H:H) -> 0 | G25: =SUMIF(PND!D:D,Tabela2[[#This Row],[ITENS]],PND!J:J) -> 0 | H25: =SUMIF(FATURADO!H:H,B25,FATURADO!L:L) -> 500 | I25: =SUMIF(FATURADO!H:H,Tabela2[[#This Row],[ITENS]],FATURADO!N:N) -> 1450 | J25: =SUMIF(SEPARAÇÃO!I:I,B25,SEPARAÇÃO!M:M) -> 0 | K25: =SUMIF(SEPARAÇÃO!I:I,Tabela2[[#This Row],[ITENS]],SEPARAÇÃO!P:P) -> 0 | L25: =F25+H25+J25 -> 500 | M25: =G25+I25+K25 -> 1450
B26: 212 | C26: FENAFLAN GEL 60G | D26: 7896112142126 | E26: SIMILAR | F26: =SUMIF(PND!D:D,B26,PND!H:H) -> 400 | G26: =SUMIF(PND!D:D,Tabela2[[#This Row],[ITENS]],PND!J:J) -> 1960 | H26: =SUMIF(FATURADO!H:H,B26,FATURADO!L:L) -> 900 | I26: =SUMIF(FATURADO!H:H,Tabela2[[#This Row],[ITENS]],FATURADO!N:N) -> 4128 | J26: =SUMIF(SEPARAÇÃO!I:I,B26,SEPARAÇÃO!M:M) -> 0 | K26: =SUMIF(SEPARAÇÃO!I:I,Tabela2[[#This Row],[ITENS]],SEPARAÇÃO!P:P) -> 0 | L26: =F26+H26+J26 -> 1300 | M26: =G26+I26+K26 -> 6088
B27: 302 | C27: NEBIVOLOL HCL 5 MG COMP C/30 GEN | D27: 7896112103028 | E27: GENÉRICO | F27: =SUMIF(PND!D:D,B27,PND!H:H) -> 0 | G27: =SUMIF(PND!D:D,Tabela2[[#This Row],[ITENS]],PND!J:J) -> 0 | H27: =SUMIF(FATURADO!H:H,B27,FATURADO!L:L) -> 320 | I27: =SUMIF(FATURADO!H:H,Tabela2[[#This Row],[ITENS]],FATURADO!N:N) -> 3574.4 | J27: =SUMIF(SEPARAÇÃO!I:I,B27,SEPARAÇÃO!M:M) -> 0 | K27: =SUMIF(SEPARAÇÃO!I:I,Tabela2[[#This Row],[ITENS]],SEPARAÇÃO!P:P) -> 0 | L27: =F27+H27+J27 -> 320 | M27: =G27+I27+K27 -> 3574.4
B28: 358 | C28: CETOCORT 20 E 0,5MG POM 30G | D28: 7896112143581 | E28: SIMILAR | F28: =SUMIF(PND!D:D,B28,PND!H:H) -> 0 | G28: =SUMIF(PND!D:D,Tabela2[[#This Row],[ITENS]],PND!J:J) -> 0 | H28: =SUMIF(FATURADO!H:H,B28,FATURADO!L:L) -> 0 | I28: =SUMIF(FATURADO!H:H,Tabela2[[#This Row],[ITENS]],FATURADO!N:N) -> 0 | J28: =SUMIF(SEPARAÇÃO!I:I,B28,SEPARAÇÃO!M:M) -> 0 | K28: =SUMIF(SEPARAÇÃO!I:I,Tabela2[[#This Row],[ITENS]],SEPARAÇÃO!P:P) -> 0 | L28: =F28+H28+J28 -> 0 | M28: =G28+I28+K28 -> 0
... B286: 9994 | C286: DILTIAZEM HCL 60MG COMP C/50 | D286: 7896112199946 | E286: GENÉRICO | F286: =SUMIF(PND!D:D,B286,PND!H:H) -> 200 | G286: =SUMIF(PND!D:D,Tabela2[[#This Row],[ITENS]],PND!J:J) -> 1676 | H286: =SUMIF(FATURADO!H:H,B286,FATURADO!L:L) -> 0 | I286: =SUMIF(FATURADO!H:H,Tabela2[[#This Row],[ITENS]],FATURADO!N:N) -> 0 | J286: =SUMIF(SEPARAÇÃO!I:I,B286,SEPARAÇÃO!M:M) -> 0 | K286: =SUMIF(SEPARAÇÃO!I:I,Tabela2[[#This Row],[ITENS]],SEPARAÇÃO!P:P) -> 0 | L286: =F286+H286+J286 -> 200 | M286: =G286+I286+K286 -> 1676
B287: 9626 | C287: CEFTRIAXONA DISSÓDICA 1G IM PO INJ+ AMP DIL 3,5ML | D287: CÓD MUDOU PARA 4849 | E287: GENÉRICO | F287: =SUMIF(PND!D:D,B287,PND!H:H) -> 0 | G287: =SUMIF(PND!D:D,Tabela2[[#This Row],[ITENS]],PND!J:J) -> 0 | H287: =SUMIF(FATURADO!H:H,B287,FATURADO!L:L) -> 0 | I287: =SUMIF(FATURADO!H:H,Tabela2[[#This Row],[ITENS]],FATURADO!N:N) -> 0 | J287: =SUMIF(SEPARAÇÃO!I:I,B287,SEPARAÇÃO!M:M) -> 0 | K287: =SUMIF(SEPARAÇÃO!I:I,Tabela2[[#This Row],[ITENS]],SEPARAÇÃO!P:P) -> 0 | L287: =F287+H287+J287 -> 0 | M287: =G287+I287+K287 -> 0
B288: 9149 | C288: ACEBROFILINA 25MG/5ML XPE PED 120ML GEN PET | D288: 7896112191490 | E288: GENÉRICO | F288: =SUMIF(PND!D:D,B288,PND!H:H) -> 150 | G288: =SUMIF(PND!D:D,Tabela2[[#This Row],[ITENS]],PND!J:J) -> 772.5 | H288: =SUMIF(FATURADO!H:H,B288,FATURADO!L:L) -> 200 | I288: =SUMIF(FATURADO!H:H,Tabela2[[#This Row],[ITENS]],FATURADO!N:N) -> 1010 | J288: =SUMIF(SEPARAÇÃO!I:I,B288,SEPARAÇÃO!M:M) -> 0 | K288: =SUMIF(SEPARAÇÃO!I:I,Tabela2[[#This Row],[ITENS]],SEPARAÇÃO!P:P) -> 0 | L288: =F288+H288+J288 -> 350 | M288: =G288+I288+K288 -> 1782.5
B289: 9747 | C289: ALBENTEL 40MG/ML SUSP 10ML | D289: 7896112197478 | E289: SIMILAR | F289: =SUMIF(PND!D:D,B289,PND!H:H) -> 0 | G289: =SUMIF(PND!D:D,Tabela2[[#This Row],[ITENS]],PND!J:J) -> 0 | H289: =SUMIF(FATURADO!H:H,B289,FATURADO!L:L) -> 0 | I289: =SUMIF(FATURADO!H:H,Tabela2[[#This Row],[ITENS]],FATURADO!N:N) -> 0 | J289: =SUMIF(SEPARAÇÃO!I:I,B289,SEPARAÇÃO!M:M) -> 0 | K289: =SUMIF(SEPARAÇÃO!I:I,Tabela2[[#This Row],[ITENS]],SEPARAÇÃO!P:P) -> 0 | L289: =F289+H289+J289 -> 0 | M289: =G289+I289+K289 -> 0
B290: 2739 | C290: AMBROXOL HCL 30MG/5ML XPE ADU120ML PET | D290: 7896112127390 | E290: GENÉRICO | F290: =SUMIF(PND!D:D,B290,PND!H:H) -> 0 | G290: =SUMIF(PND!D:D,Tabela2[[#This Row],[ITENS]],PND!J:J) -> 0 | H290: =SUMIF(FATURADO!H:H,B290,FATURADO!L:L) -> 0 | I290: =SUMIF(FATURADO!H:H,Tabela2[[#This Row],[ITENS]],FATURADO!N:N) -> 0 | J290: =SUMIF(SEPARAÇÃO!I:I,B290,SEPARAÇÃO!M:M) -> 0 | K290: =SUMIF(SEPARAÇÃO!I:I,Tabela2[[#This Row],[ITENS]],SEPARAÇÃO!P:P) -> 0 | L290: =F290+H290+J290 -> 0 | M290: =G290+I290+K290 -> 0
B291: 4171 | C291: AMOXICILINA + CLAVULANATO 875 + 125 MG COMP REV C/14 GEN | D291: 7896112101710 | E291: GENÉRICO | F291: =SUMIF(PND!D:D,B291,PND!H:H) -> 0 | G291: =SUMIF(PND!D:D,Tabela2[[#This Row],[ITENS]],PND!J:J) -> 0 | H291: =SUMIF(FATURADO!H:H,B291,FATURADO!L:L) -> 315 | I291: =SUMIF(FATURADO!H:H,Tabela2[[#This Row],[ITENS]],FATURADO!N:N) -> 9418.5 | J291: =SUMIF(SEPARAÇÃO!I:I,B291,SEPARAÇÃO!M:M) -> 0 | K291: =SUMIF(SEPARAÇÃO!I:I,Tabela2[[#This Row],[ITENS]],SEPARAÇÃO!P:P) -> 0 | L291: =F291+H291+J291 -> 315 | M291: =G291+I291+K291 -> 9418.5
B292: 946 | C292: ANLODIPINO BES 5MG COMP C/30 GEN | D292: 7896112149460 | E292: GENÉRICO | F292: =SUMIF(PND!D:D,B292,PND!H:H) -> 0 | G292: =SUMIF(PND!D:D,Tabela2[[#This Row],[ITENS]],PND!J:J) -> 0 | H292: =SUMIF(FATURADO!H:H,B292,FATURADO!L:L) -> 0 | I292: =SUMIF(FATURADO!H:H,Tabela2[[#This Row],[ITENS]],FATURADO!N:N) -> 0 | J292: =SUMIF(SEPARAÇÃO!I:I,B292,SEPARAÇÃO!M:M) -> 0 | K292: =SUMIF(SEPARAÇÃO!I:I,Tabela2[[#This Row],[ITENS]],SEPARAÇÃO!P:P) -> 0 | L292: =F292+H292+J292 -> 0 | M292: =G292+I292+K292 -> 0
B293: 7643 | C293: ATENOLOL 50MG COMP C/ 60 GEN | D293: 7896112176435 | E293: GENÉRICO | F293: =SUMIF(PND!D:D,B293,PND!H:H) -> 0 | G293: =SUMIF(PND!D:D,Tabela2[[#This Row],[ITENS]],PND!J:J) -> 0 | H293: =SUMIF(FATURADO!H:H,B293,FATURADO!L:L) -> 0 | I293: =SUMIF(FATURADO!H:H,Tabela2[[#This Row],[ITENS]],FATURADO!N:N) -> 0 | J293: =SUMIF(SEPARAÇÃO!I:I,B293,SEPARAÇÃO!M:M) -> 0 | K293: =SUMIF(SEPARAÇÃO!I:I,Tabela2[[#This Row],[ITENS]],SEPARAÇÃO!P:P) -> 0 | L293: =F293+H293+J293 -> 0 | M293: =G293+I293+K293 -> 0
B294: 415 | C294: BEPEBEN 1.200.000UI PO SUSP INJ+1AMP DIL 4ML | D294: 7896112144151 | E294: SIMILAR | F294: =SUMIF(PND!D:D,B294,PND!H:H) -> 0 | G294: =SUMIF(PND!D:D,Tabela2[[#This Row],[ITENS]],PND!J:J) -> 0 | H294: =SUMIF(FATURADO!H:H,B294,FATURADO!L:L) -> 0 | I294: =SUMIF(FATURADO!H:H,Tabela2[[#This Row],[ITENS]],FATURADO!N:N) -> 0 | J294: =SUMIF(SEPARAÇÃO!I:I,B294,SEPARAÇÃO!M:M) -> 0 | K294: =SUMIF(SEPARAÇÃO!I:I,Tabela2[[#This Row],[ITENS]],SEPARAÇÃO!P:P) -> 0 | L294: =F294+H294+J294 -> 0 | M294: =G294+I294+K294 -> 0
B295: 4469 | C295: BISOPROLOL HEMIF 10MG COMP REV C/30 GEN | D295: 7896112104698 | E295: GENÉRICO | F295: =SUMIF(PND!D:D,B295,PND!H:H) -> 0 | G295: =SUMIF(PND!D:D,Tabela2[[#This Row],[ITENS]],PND!J:J) -> 0 | H295: =SUMIF(FATURADO!H:H,B295,FATURADO!L:L) -> 0 | I295: =SUMIF(FATURADO!H:H,Tabela2[[#This Row],[ITENS]],FATURADO!N:N) -> 0 | J295: =SUMIF(SEPARAÇÃO!I:I,B295,SEPARAÇÃO!M:M) -> 0 | K295: =SUMIF(SEPARAÇÃO!I:I,Tabela2[[#This Row],[ITENS]],SEPARAÇÃO!P:P) -> 0 | L295: =F295+H295+J295 -> 0 | M295: =G295+I295+K295 -> 0
B296: 4468 | C296: BISOPROLOL HEMIF 5MG COMP REV C/30 GEN | D296: 7896112104681 | E296: GENÉRICO | F296: =SUMIF(PND!D:D,B296,PND!H:H) -> 0 | G296: =SUMIF(PND!D:D,Tabela2[[#This Row],[ITENS]],PND!J:J) -> 0 | H296: =SUMIF(FATURADO!H:H,B296,FATURADO!L:L) -> 0 | I296: =SUMIF(FATURADO!H:H,Tabela2[[#This Row],[ITENS]],FATURADO!N:N) -> 0 | J296: =SUMIF(SEPARAÇÃO!I:I,B296,SEPARAÇÃO!M:M) -> 0 | K296: =SUMIF(SEPARAÇÃO!I:I,Tabela2[[#This Row],[ITENS]],SEPARAÇÃO!P:P) -> 0 | L296: =F296+H296+J296 -> 0 | M296: =G296+I296+K296 -> 0
B297: 7647 | C297: CAPTOPRIL 25MG COMP C/60 GEN | D297: 7896112176473 | E297: GENÉRICO | F297: =SUMIF(PND!D:D,B297,PND!H:H) -> 0 | G297: =SUMIF(PND!D:D,Tabela2[[#This Row],[ITENS]],PND!J:J) -> 0 | H297: =SUMIF(FATURADO!H:H,B297,FATURADO!L:L) -> 0 | I297: =SUMIF(FATURADO!H:H,Tabela2[[#This Row],[ITENS]],FATURADO!N:N) -> 0 | J297: =SUMIF(SEPARAÇÃO!I:I,B297,SEPARAÇÃO!M:M) -> 0 | K297: =SUMIF(SEPARAÇÃO!I:I,Tabela2[[#This Row],[ITENS]],SEPARAÇÃO!P:P) -> 0 | L297: =F297+H297+J297 -> 0 | M297: =G297+I297+K297 -> 0
B298: 3615 | C298: CIPROFIBRATO 100MG COMP C/30 GEN | D298: 7896112136156 | E298: GENÉRICO | F298: =SUMIF(PND!D:D,B298,PND!H:H) -> 0 | G298: =SUMIF(PND!D:D,Tabela2[[#This Row],[ITENS]],PND!J:J) -> 0 | H298: =SUMIF(FATURADO!H:H,B298,FATURADO!L:L) -> 0 | I298: =SUMIF(FATURADO!H:H,Tabela2[[#This Row],[ITENS]],FATURADO!N:N) -> 0 | J298: =SUMIF(SEPARAÇÃO!I:I,B298,SEPARAÇÃO!M:M) -> 0 | K298: =SUMIF(SEPARAÇÃO!I:I,Tabela2[[#This Row],[ITENS]],SEPARAÇÃO!P:P) -> 0 | L298: =F298+H298+J298 -> 0 | M298: =G298+I298+K298 -> 0
B299: 2338 | C299: CLIOQUINOL+ASS CR 20G GEN | D299: 7896112123385 | E299: GENÉRICO | F299: =SUMIF(PND!D:D,B299,PND!H:H) -> 0 | G299: =SUMIF(PND!D:D,Tabela2[[#This Row],[ITENS]],PND!J:J) -> 0 | H299: =SUMIF(FATURADO!H:H,B299,FATURADO!L:L) -> 0 | I299: =SUMIF(FATURADO!H:H,Tabela2[[#This Row],[ITENS]],FATURADO!N:N) -> 0 | J299: =SUMIF(SEPARAÇÃO!I:I,B299,SEPARAÇÃO!M:M) -> 0 | K299: =SUMIF(SEPARAÇÃO!I:I,Tabela2[[#This Row],[ITENS]],SEPARAÇÃO!P:P) -> 0 | L299: =F299+H299+J299 -> 0 | M299: =G299+I299+K299 -> 0
... B348: 1438 | C348: ATENOLOL+CLORTALIDONA 100+25MGCOMP C/30 GEN | D348: 7896112114383 | E348: GENÉRICO | F348: =SUMIF(PND!D:D,B348,PND!H:H) -> 0 | G348: =SUMIF(PND!D:D,Tabela2[[#This Row],[ITENS]],PND!J:J) -> 0 | H348: =SUMIF(FATURADO!H:H,B348,FATURADO!L:L) -> 0 | I348: =SUMIF(FATURADO!H:H,Tabela2[[#This Row],[ITENS]],FATURADO!N:N) -> 0 | J348: =SUMIF(SEPARAÇÃO!I:I,B348,SEPARAÇÃO!M:M) -> 0 | K348: =SUMIF(SEPARAÇÃO!I:I,Tabela2[[#This Row],[ITENS]],SEPARAÇÃO!P:P) -> 0 | L348: =F348+H348+J348 -> 0 | M348: =G348+I348+K348 -> 0

Sheet PND CANCELADA
A1: PND ATIVA * | J1: =SUBTOTAL(9,J2:J1048576) -> 30034.54
A2: Codigo_Externo_Cliente | B2: Nome_Razao_Social | C2: UF | D2: Produto | E2: EAN | F2: Desc_Produto | G2: LINHA | H2: Qtd_Atual | I2: Vlr_Unitario | J2: Valor_Atual | K2: Pedido | L2: ARMAZÉM | M2: ARMAZÉM | N2: Coordenador_ERP | O2: Codigo_Condicao_Pagamento | P2: Descricao_Condicao_Pagamento | Q2: Regiao_Preco_Lista | R2: OBS_Pedido
A3: 108342 | B3: 108342 - DIMEBRAS DISTRIBUIDORA FARMACEUTICA LTDA | C3: MS | D3: 1358 | E3: 7896112113584 | F3: 1358 - CLOBETASOL PROPION 0,5MG/G CR30G GEN | G3: GENÉRICO | H3: 450 | I3: 3.74 | J3: 1683 | K3: 4469173 | L3: ES | M3: MATRIZ (GO) | N3: VCO-113 - COORD MS SELL IN SIM | O3: 0] | P3: 0] - 63/70A91+10F | Q3: M4V205 | R3: 9741 //PED APROVADO 22.5.2026 //PRAZO 63/70/77/84/91 + 10F QUIT DEB
A4: 108342 | B4: 108342 - DIMEBRAS DISTRIBUIDORA FARMACEUTICA LTDA | C4: MS | D4: 1438 | E4: 7896112114383 | F4: 1438 - ATENOLOL+CLORTALIDONA 100+25MGCOMP C/30 GEN | G4: GENÉRICO | H4: 100 | I4: 6.05 | J4: 605 | K4: 4455652 | L4: ES | M4: MATRIZ (GO) | N4: VCO-113 - COORD MS SELL IN SIM | O4: #K | P4: #K - 98/105A126+6F | Q4: V2M404 | R4: 9633 //PED APROVADO 29.4.2026 //PRAZO 98/105/112/119/126
A5: 108342 | B5: 108342 - DIMEBRAS DISTRIBUIDORA FARMACEUTICA LTDA | C5: MS | D5: 1438 | E5: 7896112114383 | F5: 1438 - ATENOLOL+CLORTALIDONA 100+25MGCOMP C/30 GEN | G5: GENÉRICO | H5: 100 | I5: 6.05 | J5: 605 | K5: 4469071 | L5: ES | M5: MATRIZ (GO) | N5: VCO-113 - COORD MS SELL IN SIM | O5: 0] | P5: 0] - 63/70A91+10F | Q5: M4V205 | R5: 9741 //PED APROVADO 22.5.2026 //PRAZO 63/70/77/84/91 + 10F QUIT DEB
A6: 108342 | B6: 108342 - DIMEBRAS DISTRIBUIDORA FARMACEUTICA LTDA | C6: MS | D6: 2261 | E6: 7896112122616 | F6: 2261 - LOZAN 200MG COMP C/30 ALU-ALU | G6: SIMILAR | H6: 200 | I6: 9.03 | J6: 1806 | K6: 4469071 | L6: ES | M6: MATRIZ (GO) | N6: VCO-113 - COORD MS SELL IN SIM | O6: 0] | P6: 0] - 63/70A91+10F | Q6: M4V205 | R6: 9741 //PED APROVADO 22.5.2026 //PRAZO 63/70/77/84/91 + 10F QUIT DEB
A7: 108342 | B7: 108342 - DIMEBRAS DISTRIBUIDORA FARMACEUTICA LTDA | C7: MS | D7: 4266 | E7: 7896112102663 | F7: 4266 - METRONIDAZOL 400MG COMP C/24 GEN | G7: GENÉRICO | H7: 240 | I7: 6.65 | J7: 1596 | K7: 4469173 | L7: ES | M7: MATRIZ (GO) | N7: VCO-113 - COORD MS SELL IN SIM | O7: 0] | P7: 0] - 63/70A91+10F | Q7: M4V205 | R7: 9741 //PED APROVADO 22.5.2026 //PRAZO 63/70/77/84/91 + 10F QUIT DEB
A8: 108342 | B8: 108342 - DIMEBRAS DISTRIBUIDORA FARMACEUTICA LTDA | C8: MS | D8: 4339 | E8: 7896112103394 | F8: 4339 - CLOPIDOGREL BISSUL 75MG COMP REV C/30 GEN | G8: GENÉRICO | H8: 1680 | I8: 8.39 | J8: 14095.2 | K8: 4465765 | L8: ES | M8: MATRIZ (GO) | N8: VCO-113 - COORD MS SELL IN SIM | O8: 0] | P8: 0] - 63/70A91+10F | Q8: M4V205 | R8: 9741 //PED APROVADO 22.5.2026 //PRAZO 63/70/77/84/91 + 10F QUIT DEB
A9: 108342 | B9: 108342 - DIMEBRAS DISTRIBUIDORA FARMACEUTICA LTDA | C9: MS | D9: 7147 | E9: 7896112171478 | F9: 7147 - RISPERIDONA (C1) 3MG COMP REVC/30 GEN | G9: GENÉRICO | H9: 216 | I9: 5.74 | J9: 1239.84 | K9: 4462004 | L9: ES | M9: MATRIZ (GO) | N9: VCO-113 - COORD MS SELL IN SIM | O9: 0] | P9: 0] - 63/70A91+10F | Q9: M4V205 | R9: 9741 //PED APROVADO 22.5.2026 //PRAZO 63/70/77/84/91 + 10F QUIT DEB
A10: 108342 | B10: 108342 - DIMEBRAS DISTRIBUIDORA FARMACEUTICA LTDA | C10: MS | D10: 8911 | E10: 7896112189114 | F10: 8911 - MICONAZOL NITR 20MG/G CR VAG80G C/14 APLIC | G10: NOTIFICAÇÃO SIMPLIFICADA | H10: 400 | I10: 10.57 | J10: 4228 | K10: 4469173 | L10: ES | M10: MATRIZ (GO) | N10: VCO-113 - COORD MS SELL IN SIM | O10: 0] | P10: 0] - 63/70A91+10F | Q10: M4V205 | R10: 9741 //PED APROVADO 22.5.2026 //PRAZO 63/70/77/84/91 + 10F QUIT DEB
A11: 108342 | B11: 108342 - DIMEBRAS DISTRIBUIDORA FARMACEUTICA LTDA | C11: MS | D11: 9190 | E11: 7896112191902 | F11: 9190 - MICOZEN 20MG/G CR VAG 80G C/14APLIC | G11: NOTIFICAÇÃO SIMPLIFICADA | H11: 100 | I11: 9.86 | J11: 986 | K11: 4469173 | L11: ES | M11: MATRIZ (GO) | N11: VCO-113 - COORD MS SELL IN SIM | O11: 0] | P11: 0] - 63/70A91+10F | Q11: M4V205 | R11: 9741 //PED APROVADO 22.5.2026 //PRAZO 63/70/77/84/91 + 10F QUIT DEB
A12: 108342 | B12: 108342 - DIMEBRAS DISTRIBUIDORA FARMACEUTICA LTDA | C12: MS | D12: 9192 | E12: 7896112191926 | F12: 9192 - HELMIZOL 100MG/G GEL VAG 50G C/10 APLIC | G12: SIMILAR | H12: 125 | I12: 5.46 | J12: 682.5 | K12: 4469173 | L12: ES | M12: MATRIZ (GO) | N12: VCO-113 - COORD MS SELL IN SIM | O12: 0] | P12: 0] - 63/70A91+10F | Q12: M4V205 | R12: 9741 //PED APROVADO 22.5.2026 //PRAZO 63/70/77/84/91 + 10F QUIT DEB
A13: 108342 | B13: 108342 - DIMEBRAS DISTRIBUIDORA FARMACEUTICA LTDA | C13: MS | D13: 9801 | E13: 7896112198017 | F13: 9801 - FINARID 5MG COMP REV C/30ALU-ALU | G13: SIMILAR | H13: 300 | I13: 8.36 | J13: 2508 | K13: 4469173 | L13: ES | M13: MATRIZ (GO) | N13: VCO-113 - COORD MS SELL IN SIM | O13: 0] | P13: 0] - 63/70A91+10F | Q13: M4V205 | R13: 9741 //PED APROVADO 22.5.2026 //PRAZO 63/70/77/84/91 + 10F QUIT DEB

Sheet PND
A1: PND ATIVA * | J1: =SUBTOTAL(9,J2:J1048576) -> 267763.82
A2: Codigo_Externo_Cliente | B2: Nome_Razao_Social | C2: UF | D2: Produto | E2: EAN | F2: Desc_Produto | G2: LINHA | H2: Qtd_Atual | I2: Vlr_Unitario | J2: Valor_Atual | K2: Pedido | L2: ORIGEM_DA_PENDENCIA | M2: ARMAZÉM ATUAL | N2: Coordenador_ERP | O2: Codigo_Condicao_Pagamento | P2: Descricao_Condicao_Pagamento | Q2: Regiao_Preco_Lista | R2: OBS_Pedido
A3: 108342 | B3: 108342 - DIMEBRAS DISTRIBUIDORA FARMACEUTICA LTDA | C3: MS | D3: 4746 | E3: 7896112107460 | F3: 4746 - AXETILCEFUROXIMA 500MG COMP C/14 GEN | G3: GENÉRICO | H3: 320 | I3: 22.71 | J3: 7267.2 | K3: 4461973 | L3: MAIO/2026 | M3: MATRIZ (GO) | N3: VCO-113 - COORD MS SELL IN SIM | O3: 0] | P3: 0] - 63/70A91+10F | Q3: M4V205 | R3: 9741
A4: 108342 | B4: 108342 - DIMEBRAS DISTRIBUIDORA FARMACEUTICA LTDA | C4: MS | D4: 4746 | E4: 7896112107460 | F4: 4746 - AXETILCEFUROXIMA 500MG COMP C/14 GEN | G4: GENÉRICO | H4: 160 | I4: 21.67 | J4: 3467.2 | K4: 4467717 | L4: JUNHO/2026 | M4: MATRIZ (GO) | N4: VCO-113 - COORD MS SELL IN SIM | O4: 8{ | P4: 8{ - 84/91A112+10F | Q4: P1V106 | R4: 9832
A5: 108342 | B5: 108342 - DIMEBRAS DISTRIBUIDORA FARMACEUTICA LTDA | C5: MS | D5: 7135 | E5: 7896112171355 | F5: 7135 - RISPERIDONA (C1) 1MG COMP REVC/30 GEN | G5: GENÉRICO | H5: 216 | I5: 4 | J5: 864 | K5: 4467739 | L5: JUNHO/2026 | M5: MATRIZ (GO) | N5: VCO-113 - COORD MS SELL IN SIM | O5: 8{ | P5: 8{ - 84/91A112+10F | Q5: P1V106 | R5: 9832
A6: 108342 | B6: 108342 - DIMEBRAS DISTRIBUIDORA FARMACEUTICA LTDA | C6: MS | D6: 4832 | E6: 7896112108320 | F6: 4832 - KIT BIO LENT SOL P / LENTE CONTATO 350ML+120ML | G6: SIMILAR | H6: 720 | I6: 19.1129 | J6: 13761.317 | K6: 4467742 | L6: JUNHO/2026 | M6: MATRIZ (GO) | N6: VCO-113 - COORD MS SELL IN SIM | O6: 8{ | P6: 8{ - 84/91A112+10F | Q6: P1V106 | R6: 9832
A7: 108342 | B7: 108342 - DIMEBRAS DISTRIBUIDORA FARMACEUTICA LTDA | C7: MS | D7: 4156 | E7: 7896112101567 | F7: 4156 - PARACETAMOL 750MG COMP C/20 | G7: GENÉRICO | H7: 1000 | I7: 2.89 | J7: 2890 | K7: 4467887 | L7: JUNHO/2026 | M7: FILIAL (ES) | N7: VCO-113 - COORD MS SELL IN SIM | O7: 8{ | P7: 8{ - 84/91A112+10F | Q7: P1V106 | R7: 9832
A8: 108342 | B8: 108342 - DIMEBRAS DISTRIBUIDORA FARMACEUTICA LTDA | C8: MS | D8: 5118 | E8: 7896112151180 | F8: 5118 - LANS + CLARIT + AMOX C/7BL + 28 CAPS DE LANZ GEN | G8: GENÉRICO | H8: 120 | I8: 43.19 | J8: 5182.8 | K8: 4469177 | L8: JUNHO/2026 | M8: MATRIZ (GO) | N8: VCO-113 - COORD MS SELL IN SIM | O8: 8{ | P8: 8{ - 84/91A112+10F | Q8: P1V106 | R8: 9832
A9: 108342 | B9: 108342 - DIMEBRAS DISTRIBUIDORA FARMACEUTICA LTDA | C9: MS | D9: 5364 | E9: 7896112153641 | F9: 5364 - NENFY 100MG COMP MAST C/30 | G9: SIMILAR | H9: 200 | I9: 15.71 | J9: 3142 | K9: 4469177 | L9: JUNHO/2026 | M9: MATRIZ (GO) | N9: VCO-113 - COORD MS SELL IN SIM | O9: 8{ | P9: 8{ - 84/91A112+10F | Q9: P1V106 | R9: 9832
A10: 108342 | B10: 108342 - DIMEBRAS DISTRIBUIDORA FARMACEUTICA LTDA | C10: MS | D10: 1876 | E10: 7896112118763 | F10: 1876 - PYLORITRAT IBP 30MG + 500MG +500MG +28 CAPS | G10: SIMILAR | H10: 300 | I10: 41.73 | J10: 12519 | K10: 4470829 | L10: JUNHO/2026 | M10: FILIAL (ES) | N10: VCO-113 - COORD MS SELL IN SIM | O10: 8{ | P10: 8{ - 84/91A112+10F | Q10: P1V106 | R10: 9832
A11: 108342 | B11: 108342 - DIMEBRAS DISTRIBUIDORA FARMACEUTICA LTDA | C11: MS | D11: 2367 | E11: 7896112123675 | F11: 2367 - NAPROX 500MG COMP C/20 | G11: SIMILAR | H11: 400 | I11: 6.8 | J11: 2720 | K11: 4470829 | L11: JUNHO/2026 | M11: FILIAL (ES) | N11: VCO-113 - COORD MS SELL IN SIM | O11: 8{ | P11: 8{ - 84/91A112+10F | Q11: P1V106 | R11: 9832
A12: 108342 | B12: 108342 - DIMEBRAS DISTRIBUIDORA FARMACEUTICA LTDA | C12: MS | D12: 2583 | E12: 7896112125839 | F12: 2583 - VENAFLON 450+50MG COMP REV C/60 | G12: SIMILAR | H12: 800 | I12: 21.77 | J12: 17416 | K12: 4470829 | L12: JUNHO/2026 | M12: FILIAL (ES) | N12: VCO-113 - COORD MS SELL IN SIM | O12: 8{ | P12: 8{ - 84/91A112+10F | Q12: P1V106 | R12: 9832
A13: 108342 | B13: 108342 - DIMEBRAS DISTRIBUIDORA FARMACEUTICA LTDA | C13: MS | D13: 2876 | E13: 7896112128762 | F13: 2876 - ACICLOVIR 200MG C/25 COMP GEN | G13: GENÉRICO | H13: 200 | I13: 5.95 | J13: 1190 | K13: 4470829 | L13: JUNHO/2026 | M13: FILIAL (ES) | N13: VCO-113 - COORD MS SELL IN SIM | O13: 8{ | P13: 8{ - 84/91A112+10F | Q13: P1V106 | R13: 9832
A14: 108342 | B14: 108342 - DIMEBRAS DISTRIBUIDORA FARMACEUTICA LTDA | C14: MS | D14: 2884 | E14: 7896112128847 | F14: 2884 - ACICLOVIR 50MG/G CR 10G GEN | G14: GENÉRICO | H14: 450 | I14: 3.46 | J14: 1557 | K14: 4470829 | L14: JUNHO/2026 | M14: FILIAL (ES) | N14: VCO-113 - COORD MS SELL IN SIM | O14: 8{ | P14: 8{ - 84/91A112+10F | Q14: P1V106 | R14: 9832
... A61: 108342 | B61: 108342 - DIMEBRAS DISTRIBUIDORA FARMACEUTICA LTDA | C61: MS | D61: 4131 | E61: 7896112101314 | F61: 4131 - IBUPRIL 100MGML SUSP ORAL GTS20 ML | G61: SIMILAR | H61: 560 | I61: 2.63 | J61: 1472.8 | K61: 4472023 | L61: JUNHO/2026 | M61: MATRIZ (GO) | N61: VCO-113 - COORD MS SELL IN SIM | O61: .{ | P61: .{ - 91A119+10,00F | Q61: V2M506 | R61: 9871

Sheet FATURADO
A1: PERÍODO 01.05.2026 A 09.07.2026 | N1: =SUBTOTAL(9,N2:N1048576) -> 1865175.5 | O1: =SUBTOTAL(9,O2:O1048576) -> 1871459.2
A2: PEDBPCS | B2: CODCLI | C2: NOMECLI | D2: UF | E2: POR ONDE FATUROU | F2: NF | G2: DATANF | H2: CODITEM | I2: EAN | J2: DESCRITEM | K2: LINHA | L2: QTDE | M2: VLR UNITARIO DO ITEM | N2: VLR TOTAL DO ITEM | O2: VLR CONTABIL COM ST | P2: PEDCLIENTE
A3: 2690382 | B3: 108342 | C3: DIMEBRAS DISTRIBUIDORA FARMACEUTICA LTDA | D3: MS | E3: MATRIZ (GO) | F3: 56720 | G3: 01/05/2026 | H3: 3386 | I3: 7896112133865 | J3: NEOM+BACIT 5MG+250UI/G POM 15GGEN | K3: GENÉRICO | L3: 360 | M3: 3.28 | N3: 1180.8 | O3: 1180.8 | P3: 9409
A4: 2690388 | B4: 108342 | C4: DIMEBRAS DISTRIBUIDORA FARMACEUTICA LTDA | D4: MS | E4: MATRIZ (GO) | F4: 56731 | G4: 01/05/2026 | H4: 8100 | I4: 7896112181002 | J4: PROMETAZINA 20MG/G CR 30G OURO GEN | K4: GENÉRICO | L4: 360 | M4: 7.16 | N4: 2577.6 | O4: 2577.6 | P4: 9503
A5: 2691197 | B5: 108342 | C5: DIMEBRAS DISTRIBUIDORA FARMACEUTICA LTDA | D5: MS | E5: MATRIZ (GO) | F5: 56758 | G5: 01/05/2026 | H5: 4165 | I5: 7896112101659 | J5: PAROXETINA HCL 20MG (C1) COMP REV C/30 GEN | K5: GENÉRICO | L5: 1000 | M5: 4.28 | N5: 4280 | O5: 4280 | P5: 9577
A6: 2691208 | B6: 108342 | C6: DIMEBRAS DISTRIBUIDORA FARMACEUTICA LTDA | D6: MS | E6: MATRIZ (GO) | F6: 56761 | G6: 01/05/2026 | H6: 2111 | I6: 7896112121114 | J6: QUETIAPINA HEMIF 100MG(C1) COMP REV C/30 GEN | K6: GENÉRICO | L6: 2500 | M6: 11.25 | N6: 28125 | O6: 28125 | P6: 9577
A7: 2690422 | B7: 108342 | C7: DIMEBRAS DISTRIBUIDORA FARMACEUTICA LTDA | D7: MS | E7: MATRIZ (GO) | F7: 56782 | G7: 01/05/2026 | H7: 2891 | I7: 7896112128915 | J7: HELMIZOL 400MG COMP C/24 | K7: SIMILAR | L7: 400 | M7: 5.36 | N7: 2144 | O7: 2144 | P7: 9577
A8: 2692415 | B8: 108342 | C8: DIMEBRAS DISTRIBUIDORA FARMACEUTICA LTDA | D8: MS | E8: FILIAL (ES) | F8: 3262 | G8: 01/05/2026 | H8: 4156 | I8: 7896112101567 | J8: PARACETAMOL 750MG COMP C/20 | K8: GENÉRICO | L8: 2000 | M8: 2.23 | N8: 4460 | O8: 4460 | P8: 9577
A9: 2691196 | B9: 108342 | C9: DIMEBRAS DISTRIBUIDORA FARMACEUTICA LTDA | D9: MS | E9: MATRIZ (GO) | F9: 56871 | G9: 01/05/2026 | H9: 8100 | I9: 7896112181002 | J9: PROMETAZINA 20MG/G CR 30G OURO GEN | K9: GENÉRICO | L9: 900 | M9: 7.16 | N9: 6444 | O9: 6444 | P9: 9577
A10: 2691624 | B10: 108342 | C10: DIMEBRAS DISTRIBUIDORA FARMACEUTICA LTDA | D10: MS | E10: MATRIZ (GO) | F10: 56893 | G10: 01/05/2026 | H10: 4339 | I10: 7896112103394 | J10: CLOPIDOGREL BISSUL 75MG COMP REV C/30 GEN | K10: GENÉRICO | L10: 840 | M10: 8.43 | N10: 7081.2 | O10: 7081.2 | P10: 9409
A11: 2691627 | B11: 108342 | C11: DIMEBRAS DISTRIBUIDORA FARMACEUTICA LTDA | D11: MS | E11: MATRIZ (GO) | F11: 56895 | G11: 01/05/2026 | H11: 4339 | I11: 7896112103394 | J11: CLOPIDOGREL BISSUL 75MG COMP REV C/30 GEN | K11: GENÉRICO | L11: 840 | M11: 8.58 | N11: 7207.2 | O11: 7207.2 | P11: 9503
A12: 2691660 | B12: 108342 | C12: DIMEBRAS DISTRIBUIDORA FARMACEUTICA LTDA | D12: MS | E12: MATRIZ (GO) | F12: 56919 | G12: 01/05/2026 | H12: 30 | I12: 7896112140306 | J12: DEXAVISON COL 5ML | K12: SIMILAR | L12: 3000 | M12: 2.2 | N12: 6600 | O12: 6600 | P12: 9503
A13: 2691687 | B13: 108342 | C13: DIMEBRAS DISTRIBUIDORA FARMACEUTICA LTDA | D13: MS | E13: MATRIZ (GO) | F13: 56920 | G13: 01/05/2026 | H13: 30 | I13: 7896112140306 | J13: DEXAVISON COL 5ML | K13: SIMILAR | L13: 2000 | M13: 2.14 | N13: 4280 | O13: 4280 | P13: 9409
A14: 2692665 | B14: 108342 | C14: DIMEBRAS DISTRIBUIDORA FARMACEUTICA LTDA | D14: MS | E14: MATRIZ (GO) | F14: 56934 | G14: 01/05/2026 | H14: 4400 | I14: 7896112104001 | J14: FEXOFENADINA HCL 180MG COMP REV C/10 GEN | K14: GENÉRICO | L14: 150 | M14: 9.28 | N14: 1392 | O14: 1392 | P14: 9577
... A310: 2707438 | B310: 108342 | C310: DIMEBRAS DISTRIBUIDORA FARMACEUTICA LTDA | D310: MS | E310: MATRIZ (GO) | F310: 69142 | G310: 02/07/2026 | H310: 5118 | I310: 7896112151180 | J310: LANS + CLARIT + AMOX C/7BL + 28 CAPS DE LANZ GEN | K310: GENÉRICO | L310: 120 | M310: 42.34 | N310: 5080.8 | O310: 5080.8 | P310: 9871
A311: 2706381 | B311: 108342 | C311: DIMEBRAS DISTRIBUIDORA FARMACEUTICA LTDA | D311: MS | F311: 5714 | G311: 03/07/2026 | H311: 3297 | I311: 7896112132974 | J311: HIDROCORT ACETA 1% CR 30G GEN | K311: GENÉRICO | L311: 270 | M311: 6.6 | N311: 1782 | O311: 1782 | P311: 9832
A312: 2706381 | B312: 108342 | C312: DIMEBRAS DISTRIBUIDORA FARMACEUTICA LTDA | D312: MS | F312: 5714 | G312: 03/07/2026 | H312: 859 | I312: 7896112148593 | J312: DICLOFENACO RES 15MG/ML SUSP GTS 20ML GEN | K312: GENÉRICO | L312: 3000 | M312: 4.68 | N312: 14040 | O312: 14040 | P312: 9832
A313: 2707080 | B313: 108342 | C313: DIMEBRAS DISTRIBUIDORA FARMACEUTICA LTDA | D313: MS | F313: 5740 | G313: 06/07/2026 | H313: 6565 | I313: 7896112165651 | J313: HIDROCLOROTIAZIDA 25MG COMP C 30 GEN | K313: GENÉRICO | L313: 4000 | M313: 0.98 | N313: 3920 | O313: 3920 | P313: 9871
A314: 2707080 | B314: 108342 | C314: DIMEBRAS DISTRIBUIDORA FARMACEUTICA LTDA | D314: MS | F314: 5740 | G314: 06/07/2026 | H314: 5836 | I314: 7896112158363 | J314: IBUPRIL 600MG COMP C/20 | K314: SIMILAR | L314: 6000 | M314: 2.84 | N314: 17040 | O314: 17040 | P314: 9871
A315: 2707080 | B315: 108342 | C315: DIMEBRAS DISTRIBUIDORA FARMACEUTICA LTDA | D315: MS | F315: 5740 | G315: 06/07/2026 | H315: 4251 | I315: 7896112102519 | J315: METRONIDAZOL 250MG COMP C/20 GEN | K315: GENÉRICO | L315: 300 | M315: 3.98 | N315: 1194 | O315: 1194 | P315: 9871
A316: 2707080 | B316: 108342 | C316: DIMEBRAS DISTRIBUIDORA FARMACEUTICA LTDA | D316: MS | F316: 5740 | G316: 06/07/2026 | H316: 868 | I316: 7896112148685 | J316: PROFERGAN 25MG COMP REV C/20 | K316: SIMILAR | L316: 1000 | M316: 2.4 | N316: 2400 | O316: 2400 | P316: 9871
A317: 2707080 | B317: 108342 | C317: DIMEBRAS DISTRIBUIDORA FARMACEUTICA LTDA | D317: MS | F317: 5740 | G317: 06/07/2026 | H317: 4053 | I317: 7896112100539 | J317: PROMETAZINA HCL 25MG COMP REVC/20 GEN | K317: GENÉRICO | L317: 1000 | M317: 2.61 | N317: 2610 | O317: 2610 | P317: 9871
A318: 2707080 | B318: 108342 | C318: DIMEBRAS DISTRIBUIDORA FARMACEUTICA LTDA | D318: MS | F318: 5740 | G318: 06/07/2026 | H318: 9739 | I318: 7896112197393 | J318: TENOFTAL 0,5% SOL OFT 5ML | K318: SIMILAR | L318: 200 | M318: 2.53 | N318: 506 | O318: 506 | P318: 9871
A319: 2707080 | B319: 108342 | C319: DIMEBRAS DISTRIBUIDORA FARMACEUTICA LTDA | D319: MS | F319: 5740 | G319: 06/07/2026 | H319: 2582 | I319: 7896112125822 | J319: VENAFLON 450+50MG COMP REV C/30 | K319: SIMILAR | L319: 600 | M319: 11.21 | N319: 6726 | O319: 6726 | P319: 9871
A320: 2707080 | B320: 108342 | C320: DIMEBRAS DISTRIBUIDORA FARMACEUTICA LTDA | D320: MS | F320: 5740 | G320: 06/07/2026 | H320: 859 | I320: 7896112148593 | J320: DICLOFENACO RES 15MG/ML SUSP GTS 20ML GEN | K320: GENÉRICO | L320: 500 | M320: 4.59 | N320: 2295 | O320: 2295 | P320: 9871
A321: 2707080 | B321: 108342 | C321: DIMEBRAS DISTRIBUIDORA FARMACEUTICA LTDA | D321: MS | F321: 5740 | G321: 06/07/2026 | H321: 2743 | I321: 7896112127437 | J321: DEXCL+BETAM MAL XPE 120ML GENPET | K321: GENÉRICO | L321: 600 | M321: 3.32 | N321: 1992 | O321: 1992 | P321: 9871
A322: 2707080 | B322: 108342 | C322: DIMEBRAS DISTRIBUIDORA FARMACEUTICA LTDA | D322: MS | F322: 5740 | G322: 06/07/2026 | H322: 764 | I322: 7896112147640 | J322: AERODINI 100MCG/JATO-DOSE SPRAY C/200 DOSES | K322: SIMILAR | L322: 10000 | M322: 10.71 | N322: 107100 | O322: 107100 | P322: 9871
... A335: 2707081 | B335: 108342 | C335: DIMEBRAS DISTRIBUIDORA FARMACEUTICA LTDA | D335: MS | F335: 5754 | G335: 06/07/2026 | H335: 4647 | I335: 7896112106470 | J335: CELECOXIBE 200 MG (C1) CÁPS DURA C/10 GEN | K335: GENÉRICO | L335: 1000 | M335: 3.94 | N335: 3940 | O335: 3940 | P335: 9871

Sheet SEPARAÇÃO
A1: PERÍODO 01.05.2026 A 09.07.2026 | P1: =SUBTOTAL(9,P3:P1048576) -> 0
A2: Estab. | B2: Pedido | C2: Cód.Cliente | D2: Cliente | E2: Nº. Pedido Cliente | F2: Estado | G2: POR ONDE FATUROU | H2: Status | I2: Produto | J2: EAN | K2: Descrição Produto | L2: LINHA | M2: Qtde Faturada | N2: Valor Unitário Item | O2: Valor Total Item | P2: Valor Final
