Workbook

Sheet Planilha1
G2: SELECIONE O ESTADO DESEJADO ---> | H2: PR | M2: PREÇO S/REPASSE | O2: PREÇO C/REPASSE
G3: ALÍCOTA ICMS: | H3: =VLOOKUP($H$2,[1]REPASSE!A:D,3,0) -> 0.195 | I3: =IF(OR(H2="SP",H2="MG",H2="RJ"),"18%","")
G4: % REPASSE: | H4: =VLOOKUP($H$2,[1]REPASSE!A:D,4,0) -> 0.0852
G5: PROCV PF por UF--> | H5: =VLOOKUP($H$2,[2]BASE!$D:$H,5,0) -> 14
G6: PROCV PF 18% --> | H6: =IF(OR(H2="SP",H2="MG",H2="RJ"),6,"")
G7: PARÂMETRO PROCV
B8: Linha | C8: SAP | D8: Ean | E8: Cluster | F8: Família | G8: Produto | H8: Lista | I8: Apresentação | J8: ESTRATEGICOS COMERCIAL | K8: FECP RJ | L8: PF R$ | M8: Atacado | N8: % Repasse | O8: Atacado | P8: Atacado | U8: =_xlfn.XLOOKUP(H3,T10:T22,U10:U22) -> 16
B9: OTC | C9: 33022 | D9: 7896004712673 | E9: INVERNO | F9: ALERGALIV | G9: ALERGALIV CPR 10mg x 15 | H9: NEGATIVA | I9: 3 BLT X 5 COMP | J9: OUTROS | K9: NÃO | L9: =IF(ISERROR(VLOOKUP($C9,[1]TABELA_PREÇOS!B:W,$U$8,FALSE))=TRUE,"",VLOOKUP($C9,[1]TABELA_PREÇOS!B:W,$U$8,FALSE)) -> 18.27 | M9: =$L9-($L9*P9) -> 1.2161426 | N9: =$H$4 -> 0.0852 | O9: =M9*(1-$N9) -> 1.1125272 | P9: =_xlfn.XLOOKUP(C9&$H$2,[1]POLITICA!A:A,[1]POLITICA!F:F)/100 -> 0.933435 | T9: % | U9: coluna
B10: OTC | C10: 32568 | D10: 7894916325684 | E10: INVERNO | F10: ALERGALIV | G10: ALERGALIV XAR. 1.00MG 100ML x 1 /ML | H10: NEGATIVA | I10: FR X 100 ML | J10: OUTROS | K10: NÃO | L10: =IF(ISERROR(VLOOKUP($C10,[1]TABELA_PREÇOS!B:W,$U$8,FALSE))=TRUE,"",VLOOKUP($C10,[1]TABELA_PREÇOS!B:W,$U$8,FALSE)) -> 48.11 | M10: =$L10-($L10*P10) -> 5.2381133 | N10: =$H$4 -> 0.0852 | O10: =M10*(1-$N10) -> 4.791826 | P10: =_xlfn.XLOOKUP(C10&$H$2,[1]POLITICA!A:A,[1]POLITICA!F:F)/100 -> 0.89112215 | T10: 0.2 | U10: 15
B11: TAR | C11: 32468 | D11: 7896004778334 | E11: DERMA | F11: ALLOVITA | G11: ALLOVITA 50MG/ML SOL CAPI 2 FR50ML-L | H11: NEGATIVA | I11: FR C/ 50ML | J11: SUPER MARCAS | K11: NÃO | L11: =IF(ISERROR(VLOOKUP($C11,[1]TABELA_PREÇOS!B:W,$U$8,FALSE))=TRUE,"",VLOOKUP($C11,[1]TABELA_PREÇOS!B:W,$U$8,FALSE)) -> 71.81 | M11: =$L11-($L11*P11) -> 48.597688 | N11: =$H$4 -> 0.0852 | O11: =M11*(1-$N11) -> 44.457165 | P11: =_xlfn.XLOOKUP(C11&$H$2,[1]POLITICA!A:A,[1]POLITICA!F:F)/100 -> 0.32324623
B12: TAR | C12: 32469 | D12: 7896004778341 | E12: DERMA | F12: ALLOVITA | G12: ALLOVITA 50MG/ML SOL CAPI 3 FR50ML-L | H12: NEGATIVA | I12: FR C/ 50ML | J12: SUPER MARCAS | K12: NÃO | L12: =IF(ISERROR(VLOOKUP($C12,[1]TABELA_PREÇOS!B:W,$U$8,FALSE))=TRUE,"",VLOOKUP($C12,[1]TABELA_PREÇOS!B:W,$U$8,FALSE)) -> 103.16 | M12: =$L12-($L12*P12) -> 66.864045 | N12: =$H$4 -> 0.0852 | O12: =M12*(1-$N12) -> 61.167228 | P12: =_xlfn.XLOOKUP(C12&$H$2,[1]POLITICA!A:A,[1]POLITICA!F:F)/100 -> 0.35184137 | T12: 0.18 | U12: 18
B13: TAR | C13: 32576 | D13: 7894916325769 | E13: DERMA | F13: ALLOVITA | G13: ALLOVITA 50MG/ML SOL CAPILAR FR50ML-L | H13: NEGATIVA | I13: FR C/ 50ML | J13: SUPER MARCAS | K13: NÃO | L13: =IF(ISERROR(VLOOKUP($C13,[1]TABELA_PREÇOS!B:W,$U$8,FALSE))=TRUE,"",VLOOKUP($C13,[1]TABELA_PREÇOS!B:W,$U$8,FALSE)) -> 48.29 | M13: =$L13-($L13*P13) -> 32.169426 | N13: =$H$4 -> 0.0852 | O13: =M13*(1-$N13) -> 29.428591 | P13: =_xlfn.XLOOKUP(C13&$H$2,[1]POLITICA!A:A,[1]POLITICA!F:F)/100 -> 0.33382842 | T13: 0.17 | U13: 20
B14: OTC | C14: 60638 | D14: 7896004726793 | E14: OTC | F14: BENGUE | G14: BALSAMO BENGUE AEROSOL 60G | H14: =_xlfn.XLOOKUP($C14,[1]TABELA_PREÇOS!$B:$B,[1]TABELA_PREÇOS!J:J) -> NEGATIVA | J14: OTC | K14: NÃO | L14: =IF(ISERROR(VLOOKUP($C14,[1]TABELA_PREÇOS!B:W,$U$8,FALSE))=TRUE,"",VLOOKUP($C14,[1]TABELA_PREÇOS!B:W,$U$8,FALSE)) -> 37.16 | M14: =$L14-($L14*P14) -> 24.8972 | N14: =$H$4 -> 0.0852 | O14: =M14*(1-$N14) -> 22.775959 | P14: =_xlfn.XLOOKUP(C14&$H$2,[1]POLITICA!A:A,[1]POLITICA!F:F)/100 -> 0.33 | T14: 0.175 | U14: 19
B15: OTC | C15: 60649 | D15: 7896004754130 | E15: OTC | F15: BENGUE | G15: BALSAMO BENGUE AEROSSOL 120G | H15: =_xlfn.XLOOKUP($C15,[1]TABELA_PREÇOS!$B:$B,[1]TABELA_PREÇOS!J:J) -> NEGATIVA | J15: OTC | K15: NÃO | L15: =IF(ISERROR(VLOOKUP($C15,[1]TABELA_PREÇOS!B:W,$U$8,FALSE))=TRUE,"",VLOOKUP($C15,[1]TABELA_PREÇOS!B:W,$U$8,FALSE)) -> 58.08 | M15: =$L15-($L15*P15) -> 38.9136 | N15: =$H$4 -> 0.0852 | O15: =M15*(1-$N15) -> 35.598161 | P15: =_xlfn.XLOOKUP(C15&$H$2,[1]POLITICA!A:A,[1]POLITICA!F:F)/100 -> 0.33 | T15: 0.12 | U15: 21
B16: OTC | C16: 1583 | D16: 7896004753638 | E16: OTC | F16: BENGUE | G16: BALSAMO BENGUE GEL 60G - E | H16: =_xlfn.XLOOKUP($C16,[1]TABELA_PREÇOS!$B:$B,[1]TABELA_PREÇOS!J:J) -> NEGATIVA | J16: OTC | K16: NÃO | L16: =IF(ISERROR(VLOOKUP($C16,[1]TABELA_PREÇOS!B:W,$U$8,FALSE))=TRUE,"",VLOOKUP($C16,[1]TABELA_PREÇOS!B:W,$U$8,FALSE)) -> 36.26 | M16: =$L16-($L16*P16) -> 24.2942 | N16: =$H$4 -> 0.0852 | O16: =M16*(1-$N16) -> 22.224334 | P16: =_xlfn.XLOOKUP(C16&$H$2,[1]POLITICA!A:A,[1]POLITICA!F:F)/100 -> 0.33 | T16: 0.19 | U16: 17
B17: OTC | C17: 60016 | D17: 7896004817576 | E17: OTC | F17: BENGUE | G17: BALSAMO BENGUE GEL20G | H17: =_xlfn.XLOOKUP($C17,[1]TABELA_PREÇOS!$B:$B,[1]TABELA_PREÇOS!J:J) -> NEGATIVA | J17: OTC | K17: NÃO | L17: =IF(ISERROR(VLOOKUP($C17,[1]TABELA_PREÇOS!B:W,$U$8,FALSE))=TRUE,"",VLOOKUP($C17,[1]TABELA_PREÇOS!B:W,$U$8,FALSE)) -> 21.36 | M17: =$L17-($L17*P17) -> 14.3112 | N17: =$H$4 -> 0.0852 | O17: =M17*(1-$N17) -> 13.091886 | P17: =_xlfn.XLOOKUP(C17&$H$2,[1]POLITICA!A:A,[1]POLITICA!F:F)/100 -> 0.33 | T17: 0.21 | U17: 13
B18: OTC | C18: 60015 | D18: 7896004817569 | E18: OTC | F18: BENGUE | G18: BALSAMO BENGUE POM20G | H18: =_xlfn.XLOOKUP($C18,[1]TABELA_PREÇOS!$B:$B,[1]TABELA_PREÇOS!J:J) -> NEGATIVA | J18: OTC | K18: NÃO | L18: =IF(ISERROR(VLOOKUP($C18,[1]TABELA_PREÇOS!B:W,$U$8,FALSE))=TRUE,"",VLOOKUP($C18,[1]TABELA_PREÇOS!B:W,$U$8,FALSE)) -> 22.49 | M18: =$L18-($L18*P18) -> 15.0683 | N18: =$H$4 -> 0.0852 | O18: =M18*(1-$N18) -> 13.784481 | P18: =_xlfn.XLOOKUP(C18&$H$2,[1]POLITICA!A:A,[1]POLITICA!F:F)/100 -> 0.33 | T18: 0.22 | U18: 12
B19: OTC | C19: 1582 | D19: 7896004753621 | E19: OTC | F19: BENGUE | G19: BALSAMO BENGUE POMADA 60G - E | H19: =_xlfn.XLOOKUP($C19,[1]TABELA_PREÇOS!$B:$B,[1]TABELA_PREÇOS!J:J) -> NEGATIVA | J19: OTC | K19: NÃO | L19: =IF(ISERROR(VLOOKUP($C19,[1]TABELA_PREÇOS!B:W,$U$8,FALSE))=TRUE,"",VLOOKUP($C19,[1]TABELA_PREÇOS!B:W,$U$8,FALSE)) -> 38.11 | M19: =$L19-($L19*P19) -> 25.5337 | N19: =$H$4 -> 0.0852 | O19: =M19*(1-$N19) -> 23.358229 | P19: =_xlfn.XLOOKUP(C19&$H$2,[1]POLITICA!A:A,[1]POLITICA!F:F)/100 -> 0.33 | T19: 0.205 | U19: 14
B20: OTC | C20: 2723 | D20: =_xlfn.XLOOKUP(C20,[1]TABELA_PREÇOS!B:B,[1]TABELA_PREÇOS!C:C) -> 7896004793740 | E20: OTC | F20: =_xlfn.XLOOKUP($C20,[1]TABELA_PREÇOS!$B:$B,[1]TABELA_PREÇOS!E:E) -> BALSAMO BENGUE | G20: =_xlfn.XLOOKUP($C20,[1]TABELA_PREÇOS!$B:$B,[1]TABELA_PREÇOS!G:G) -> BENGPRO | H20: =_xlfn.XLOOKUP($C20,[1]TABELA_PREÇOS!$B:$B,[1]TABELA_PREÇOS!J:J) -> NEGATIVA | J20: OTC | K20: NÃO | L20: =IF(ISERROR(VLOOKUP($C20,[1]TABELA_PREÇOS!B:W,$U$8,FALSE))=TRUE,"",VLOOKUP($C20,[1]TABELA_PREÇOS!B:W,$U$8,FALSE)) -> 40.11 | M20: =$L20-($L20*P20) -> 26.8737 | N20: =$H$4 -> 0.0852 | O20: =M20*(1-$N20) -> 24.584061 | P20: =_xlfn.XLOOKUP(C20&$H$2,[1]POLITICA!A:A,[1]POLITICA!F:F)/100 -> 0.33 | T20: 0.195 | U20: 16
B21: OTC | C21: 2724 | D21: =_xlfn.XLOOKUP(C21,[1]TABELA_PREÇOS!B:B,[1]TABELA_PREÇOS!C:C) -> 7896004793757 | E21: OTC | F21: =_xlfn.XLOOKUP($C21,[1]TABELA_PREÇOS!$B:$B,[1]TABELA_PREÇOS!E:E) -> BALSAMO BENGUE | G21: BENGPRO AEROSOL 60G - E | H21: =_xlfn.XLOOKUP($C21,[1]TABELA_PREÇOS!$B:$B,[1]TABELA_PREÇOS!J:J) -> NEGATIVA | J21: OTC | K21: NÃO | L21: =IF(ISERROR(VLOOKUP($C21,[1]TABELA_PREÇOS!B:W,$U$8,FALSE))=TRUE,"",VLOOKUP($C21,[1]TABELA_PREÇOS!B:W,$U$8,FALSE)) -> 40.51 | M21: =$L21-($L21*P21) -> 27.1417 | N21: =$H$4 -> 0.0852 | O21: =M21*(1-$N21) -> 24.829227 | P21: =_xlfn.XLOOKUP(C21&$H$2,[1]POLITICA!A:A,[1]POLITICA!F:F)/100 -> 0.33 | T21: 0.23 | U21: 10
B22: OTC | C22: 36003 | D22: 7896004810140 | E22: GASTROINTESTINAL | F22: BISMU-JET | G22: BISMU-JET LIQD 20ML x 1 | H22: NEGATIVA | I22: FR X 20 ML | J22: SUPER MARCAS | K22: NÃO | L22: =IF(ISERROR(VLOOKUP($C22,[1]TABELA_PREÇOS!B:W,$U$8,FALSE))=TRUE,"",VLOOKUP($C22,[1]TABELA_PREÇOS!B:W,$U$8,FALSE)) -> 33.24 | M22: =$L22-($L22*P22) -> 14.30928 | N22: =$H$4 -> 0.0852 | O22: =M22*(1-$N22) -> 13.09013 | P22: =_xlfn.XLOOKUP(C22&$H$2,[1]POLITICA!A:A,[1]POLITICA!F:F)/100 -> 0.56951624 | T22: 0.225 | U22: 11
B23: OTC | C23: 2532 | D23: 7896004780085 | E23: OTC | F23: CALADRYL | G23: CALADRYL AEROSSOL POS SOL 150ML NP - E | H23: =_xlfn.XLOOKUP($C23,[1]TABELA_PREÇOS!$B:$B,[1]TABELA_PREÇOS!J:J) -> NEGATIVA | J23: OTC | K23: NÃO | L23: =IF(ISERROR(VLOOKUP($C23,[1]TABELA_PREÇOS!B:W,$U$8,FALSE))=TRUE,"",VLOOKUP($C23,[1]TABELA_PREÇOS!B:W,$U$8,FALSE)) -> 40.13 | M23: =$L23-($L23*P23) -> 28.8936 | N23: 0 | O23: =M23*(1-$N23) -> 28.8936 | P23: =_xlfn.XLOOKUP(C23&$H$2,[1]POLITICA!A:A,[1]POLITICA!F:F)/100 -> 0.28
B24: OTC | C24: 2631 | D24: =_xlfn.XLOOKUP(C24,[1]TABELA_PREÇOS!B:B,[1]TABELA_PREÇOS!C:C) -> 7896004800004 | E24: OTC | F24: =_xlfn.XLOOKUP($C24,[1]TABELA_PREÇOS!$B:$B,[1]TABELA_PREÇOS!E:E) -> CALADRYL | G24: CALADRYL CALMANTE X 200 ML | H24: =_xlfn.XLOOKUP($C24,[1]TABELA_PREÇOS!$B:$B,[1]TABELA_PREÇOS!J:J) -> NEGATIVA | J24: OTC | K24: NÃO | L24: =IF(ISERROR(VLOOKUP($C24,[1]TABELA_PREÇOS!B:W,$U$8,FALSE))=TRUE,"",VLOOKUP($C24,[1]TABELA_PREÇOS!B:W,$U$8,FALSE)) -> 67.8 | M24: =$L24-($L24*P24) -> 48.816 | N24: =$H$4 -> 0.0852 | O24: =M24*(1-$N24) -> 44.656877 | P24: =_xlfn.XLOOKUP(C24&$H$2,[1]POLITICA!A:A,[1]POLITICA!F:F)/100 -> 0.28
B25: OTC | C25: 2531 | D25: 7896004780078 | E25: OTC | F25: CALADRYL | G25: CALADRYL CREME POS SOL 28G NP - E | H25: =_xlfn.XLOOKUP($C25,[1]TABELA_PREÇOS!$B:$B,[1]TABELA_PREÇOS!J:J) -> NEGATIVA | J25: OTC | K25: NÃO | L25: =IF(ISERROR(VLOOKUP($C25,[1]TABELA_PREÇOS!B:W,$U$8,FALSE))=TRUE,"",VLOOKUP($C25,[1]TABELA_PREÇOS!B:W,$U$8,FALSE)) -> 23.46 | M25: =$L25-($L25*P25) -> 16.8912 | N25: 0 | O25: =M25*(1-$N25) -> 16.8912 | P25: =_xlfn.XLOOKUP(C25&$H$2,[1]POLITICA!A:A,[1]POLITICA!F:F)/100 -> 0.28
B26: OTC | C26: 2533 | D26: 7896004780092 | E26: OTC | F26: CALADRYL | G26: CALADRYL GEL POS SOL REFRESC. 120G NP-E | H26: =_xlfn.XLOOKUP($C26,[1]TABELA_PREÇOS!$B:$B,[1]TABELA_PREÇOS!J:J) -> NEGATIVA | J26: OTC | K26: NÃO | L26: =IF(ISERROR(VLOOKUP($C26,[1]TABELA_PREÇOS!B:W,$U$8,FALSE))=TRUE,"",VLOOKUP($C26,[1]TABELA_PREÇOS!B:W,$U$8,FALSE)) -> 25.93 | M26: =$L26-($L26*P26) -> 18.6696 | N26: 0 | O26: =M26*(1-$N26) -> 18.6696 | P26: =_xlfn.XLOOKUP(C26&$H$2,[1]POLITICA!A:A,[1]POLITICA!F:F)/100 -> 0.28
B27: OTC | C27: 2632 | D27: =_xlfn.XLOOKUP(C27,[1]TABELA_PREÇOS!B:B,[1]TABELA_PREÇOS!C:C) -> 7896004822464 | E27: OTC | F27: =_xlfn.XLOOKUP($C27,[1]TABELA_PREÇOS!$B:$B,[1]TABELA_PREÇOS!E:E) -> CALADRYL | G27: CALADRYL HIDRATANTE X 200 ML | H27: =_xlfn.XLOOKUP($C27,[1]TABELA_PREÇOS!$B:$B,[1]TABELA_PREÇOS!J:J) -> NEGATIVA | J27: OTC | K27: NÃO | L27: =IF(ISERROR(VLOOKUP($C27,[1]TABELA_PREÇOS!B:W,$U$8,FALSE))=TRUE,"",VLOOKUP($C27,[1]TABELA_PREÇOS!B:W,$U$8,FALSE)) -> 62.15 | M27: =$L27-($L27*P27) -> 44.748 | N27: =$H$4 -> 0.0852 | O27: =M27*(1-$N27) -> 40.93547 | P27: =_xlfn.XLOOKUP(C27&$H$2,[1]POLITICA!A:A,[1]POLITICA!F:F)/100 -> 0.28
B28: OTC | C28: 2633 | D28: =_xlfn.XLOOKUP(C28,[1]TABELA_PREÇOS!B:B,[1]TABELA_PREÇOS!C:C) -> 7896004822556 | E28: OTC | F28: =_xlfn.XLOOKUP($C28,[1]TABELA_PREÇOS!$B:$B,[1]TABELA_PREÇOS!E:E) -> CALADRYL | G28: CALADRYL HIDRATANTE X 400 ML | H28: =_xlfn.XLOOKUP($C28,[1]TABELA_PREÇOS!$B:$B,[1]TABELA_PREÇOS!J:J) -> NEGATIVA | J28: OTC | K28: NÃO | L28: =IF(ISERROR(VLOOKUP($C28,[1]TABELA_PREÇOS!B:W,$U$8,FALSE))=TRUE,"",VLOOKUP($C28,[1]TABELA_PREÇOS!B:W,$U$8,FALSE)) -> 97.08 | M28: =$L28-($L28*P28) -> 69.8976 | N28: =$H$4 -> 0.0852 | O28: =M28*(1-$N28) -> 63.942324 | P28: =_xlfn.XLOOKUP(C28&$H$2,[1]POLITICA!A:A,[1]POLITICA!F:F)/100 -> 0.28
B29: OTC | C29: 2530 | D29: 7896004780061 | E29: OTC | F29: CALADRYL | G29: CALADRYL LOCAO POS SOL 100ML NP - E | H29: =_xlfn.XLOOKUP($C29,[1]TABELA_PREÇOS!$B:$B,[1]TABELA_PREÇOS!J:J) -> NEGATIVA | J29: OTC | K29: NÃO | L29: =IF(ISERROR(VLOOKUP($C29,[1]TABELA_PREÇOS!B:W,$U$8,FALSE))=TRUE,"",VLOOKUP($C29,[1]TABELA_PREÇOS!B:W,$U$8,FALSE)) -> 30.76 | M29: =$L29-($L29*P29) -> 22.1472 | N29: 0 | O29: =M29*(1-$N29) -> 22.1472 | P29: =_xlfn.XLOOKUP(C29&$H$2,[1]POLITICA!A:A,[1]POLITICA!F:F)/100 -> 0.28
B30: OTC | C30: 2725 | D30: =_xlfn.XLOOKUP(C30,[1]TABELA_PREÇOS!B:B,[1]TABELA_PREÇOS!C:C) -> 7896004822525 | E30: OTC | F30: =_xlfn.XLOOKUP($C30,[1]TABELA_PREÇOS!$B:$B,[1]TABELA_PREÇOS!E:E) -> CALADRYL | G30: =_xlfn.XLOOKUP($C30,[1]TABELA_PREÇOS!$B:$B,[1]TABELA_PREÇOS!G:G) -> CALADRYL REPEL 100ML- E | H30: =_xlfn.XLOOKUP($C30,[1]TABELA_PREÇOS!$B:$B,[1]TABELA_PREÇOS!J:J) -> NEUTRA | J30: OTC | K30: NÃO | L30: =IF(ISERROR(VLOOKUP($C30,[1]TABELA_PREÇOS!B:W,$U$8,FALSE))=TRUE,"",VLOOKUP($C30,[1]TABELA_PREÇOS!B:W,$U$8,FALSE)) -> 23.96 | M30: =$L30-($L30*P30) -> 18.6888 | N30: =$H$4 -> 0.0852 | O30: =M30*(1-$N30) -> 17.096514 | P30: =_xlfn.XLOOKUP(C30&$H$2,[1]POLITICA!A:A,[1]POLITICA!F:F)/100 -> 0.22
B31: TAR | C31: 32026 | D31: 7896004813226 | E31: SAUDE FEMININA | F31: CANDERM | G31: CANDERM CPR 250MG x 20 | H31: POSITIVA | I31: 2 BL X 10 | J31: OUTROS | K31: NÃO | L31: =IF(ISERROR(VLOOKUP($C31,[1]TABELA_PREÇOS!B:W,$U$8,FALSE))=TRUE,"",VLOOKUP($C31,[1]TABELA_PREÇOS!B:W,$U$8,FALSE)) -> 19.83 | M31: =$L31-($L31*P31) -> 4.1764446 | N31: =$H$4 -> 0.0852 | O31: =M31*(1-$N31) -> 3.8206115 | P31: =_xlfn.XLOOKUP(C31&$H$2,[1]POLITICA!A:A,[1]POLITICA!F:F)/100 -> 0.78938756
B32: TAR | C32: 32027 | D32: 7896004707570 | E32: SAUDE FEMININA | F32: CANDERM | G32: CANDERM CPR 400MG x 20 | H32: POSITIVA | I32: 2 BL X 10 | J32: OUTROS | K32: NÃO | L32: =IF(ISERROR(VLOOKUP($C32,[1]TABELA_PREÇOS!B:W,$U$8,FALSE))=TRUE,"",VLOOKUP($C32,[1]TABELA_PREÇOS!B:W,$U$8,FALSE)) -> 27.43 | M32: =$L32-($L32*P32) -> 6.6063067 | N32: =$H$4 -> 0.0852 | O32: =M32*(1-$N32) -> 6.0434494 | P32: =_xlfn.XLOOKUP(C32&$H$2,[1]POLITICA!A:A,[1]POLITICA!F:F)/100 -> 0.75915761
B33: TAR | C33: 31287 | D33: 7896004732510 | E33: OUTROS | F33: CARVEGRAN | G33: CARVEGRAN CPR 25mg x 30 | H33: POSITIVA | I33: 25mg x 30 | J33: OUTROS | K33: NÃO | L33: =IF(ISERROR(VLOOKUP($C33,[1]TABELA_PREÇOS!B:W,$U$8,FALSE))=TRUE,"",VLOOKUP($C33,[1]TABELA_PREÇOS!B:W,$U$8,FALSE)) -> 71.81 | M33: =$L33-($L33*P33) -> 8.9510112 | N33: =$H$4 -> 0.0852 | O33: =M33*(1-$N33) -> 8.188385 | P33: =_xlfn.XLOOKUP(C33&$H$2,[1]POLITICA!A:A,[1]POLITICA!F:F)/100 -> 0.87535147
B34: TAR | C34: 31281 | D34: 7896004732442 | E34: OUTROS | F34: CARVEGRAN | G34: CARVEGRAN CPR 3.12MG x 30 | H34: POSITIVA | I34: 3,125mg x 30 | J34: OUTROS | K34: NÃO | L34: =IF(ISERROR(VLOOKUP($C34,[1]TABELA_PREÇOS!B:W,$U$8,FALSE))=TRUE,"",VLOOKUP($C34,[1]TABELA_PREÇOS!B:W,$U$8,FALSE)) -> 31.59 | M34: =$L34-($L34*P34) -> 3.9487284 | N34: =$H$4 -> 0.0852 | O34: =M34*(1-$N34) -> 3.6122968 | P34: =_xlfn.XLOOKUP(C34&$H$2,[1]POLITICA!A:A,[1]POLITICA!F:F)/100 -> 0.87500068
B35: TAR | C35: 32338 | D35: 7896004706528 | E35: INVERNO | F35: CELERG | G35: CELERG CPR x 20 | H35: NEGATIVA | I35: 2 BL X 10 | J35: OUTROS | K35: NÃO | L35: =IF(ISERROR(VLOOKUP($C35,[1]TABELA_PREÇOS!B:W,$U$8,FALSE))=TRUE,"",VLOOKUP($C35,[1]TABELA_PREÇOS!B:W,$U$8,FALSE)) -> 21.16 | M35: =$L35-($L35*P35) -> 7.3265884 | N35: =$H$4 -> 0.0852 | O35: =M35*(1-$N35) -> 6.7023631 | P35: =_xlfn.XLOOKUP(C35&$H$2,[1]POLITICA!A:A,[1]POLITICA!F:F)/100 -> 0.65375291
B36: TAR | C36: 31048 | D36: 7896004706559 | E36: INVERNO | F36: CELERG | G36: CELERG XAR. 120ML x 1 | H36: NEGATIVA | I36: FR X 120 ML | J36: OUTROS | K36: NÃO | L36: =IF(ISERROR(VLOOKUP($C36,[1]TABELA_PREÇOS!B:W,$U$8,FALSE))=TRUE,"",VLOOKUP($C36,[1]TABELA_PREÇOS!B:W,$U$8,FALSE)) -> 29.36 | M36: =$L36-($L36*P36) -> 12.369553 | N36: =$H$4 -> 0.0852 | O36: =M36*(1-$N36) -> 11.315667 | P36: =_xlfn.XLOOKUP(C36&$H$2,[1]POLITICA!A:A,[1]POLITICA!F:F)/100 -> 0.5786937
B37: OTC | C37: 31960 | D37: 7896004774220 | E37: MVM | F37: CENEVIT 1G | G37: CENEVIT CPR EFER 1.00G X 10 | H37: NEUTRA | I37: TUBO X 10 | J37: SUPER MARCAS | K37: NÃO | L37: =IF(ISERROR(VLOOKUP($C37,[1]TABELA_PREÇOS!B:W,$U$8,FALSE))=TRUE,"",VLOOKUP($C37,[1]TABELA_PREÇOS!B:W,$U$8,FALSE)) -> 14.77 | M37: =$L37-($L37*P37) -> 3.936205 | N37: =$H$4 -> 0.0852 | O37: =M37*(1-$N37) -> 3.6008403 | P37: =_xlfn.XLOOKUP(C37&$H$2,[1]POLITICA!A:A,[1]POLITICA!F:F)/100 -> 0.7335
B38: OTC | C38: 32500 | D38: 7896004783871 | E38: MVM | F38: CENEVIT TRIPLA | G38: CENEVIT TRIPLA ACAO C/10 CPR EFER S.A-L | H38: NEUTRA | I38: C/10 CPR EFER S.A-L | J38: SUPER MARCAS | K38: NÃO | L38: =IF(ISERROR(VLOOKUP($C38,[1]TABELA_PREÇOS!B:W,$U$8,FALSE))=TRUE,"",VLOOKUP($C38,[1]TABELA_PREÇOS!B:W,$U$8,FALSE)) -> 23.26 | M38: =$L38-($L38*P38) -> 8.1718412 | N38: =$H$4 -> 0.0852 | O38: =M38*(1-$N38) -> 7.4756004 | P38: =_xlfn.XLOOKUP(C38&$H$2,[1]POLITICA!A:A,[1]POLITICA!F:F)/100 -> 0.64867407
B39: OTC | C39: 32501 | D39: 7896004783888 | E39: MVM | F39: CENEVIT TRIPLA | G39: CENEVIT TRIPLA ACAO C/30 CPR EFER S.A-L | H39: NEUTRA | I39: C/30 CPR EFER S.A-L | J39: SUPER MARCAS | K39: NÃO | L39: =IF(ISERROR(VLOOKUP($C39,[1]TABELA_PREÇOS!B:W,$U$8,FALSE))=TRUE,"",VLOOKUP($C39,[1]TABELA_PREÇOS!B:W,$U$8,FALSE)) -> 52.33 | M39: =$L39-($L39*P39) -> 21.746604 | N39: =$H$4 -> 0.0852 | O39: =M39*(1-$N39) -> 19.893794 | P39: =_xlfn.XLOOKUP(C39&$H$2,[1]POLITICA!A:A,[1]POLITICA!F:F)/100 -> 0.58443332
B40: OTC | C40: 31957 | D40: 7896004774237 | E40: MVM | F40: CENEVIT ZINCO | G40: CENEVIT ZINCO CPR EFER 1.00G X 10 /10 | H40: NEUTRA | I40: TUBO X 10 | J40: SUPER MARCAS | K40: NÃO | L40: =IF(ISERROR(VLOOKUP($C40,[1]TABELA_PREÇOS!B:W,$U$8,FALSE))=TRUE,"",VLOOKUP($C40,[1]TABELA_PREÇOS!B:W,$U$8,FALSE)) -> 18.02 | M40: =$L40-($L40*P40) -> 5.1151796 | N40: =$H$4 -> 0.0852 | O40: =M40*(1-$N40) -> 4.6793663 | P40: =_xlfn.XLOOKUP(C40&$H$2,[1]POLITICA!A:A,[1]POLITICA!F:F)/100 -> 0.71613876
B41: OTC | C41: 31958 | D41: 7896004774244 | E41: MVM | F41: CENEVIT ZINCO | G41: CENEVIT ZINCO CPR EFER 1.00G X 30 /10 | H41: NEUTRA | I41: TUBO X 30 | J41: SUPER MARCAS | K41: NÃO | L41: =IF(ISERROR(VLOOKUP($C41,[1]TABELA_PREÇOS!B:W,$U$8,FALSE))=TRUE,"",VLOOKUP($C41,[1]TABELA_PREÇOS!B:W,$U$8,FALSE)) -> 54.07 | M41: =$L41-($L41*P41) -> 13.608895 | N41: =$H$4 -> 0.0852 | O41: =M41*(1-$N41) -> 12.449417 | P41: =_xlfn.XLOOKUP(C41&$H$2,[1]POLITICA!A:A,[1]POLITICA!F:F)/100 -> 0.7483097
B42: TAR | C42: 31153 | D42: 7896004726199 | E42: DERMA | F42: CLEANKINOL | G42: CLEANKINOL CREME 30G x 1 | H42: NEGATIVA | I42: CREME C/ 30G-L | J42: OUTROS | K42: NÃO | L42: =IF(ISERROR(VLOOKUP($C42,[1]TABELA_PREÇOS!B:W,$U$8,FALSE))=TRUE,"",VLOOKUP($C42,[1]TABELA_PREÇOS!B:W,$U$8,FALSE)) -> 49.46 | M42: =$L42-($L42*P42) -> 37.293962 | N42: =$H$4 -> 0.0852 | O42: =M42*(1-$N42) -> 34.116517 | P42: =_xlfn.XLOOKUP(C42&$H$2,[1]POLITICA!A:A,[1]POLITICA!F:F)/100 -> 0.24597731
B43: OTC | C43: 19193 | D43: 7896004788968 | E43: OUTROS | F43: COLIRIO | G43: COLIRIO LEGRAND COLIRIO 20ML x 1 | H43: NEGATIVA | I43: FR X 20 ML | J43: OUTROS | K43: NÃO | L43: =IF(ISERROR(VLOOKUP($C43,[1]TABELA_PREÇOS!B:W,$U$8,FALSE))=TRUE,"",VLOOKUP($C43,[1]TABELA_PREÇOS!B:W,$U$8,FALSE)) -> 16.17 | M43: =$L43-($L43*P43) -> 5.5980755 | N43: =$H$4 -> 0.0852 | O43: =M43*(1-$N43) -> 5.1211194 | P43: =_xlfn.XLOOKUP(C43&$H$2,[1]POLITICA!A:A,[1]POLITICA!F:F)/100 -> 0.65379867
B44: OTC | C44: 893563 | D44: 7896004790657 | E44: OTC | F44: DERMACYD | G44: DERMACYD BREEZE 24H 200ML LIQSO BT1 BR | H44: =_xlfn.XLOOKUP($C44,[1]TABELA_PREÇOS!$B:$B,[1]TABELA_PREÇOS!J:J) -> NEUTRA | J44: OTC | K44: NÃO | L44: =IF(ISERROR(VLOOKUP($C44,[1]TABELA_PREÇOS!B:W,$U$8,FALSE))=TRUE,"",VLOOKUP($C44,[1]TABELA_PREÇOS!B:W,$U$8,FALSE)) -> 23.22 | M44: =$L44-($L44*P44) -> 16.254 | N44: =$H$4 -> 0.0852 | O44: =M44*(1-$N44) -> 14.869159 | P44: =_xlfn.XLOOKUP(C44&$H$2,[1]POLITICA!A:A,[1]POLITICA!F:F)/100 -> 0.3
B45: OTC | C45: 893559 | D45: 7896004790619 | E45: OTC | F45: DERMACYD | G45: DERMACYD DELICATA 24 200ML LIQSO BT1 BR | H45: =_xlfn.XLOOKUP($C45,[1]TABELA_PREÇOS!$B:$B,[1]TABELA_PREÇOS!J:J) -> NEUTRA | J45: OTC | K45: NÃO | L45: =IF(ISERROR(VLOOKUP($C45,[1]TABELA_PREÇOS!B:W,$U$8,FALSE))=TRUE,"",VLOOKUP($C45,[1]TABELA_PREÇOS!B:W,$U$8,FALSE)) -> 23.22 | M45: =$L45-($L45*P45) -> 16.254 | N45: =$H$4 -> 0.0852 | O45: =M45*(1-$N45) -> 14.869159 | P45: =_xlfn.XLOOKUP(C45&$H$2,[1]POLITICA!A:A,[1]POLITICA!F:F)/100 -> 0.3
B46: OTC | C46: 893435 | D46: 7896004790633 | E46: OTC | F46: DERMACYD | G46: DERMACYD FEMINA 24H 200ML LIQSO BT1 BR | H46: =_xlfn.XLOOKUP($C46,[1]TABELA_PREÇOS!$B:$B,[1]TABELA_PREÇOS!J:J) -> NEUTRA | J46: OTC | K46: NÃO | L46: =IF(ISERROR(VLOOKUP($C46,[1]TABELA_PREÇOS!B:W,$U$8,FALSE))=TRUE,"",VLOOKUP($C46,[1]TABELA_PREÇOS!B:W,$U$8,FALSE)) -> 23.22 | M46: =$L46-($L46*P46) -> 16.254 | N46: =$H$4 -> 0.0852 | O46: =M46*(1-$N46) -> 14.869159 | P46: =_xlfn.XLOOKUP(C46&$H$2,[1]POLITICA!A:A,[1]POLITICA!F:F)/100 -> 0.3
B47: OTC | C47: 893682 | D47: =_xlfn.XLOOKUP(C47,[1]TABELA_PREÇOS!B:B,[1]TABELA_PREÇOS!C:C) -> 7896004790596 | E47: OTC | F47: =_xlfn.XLOOKUP($C47,[1]TABELA_PREÇOS!$B:$B,[1]TABELA_PREÇOS!E:E) -> DERMACYD | G47: DERMACYD INFANTIL 200ML LIQSO BT1 M36 BR | H47: =_xlfn.XLOOKUP($C47,[1]TABELA_PREÇOS!$B:$B,[1]TABELA_PREÇOS!J:J) -> NEUTRA | J47: OTC | K47: NÃO | L47: =IF(ISERROR(VLOOKUP($C47,[1]TABELA_PREÇOS!B:W,$U$8,FALSE))=TRUE,"",VLOOKUP($C47,[1]TABELA_PREÇOS!B:W,$U$8,FALSE)) -> 23.22 | M47: =$L47-($L47*P47) -> 16.254 | N47: =$H$4 -> 0.0852 | O47: =M47*(1-$N47) -> 14.869159 | P47: =_xlfn.XLOOKUP(C47&$H$2,[1]POLITICA!A:A,[1]POLITICA!F:F)/100 -> 0.3
B48: OTC | C48: 2741 | D48: =_xlfn.XLOOKUP(C48,[1]TABELA_PREÇOS!B:B,[1]TABELA_PREÇOS!C:C) -> 7896004822761 | E48: OTC | F48: =_xlfn.XLOOKUP($C48,[1]TABELA_PREÇOS!$B:$B,[1]TABELA_PREÇOS!E:E) -> DERMACYD | G48: DERMACYD KIT 2XDELI+2XFEM+2X INF 100ML-E | H48: =_xlfn.XLOOKUP($C48,[1]TABELA_PREÇOS!$B:$B,[1]TABELA_PREÇOS!J:J) -> NEUTRA | J48: OTC | K48: NÃO | L48: =IF(ISERROR(VLOOKUP($C48,[1]TABELA_PREÇOS!B:W,$U$8,FALSE))=TRUE,"",VLOOKUP($C48,[1]TABELA_PREÇOS!B:W,$U$8,FALSE)) -> 73.16 | M48: =$L48-($L48*P48) -> 73.16 | N48: =$H$4 -> 0.0852 | O48: =M48*(1-$N48) -> 66.926768 | P48: =_xlfn.XLOOKUP(C48&$H$2,[1]POLITICA!A:A,[1]POLITICA!F:F)/100 -> 0
B49: OTC | C49: 2743 | D49: =_xlfn.XLOOKUP(C49,[1]TABELA_PREÇOS!B:B,[1]TABELA_PREÇOS!C:C) -> 7896004822785 | E49: OTC | F49: =_xlfn.XLOOKUP($C49,[1]TABELA_PREÇOS!$B:$B,[1]TABELA_PREÇOS!E:E) -> DERMACYD | G49: DERMACYD KIT BREEZE 200ML+DELI 100ML - E | H49: =_xlfn.XLOOKUP($C49,[1]TABELA_PREÇOS!$B:$B,[1]TABELA_PREÇOS!J:J) -> NEUTRA | J49: OTC | K49: NÃO | L49: =IF(ISERROR(VLOOKUP($C49,[1]TABELA_PREÇOS!B:W,$U$8,FALSE))=TRUE,"",VLOOKUP($C49,[1]TABELA_PREÇOS!B:W,$U$8,FALSE)) -> 29.13 | M49: =$L49-($L49*P49) -> 29.13 | N49: =$H$4 -> 0.0852 | O49: =M49*(1-$N49) -> 26.648124 | P49: =_xlfn.XLOOKUP(C49&$H$2,[1]POLITICA!A:A,[1]POLITICA!F:F)/100 -> 0
B50: OTC | C50: 2701 | D50: 7896004790688 | E50: OTC | F50: DERMACYD | G50: DERMACYD KIT DELI 200ML+DELI 100ML- E NP | H50: =_xlfn.XLOOKUP($C50,[1]TABELA_PREÇOS!$B:$B,[1]TABELA_PREÇOS!J:J) -> NEUTRA | J50: OTC | K50: NÃO | L50: =IF(ISERROR(VLOOKUP($C50,[1]TABELA_PREÇOS!B:W,$U$8,FALSE))=TRUE,"",VLOOKUP($C50,[1]TABELA_PREÇOS!B:W,$U$8,FALSE)) -> 29.13 | M50: =$L50-($L50*P50) -> 20.391 | N50: =$H$4 -> 0.0852 | O50: =M50*(1-$N50) -> 18.653687 | P50: =_xlfn.XLOOKUP(C50&$H$2,[1]POLITICA!A:A,[1]POLITICA!F:F)/100 -> 0.3
B51: OTC | C51: 2744 | D51: =_xlfn.XLOOKUP(C51,[1]TABELA_PREÇOS!B:B,[1]TABELA_PREÇOS!C:C) -> 7896004822792 | E51: OTC | F51: =_xlfn.XLOOKUP($C51,[1]TABELA_PREÇOS!$B:$B,[1]TABELA_PREÇOS!E:E) -> DERMACYD | G51: DERMACYD KIT FEM 200ML + INF 100ML - E | H51: =_xlfn.XLOOKUP($C51,[1]TABELA_PREÇOS!$B:$B,[1]TABELA_PREÇOS!J:J) -> NEUTRA | J51: OTC | K51: NÃO | L51: =IF(ISERROR(VLOOKUP($C51,[1]TABELA_PREÇOS!B:W,$U$8,FALSE))=TRUE,"",VLOOKUP($C51,[1]TABELA_PREÇOS!B:W,$U$8,FALSE)) -> 29.13 | M51: =$L51-($L51*P51) -> 29.13 | N51: =$H$4 -> 0.0852 | O51: =M51*(1-$N51) -> 26.648124 | P51: =_xlfn.XLOOKUP(C51&$H$2,[1]POLITICA!A:A,[1]POLITICA!F:F)/100 -> 0
B52: OTC | C52: 2700 | D52: =_xlfn.XLOOKUP(C52,[1]TABELA_PREÇOS!B:B,[1]TABELA_PREÇOS!C:C) -> 7891058018238 | E52: OTC | F52: =_xlfn.XLOOKUP($C52,[1]TABELA_PREÇOS!$B:$B,[1]TABELA_PREÇOS!E:E) -> DERMACYD | G52: DERMACYD KIT FEM 200ML+FEM 100ML | H52: =_xlfn.XLOOKUP($C52,[1]TABELA_PREÇOS!$B:$B,[1]TABELA_PREÇOS!J:J) -> NEUTRA | J52: OTC | K52: NÃO | L52: =IF(ISERROR(VLOOKUP($C52,[1]TABELA_PREÇOS!B:W,$U$8,FALSE))=TRUE,"",VLOOKUP($C52,[1]TABELA_PREÇOS!B:W,$U$8,FALSE)) -> 28.26 | M52: =$L52-($L52*P52) -> 19.782 | N52: =$H$4 -> 0.0852 | O52: =M52*(1-$N52) -> 18.096574 | P52: =_xlfn.XLOOKUP(C52&$H$2,[1]POLITICA!A:A,[1]POLITICA!F:F)/100 -> 0.3
B53: OTC | C53: 2703 | D53: 7896004790695 | E53: OTC | F53: DERMACYD | G53: DERMACYD KIT FEM 200ML+FEM 100ML - E NP | H53: =_xlfn.XLOOKUP($C53,[1]TABELA_PREÇOS!$B:$B,[1]TABELA_PREÇOS!J:J) -> NEUTRA | J53: OTC | K53: NÃO | L53: =IF(ISERROR(VLOOKUP($C53,[1]TABELA_PREÇOS!B:W,$U$8,FALSE))=TRUE,"",VLOOKUP($C53,[1]TABELA_PREÇOS!B:W,$U$8,FALSE)) -> 29.13 | M53: =$L53-($L53*P53) -> 20.391 | N53: =$H$4 -> 0.0852 | O53: =M53*(1-$N53) -> 18.653687 | P53: =_xlfn.XLOOKUP(C53&$H$2,[1]POLITICA!A:A,[1]POLITICA!F:F)/100 -> 0.3
B54: OTC | C54: 2738 | D54: =_xlfn.XLOOKUP(C54,[1]TABELA_PREÇOS!B:B,[1]TABELA_PREÇOS!C:C) -> 7896004822730 | E54: OTC | F54: =_xlfn.XLOOKUP($C54,[1]TABELA_PREÇOS!$B:$B,[1]TABELA_PREÇOS!E:E) -> DERMACYD | G54: =_xlfn.XLOOKUP($C54,[1]TABELA_PREÇOS!$B:$B,[1]TABELA_PREÇOS!G:G) -> DERMACYD KIT FEM 200ML+LENCO 16UND- E | H54: =_xlfn.XLOOKUP($C54,[1]TABELA_PREÇOS!$B:$B,[1]TABELA_PREÇOS!J:J) -> NEUTRA | J54: OTC | K54: NÃO | L54: =IF(ISERROR(VLOOKUP($C54,[1]TABELA_PREÇOS!B:W,$U$8,FALSE))=TRUE,"",VLOOKUP($C54,[1]TABELA_PREÇOS!B:W,$U$8,FALSE)) -> 33.78 | M54: =$L54-($L54*P54) -> 23.646 | N54: =$H$4 -> 0.0852 | O54: =M54*(1-$N54) -> 21.631361 | P54: =_xlfn.XLOOKUP(C54&$H$2,[1]POLITICA!A:A,[1]POLITICA!F:F)/100 -> 0.3
B55: OTC | C55: 2699 | D55: 7891058018191 | E55: OTC | F55: DERMACYD | G55: DERMACYD KIT INF 200ML+INF 100ML - E | H55: =_xlfn.XLOOKUP($C55,[1]TABELA_PREÇOS!$B:$B,[1]TABELA_PREÇOS!J:J) -> NEUTRA | J55: OTC | K55: NÃO | L55: =IF(ISERROR(VLOOKUP($C55,[1]TABELA_PREÇOS!B:W,$U$8,FALSE))=TRUE,"",VLOOKUP($C55,[1]TABELA_PREÇOS!B:W,$U$8,FALSE)) -> 28.26 | M55: =$L55-($L55*P55) -> 19.782 | N55: =$H$4 -> 0.0852 | O55: =M55*(1-$N55) -> 18.096574 | P55: =_xlfn.XLOOKUP(C55&$H$2,[1]POLITICA!A:A,[1]POLITICA!F:F)/100 -> 0.3
B56: OTC | C56: 2702 | D56: =_xlfn.XLOOKUP(C56,[1]TABELA_PREÇOS!B:B,[1]TABELA_PREÇOS!C:C) -> 7896004790671 | E56: OTC | F56: =_xlfn.XLOOKUP($C56,[1]TABELA_PREÇOS!$B:$B,[1]TABELA_PREÇOS!E:E) -> DERMACYD | G56: DERMACYD KIT INF 200ML+INF 100ML - E NP | H56: =_xlfn.XLOOKUP($C56,[1]TABELA_PREÇOS!$B:$B,[1]TABELA_PREÇOS!J:J) -> NEUTRA | J56: OTC | K56: NÃO | L56: =IF(ISERROR(VLOOKUP($C56,[1]TABELA_PREÇOS!B:W,$U$8,FALSE))=TRUE,"",VLOOKUP($C56,[1]TABELA_PREÇOS!B:W,$U$8,FALSE)) -> 29.13 | M56: =$L56-($L56*P56) -> 20.391 | N56: =$H$4 -> 0.0852 | O56: =M56*(1-$N56) -> 18.653687 | P56: =_xlfn.XLOOKUP(C56&$H$2,[1]POLITICA!A:A,[1]POLITICA!F:F)/100 -> 0.3
B57: OTC | C57: 2740 | D57: =_xlfn.XLOOKUP(C57,[1]TABELA_PREÇOS!B:B,[1]TABELA_PREÇOS!C:C) -> 7896004822754 | E57: OTC | F57: =_xlfn.XLOOKUP($C57,[1]TABELA_PREÇOS!$B:$B,[1]TABELA_PREÇOS!E:E) -> DERMACYD | G57: DERMACYD KIT L3P2 2XFEM + BREEZ 200ML- E | H57: =_xlfn.XLOOKUP($C57,[1]TABELA_PREÇOS!$B:$B,[1]TABELA_PREÇOS!J:J) -> NEUTRA | J57: OTC | K57: NÃO | L57: =IF(ISERROR(VLOOKUP($C57,[1]TABELA_PREÇOS!B:W,$U$8,FALSE))=TRUE,"",VLOOKUP($C57,[1]TABELA_PREÇOS!B:W,$U$8,FALSE)) -> 46.45 | M57: =$L57-($L57*P57) -> 46.45 | N57: =$H$4 -> 0.0852 | O57: =M57*(1-$N57) -> 42.49246 | P57: =_xlfn.XLOOKUP(C57&$H$2,[1]POLITICA!A:A,[1]POLITICA!F:F)/100 -> 0
B58: OTC | C58: 2771 | D58: =_xlfn.XLOOKUP(C58,[1]TABELA_PREÇOS!B:B,[1]TABELA_PREÇOS!C:C) -> 7898655871303 | E58: OTC | F58: =_xlfn.XLOOKUP($C58,[1]TABELA_PREÇOS!$B:$B,[1]TABELA_PREÇOS!E:E) -> DERMACYD | G58: =_xlfn.XLOOKUP($C58,[1]TABELA_PREÇOS!$B:$B,[1]TABELA_PREÇOS!G:G) -> DERMACYD KIT LENÇOS 1X48UND - E | H58: =_xlfn.XLOOKUP($C58,[1]TABELA_PREÇOS!$B:$B,[1]TABELA_PREÇOS!J:J) -> NEUTRA | J58: OTC | K58: NÃO | L58: =IF(ISERROR(VLOOKUP($C58,[1]TABELA_PREÇOS!B:W,$U$8,FALSE))=TRUE,"",VLOOKUP($C58,[1]TABELA_PREÇOS!B:W,$U$8,FALSE)) -> 29.07 | M58: =$L58-($L58*P58) -> 20.349 | N58: =$H$4 -> 0.0852 | O58: =M58*(1-$N58) -> 18.615265 | P58: =_xlfn.XLOOKUP(C58&$H$2,[1]POLITICA!A:A,[1]POLITICA!F:F)/100 -> 0.3
B59: OTC | C59: 2742 | D59: =_xlfn.XLOOKUP(C59,[1]TABELA_PREÇOS!B:B,[1]TABELA_PREÇOS!C:C) -> 7898655871310 | E59: OTC | F59: =_xlfn.XLOOKUP($C59,[1]TABELA_PREÇOS!$B:$B,[1]TABELA_PREÇOS!E:E) -> DERMACYD | G59: DERMACYD KIT LENÇOS 2X48UND - E | H59: =_xlfn.XLOOKUP($C59,[1]TABELA_PREÇOS!$B:$B,[1]TABELA_PREÇOS!J:J) -> NEUTRA | J59: OTC | K59: NÃO | L59: =IF(ISERROR(VLOOKUP($C59,[1]TABELA_PREÇOS!B:W,$U$8,FALSE))=TRUE,"",VLOOKUP($C59,[1]TABELA_PREÇOS!B:W,$U$8,FALSE)) -> 53.67 | M59: =$L59-($L59*P59) -> 53.67 | N59: =$H$4 -> 0.0852 | O59: =M59*(1-$N59) -> 49.097316 | P59: =_xlfn.XLOOKUP(C59&$H$2,[1]POLITICA!A:A,[1]POLITICA!F:F)/100 -> 0
B60: OTC | C60: 2678 | D60: =_xlfn.XLOOKUP(C60,[1]TABELA_PREÇOS!B:B,[1]TABELA_PREÇOS!C:C) -> 7891058003661 | E60: OTC | F60: =_xlfn.XLOOKUP($C60,[1]TABELA_PREÇOS!$B:$B,[1]TABELA_PREÇOS!E:E) -> DERMACYD | G60: DERMACYD LIQUIDO BREEZE 200 ML | H60: =_xlfn.XLOOKUP($C60,[1]TABELA_PREÇOS!$B:$B,[1]TABELA_PREÇOS!J:J) -> NEUTRA | J60: OTC | K60: NÃO | L60: =IF(ISERROR(VLOOKUP($C60,[1]TABELA_PREÇOS!B:W,$U$8,FALSE))=TRUE,"",VLOOKUP($C60,[1]TABELA_PREÇOS!B:W,$U$8,FALSE)) -> 22.53 | M60: =$L60-($L60*P60) -> 15.771 | N60: =$H$4 -> 0.0852 | O60: =M60*(1-$N60) -> 14.427311 | P60: =_xlfn.XLOOKUP(C60&$H$2,[1]POLITICA!A:A,[1]POLITICA!F:F)/100 -> 0.3
B61: OTC | C61: 2679 | D61: =_xlfn.XLOOKUP(C61,[1]TABELA_PREÇOS!B:B,[1]TABELA_PREÇOS!C:C) -> 7897595903914 | E61: OTC | F61: =_xlfn.XLOOKUP($C61,[1]TABELA_PREÇOS!$B:$B,[1]TABELA_PREÇOS!E:E) -> DERMACYD | G61: DERMACYD LIQUIDO DELICATA 200 ML | H61: =_xlfn.XLOOKUP($C61,[1]TABELA_PREÇOS!$B:$B,[1]TABELA_PREÇOS!J:J) -> NEUTRA | J61: OTC | K61: NÃO | L61: =IF(ISERROR(VLOOKUP($C61,[1]TABELA_PREÇOS!B:W,$U$8,FALSE))=TRUE,"",VLOOKUP($C61,[1]TABELA_PREÇOS!B:W,$U$8,FALSE)) -> 22.53 | M61: =$L61-($L61*P61) -> 15.771 | N61: =$H$4 -> 0.0852 | O61: =M61*(1-$N61) -> 14.427311 | P61: =_xlfn.XLOOKUP(C61&$H$2,[1]POLITICA!A:A,[1]POLITICA!F:F)/100 -> 0.3
B62: OTC | C62: 2680 | D62: =_xlfn.XLOOKUP(C62,[1]TABELA_PREÇOS!B:B,[1]TABELA_PREÇOS!C:C) -> 7897595901866 | E62: OTC | F62: =_xlfn.XLOOKUP($C62,[1]TABELA_PREÇOS!$B:$B,[1]TABELA_PREÇOS!E:E) -> DERMACYD | G62: DERMACYD LIQUIDO FEMINA 200 ML | H62: =_xlfn.XLOOKUP($C62,[1]TABELA_PREÇOS!$B:$B,[1]TABELA_PREÇOS!J:J) -> NEUTRA | J62: OTC | K62: NÃO | L62: =IF(ISERROR(VLOOKUP($C62,[1]TABELA_PREÇOS!B:W,$U$8,FALSE))=TRUE,"",VLOOKUP($C62,[1]TABELA_PREÇOS!B:W,$U$8,FALSE)) -> 22.53 | M62: =$L62-($L62*P62) -> 15.771 | N62: =$H$4 -> 0.0852 | O62: =M62*(1-$N62) -> 14.427311 | P62: =_xlfn.XLOOKUP(C62&$H$2,[1]POLITICA!A:A,[1]POLITICA!F:F)/100 -> 0.3
B63: OTC | C63: 2677 | D63: 7897595901859 | E63: OTC | F63: DERMACYD | G63: DERMACYD LIQUIDO INFANTIL 200 ML - E | H63: =_xlfn.XLOOKUP($C63,[1]TABELA_PREÇOS!$B:$B,[1]TABELA_PREÇOS!J:J) -> NEUTRA | J63: OTC | K63: NÃO | L63: =IF(ISERROR(VLOOKUP($C63,[1]TABELA_PREÇOS!B:W,$U$8,FALSE))=TRUE,"",VLOOKUP($C63,[1]TABELA_PREÇOS!B:W,$U$8,FALSE)) -> 22.53 | M63: =$L63-($L63*P63) -> 15.771 | N63: =$H$4 -> 0.0852 | O63: =M63*(1-$N63) -> 14.427311 | P63: =_xlfn.XLOOKUP(C63&$H$2,[1]POLITICA!A:A,[1]POLITICA!F:F)/100 -> 0.3
B64: OTC | C64: 893681 | D64: 7896004790664 | E64: OTC | F64: DERMACYD | G64: DERMACYD NEUTRALIZE 200ML LIQSO BT1 BR | H64: =_xlfn.XLOOKUP($C64,[1]TABELA_PREÇOS!$B:$B,[1]TABELA_PREÇOS!J:J) -> NEUTRA | J64: OTC | K64: NÃO | L64: =IF(ISERROR(VLOOKUP($C64,[1]TABELA_PREÇOS!B:W,$U$8,FALSE))=TRUE,"",VLOOKUP($C64,[1]TABELA_PREÇOS!B:W,$U$8,FALSE)) -> 25.55 | M64: =$L64-($L64*P64) -> 17.885 | N64: =$H$4 -> 0.0852 | O64: =M64*(1-$N64) -> 16.361198 | P64: =_xlfn.XLOOKUP(C64&$H$2,[1]POLITICA!A:A,[1]POLITICA!F:F)/100 -> 0.3
B65: OTC | C65: 33002 | D65: 7896004810225 | E65: DERMA | F65: DERMOBENE | G65: DERMOBENE ANTIMICO CREME 10mg 20G x 1 /G | H65: NEGATIVA | I65: BISN X 20 G | J65: OUTROS | K65: NÃO | L65: =IF(ISERROR(VLOOKUP($C65,[1]TABELA_PREÇOS!B:W,$U$8,FALSE))=TRUE,"",VLOOKUP($C65,[1]TABELA_PREÇOS!B:W,$U$8,FALSE)) -> 21.88 | M65: =$L65-($L65*P65) -> 5.7537951 | N65: =$H$4 -> 0.0852 | O65: =M65*(1-$N65) -> 5.2635717 | P65: =_xlfn.XLOOKUP(C65&$H$2,[1]POLITICA!A:A,[1]POLITICA!F:F)/100 -> 0.73702948
B66: OTC | C66: 36005 | D66: 7896004810232 | E66: DERMA | F66: DERMOBENE | G66: DERMOBENE ANTIMICO SOLN 10mg 20ML x 1 /ML | H66: NEGATIVA | I66: FR X 20 ML | J66: OUTROS | K66: NÃO | L66: =IF(ISERROR(VLOOKUP($C66,[1]TABELA_PREÇOS!B:W,$U$8,FALSE))=TRUE,"",VLOOKUP($C66,[1]TABELA_PREÇOS!B:W,$U$8,FALSE)) -> 28.2 | M66: =$L66-($L66*P66) -> 8.2863618 | N66: =$H$4 -> 0.0852 | O66: =M66*(1-$N66) -> 7.5803638 | P66: =_xlfn.XLOOKUP(C66&$H$2,[1]POLITICA!A:A,[1]POLITICA!F:F)/100 -> 0.70615738
B67: OTC | C67: 32580 | D67: 7894916325806 | E67: INVERNO | F67: DESLORANA | G67: DESLORANA CPR REVEST 5.00MG X 10 | H67: NEGATIVA | I67: C/10 COMP REV - L | J67: OUTROS | K67: NÃO | L67: =IF(ISERROR(VLOOKUP($C67,[1]TABELA_PREÇOS!B:W,$U$8,FALSE))=TRUE,"",VLOOKUP($C67,[1]TABELA_PREÇOS!B:W,$U$8,FALSE)) -> 54.8 | M67: =$L67-($L67*P67) -> 7.9734092 | N67: =$H$4 -> 0.0852 | O67: =M67*(1-$N67) -> 7.2940748 | P67: =_xlfn.XLOOKUP(C67&$H$2,[1]POLITICA!A:A,[1]POLITICA!F:F)/100 -> 0.85449983
B68: OTC | C68: 32577 | D68: 7894916325776 | E68: INVERNO | F68: DESLORANA | G68: DESLORANA CPR REVEST 5.00MG X 30 | H68: NEGATIVA | I68: C/30 COM REV | J68: OUTROS | K68: NÃO | L68: =IF(ISERROR(VLOOKUP($C68,[1]TABELA_PREÇOS!B:W,$U$8,FALSE))=TRUE,"",VLOOKUP($C68,[1]TABELA_PREÇOS!B:W,$U$8,FALSE)) -> 117.9 | M68: =$L68-($L68*P68) -> 22.931569 | N68: =$H$4 -> 0.0852 | O68: =M68*(1-$N68) -> 20.977799 | P68: =_xlfn.XLOOKUP(C68&$H$2,[1]POLITICA!A:A,[1]POLITICA!F:F)/100 -> 0.80549984
B69: OTC | C69: 31953 | D69: 7896004769721 | E69: INVERNO | F69: DESLORANA | G69: DESLORANA XAR. 0.50MG 100ML X 1 /ML | H69: NEGATIVA | I69: XPE 100ML-GL | J69: OUTROS | K69: NÃO | L69: =IF(ISERROR(VLOOKUP($C69,[1]TABELA_PREÇOS!B:W,$U$8,FALSE))=TRUE,"",VLOOKUP($C69,[1]TABELA_PREÇOS!B:W,$U$8,FALSE)) -> 98.74 | M69: =$L69-($L69*P69) -> 9.0743047 | N69: =$H$4 -> 0.0852 | O69: =M69*(1-$N69) -> 8.301174 | P69: =_xlfn.XLOOKUP(C69&$H$2,[1]POLITICA!A:A,[1]POLITICA!F:F)/100 -> 0.908099
B70: OTC | C70: 31952 | D70: 7896004769714 | E70: INVERNO | F70: DESLORANA | G70: DESLORANA XAR. 0.50MG 60ML X 1 /ML | H70: NEGATIVA | I70: XPE 60ML-GL | J70: OUTROS | K70: NÃO | L70: =IF(ISERROR(VLOOKUP($C70,[1]TABELA_PREÇOS!B:W,$U$8,FALSE))=TRUE,"",VLOOKUP($C70,[1]TABELA_PREÇOS!B:W,$U$8,FALSE)) -> 59.77 | M70: =$L70-($L70*P70) -> 6.0846552 | N70: =$H$4 -> 0.0852 | O70: =M70*(1-$N70) -> 5.5662426 | P70: =_xlfn.XLOOKUP(C70&$H$2,[1]POLITICA!A:A,[1]POLITICA!F:F)/100 -> 0.89819884
B71: OTC | C71: 31148 | D71: 7896004726014 | E71: DOR | F71: DICLOAIR | G71: DICLOAIR AERO 11.6MG 60G x 1 /G | H71: NEGATIVA | I71: AEROSSOL C/60G | J71: OUTROS | K71: NÃO | L71: =IF(ISERROR(VLOOKUP($C71,[1]TABELA_PREÇOS!B:W,$U$8,FALSE))=TRUE,"",VLOOKUP($C71,[1]TABELA_PREÇOS!B:W,$U$8,FALSE)) -> 25.05 | M71: =$L71-($L71*P71) -> 14.619627 | N71: =$H$4 -> 0.0852 | O71: =M71*(1-$N71) -> 13.374035 | P71: =_xlfn.XLOOKUP(C71&$H$2,[1]POLITICA!A:A,[1]POLITICA!F:F)/100 -> 0.41638215
B72: TAR | C72: 31118 | D72: 7896004724157 | E72: GASTROINTESTINAL | F72: DOMPGRAN | G72: DOMPGRAN CPR 10mg x 30 | H72: NEGATIVA | I72: 2BLTX15 COMP-L | J72: OUTROS | K72: NÃO | L72: =IF(ISERROR(VLOOKUP($C72,[1]TABELA_PREÇOS!B:W,$U$8,FALSE))=TRUE,"",VLOOKUP($C72,[1]TABELA_PREÇOS!B:W,$U$8,FALSE)) -> 19.39 | M72: =$L72-($L72*P72) -> 4.0835329 | N72: =$H$4 -> 0.0852 | O72: =M72*(1-$N72) -> 3.7356159 | P72: =_xlfn.XLOOKUP(C72&$H$2,[1]POLITICA!A:A,[1]POLITICA!F:F)/100 -> 0.78940006
B73: OTC | C73: 32068 | D73: 7896004715032 | E73: DOR | F73: DORILEN | G73: DORILEN CPR X 12 | H73: NEGATIVA | I73: 1 BL X 12 | J73: OUTROS | K73: NÃO | L73: =IF(ISERROR(VLOOKUP($C73,[1]TABELA_PREÇOS!B:W,$U$8,FALSE))=TRUE,"",VLOOKUP($C73,[1]TABELA_PREÇOS!B:W,$U$8,FALSE)) -> 26.11 | M73: =$L73-($L73*P73) -> 11.25341 | N73: =$H$4 -> 0.0852 | O73: =M73*(1-$N73) -> 10.294619 | P73: =_xlfn.XLOOKUP(C73&$H$2,[1]POLITICA!A:A,[1]POLITICA!F:F)/100 -> 0.569
B74: OTC | C74: 36019 | D74: 7896004715049 | E74: DOR | F74: DORILEN | G74: DORILEN GOTAS 15ML X 1 | H74: NEGATIVA | I74: FR X 15 ML | J74: OUTROS | K74: NÃO | L74: =IF(ISERROR(VLOOKUP($C74,[1]TABELA_PREÇOS!B:W,$U$8,FALSE))=TRUE,"",VLOOKUP($C74,[1]TABELA_PREÇOS!B:W,$U$8,FALSE)) -> 33.67 | M74: =$L74-($L74*P74) -> 10.775334 | N74: =$H$4 -> 0.0852 | O74: =M74*(1-$N74) -> 9.8572759 | P74: =_xlfn.XLOOKUP(C74&$H$2,[1]POLITICA!A:A,[1]POLITICA!F:F)/100 -> 0.67997225
B75: OTC | C75: 2312 | D75: 7896004774305 | E75: OTC | F75: ENERGIL | G75: ENERGIL C 1G C/10 COM. EFEV SUP - E | H75: =_xlfn.XLOOKUP($C75,[1]TABELA_PREÇOS!$B:$B,[1]TABELA_PREÇOS!J:J) -> NEUTRA | J75: OTC | K75: NÃO | L75: =IF(ISERROR(VLOOKUP($C75,[1]TABELA_PREÇOS!B:W,$U$8,FALSE))=TRUE,"",VLOOKUP($C75,[1]TABELA_PREÇOS!B:W,$U$8,FALSE)) -> 16.75 | M75: =$L75-($L75*P75) -> 12.5625 | N75: =$H$4 -> 0.0852 | O75: =M75*(1-$N75) -> 11.492175 | P75: =_xlfn.XLOOKUP(C75&$H$2,[1]POLITICA!A:A,[1]POLITICA!F:F)/100 -> 0.25
B76: OTC | C76: 2315 | D76: 7896004774329 | E76: OTC | F76: ENERGIL | G76: ENERGIL ZINCO 1G+10MG C/10COM EFEV SUP-E | H76: =_xlfn.XLOOKUP($C76,[1]TABELA_PREÇOS!$B:$B,[1]TABELA_PREÇOS!J:J) -> NEUTRA | J76: OTC | K76: NÃO | L76: =IF(ISERROR(VLOOKUP($C76,[1]TABELA_PREÇOS!B:W,$U$8,FALSE))=TRUE,"",VLOOKUP($C76,[1]TABELA_PREÇOS!B:W,$U$8,FALSE)) -> 20.97 | M76: =$L76-($L76*P76) -> 15.7275 | N76: =$H$4 -> 0.0852 | O76: =M76*(1-$N76) -> 14.387517 | P76: =_xlfn.XLOOKUP(C76&$H$2,[1]POLITICA!A:A,[1]POLITICA!F:F)/100 -> 0.25
B77: OTC | C77: 2309 | D77: 7896004774336 | E77: OTC | F77: ENERGIL | G77: ENERGIL ZINCO 1G+10MG C/30COM EFEV SUP-E | H77: =_xlfn.XLOOKUP($C77,[1]TABELA_PREÇOS!$B:$B,[1]TABELA_PREÇOS!J:J) -> NEUTRA | J77: OTC | K77: NÃO | L77: =IF(ISERROR(VLOOKUP($C77,[1]TABELA_PREÇOS!B:W,$U$8,FALSE))=TRUE,"",VLOOKUP($C77,[1]TABELA_PREÇOS!B:W,$U$8,FALSE)) -> 50.38 | M77: =$L77-($L77*P77) -> 37.785 | N77: =$H$4 -> 0.0852 | O77: =M77*(1-$N77) -> 34.565718 | P77: =_xlfn.XLOOKUP(C77&$H$2,[1]POLITICA!A:A,[1]POLITICA!F:F)/100 -> 0.25
B78: OTC | C78: 31047 | D78: 7896004706535 | E78: GASTROINTESTINAL | F78: ESPASMO FLATOL | G78: ESPASMO FLATOL GOTAS 20ML X 1 | H78: POSITIVA | I78: FR X 20 ML | J78: OUTROS | K78: NÃO | L78: =IF(ISERROR(VLOOKUP($C78,[1]TABELA_PREÇOS!B:W,$U$8,FALSE))=TRUE,"",VLOOKUP($C78,[1]TABELA_PREÇOS!B:W,$U$8,FALSE)) -> 20.68 | M78: =$L78-($L78*P78) -> 12.533379 | N78: =$H$4 -> 0.0852 | O78: =M78*(1-$N78) -> 11.465535 | P78: =_xlfn.XLOOKUP(C78&$H$2,[1]POLITICA!A:A,[1]POLITICA!F:F)/100 -> 0.3939372
B79: OTC | C79: 31012 | D79: 7896004812168 | E79: INVERNO | F79: EXPEC | G79: EXPEC XAR. 120ML x 1 | H79: NEGATIVA | I79: FR X 120 ML | J79: SUPER MARCAS | K79: NÃO | L79: =IF(ISERROR(VLOOKUP($C79,[1]TABELA_PREÇOS!B:W,$U$8,FALSE))=TRUE,"",VLOOKUP($C79,[1]TABELA_PREÇOS!B:W,$U$8,FALSE)) -> 40.87 | M79: =$L79-($L79*P79) -> 19.193075 | N79: =$H$4 -> 0.0852 | O79: =M79*(1-$N79) -> 17.557825 | P79: =_xlfn.XLOOKUP(C79&$H$2,[1]POLITICA!A:A,[1]POLITICA!F:F)/100 -> 0.5303872
B80: TAR | C80: 31262 | D80: 7896004731674 | E80: INVERNO | F80: EXPECTAMIN | G80: EXPECTAMIN SOLN ORAL 120ML x 1 | H80: NEGATIVA | I80: SOL.ORAL C/120ML-L | J80: SUPER MARCAS | K80: NÃO | L80: =IF(ISERROR(VLOOKUP($C80,[1]TABELA_PREÇOS!B:W,$U$8,FALSE))=TRUE,"",VLOOKUP($C80,[1]TABELA_PREÇOS!B:W,$U$8,FALSE)) -> 25.8 | M80: =$L80-($L80*P80) -> 13.810342 | N80: =$H$4 -> 0.0852 | O80: =M80*(1-$N80) -> 12.633701 | P80: =_xlfn.XLOOKUP(C80&$H$2,[1]POLITICA!A:A,[1]POLITICA!F:F)/100 -> 0.46471543
B81: OTC | C81: 2023 | D81: 7896004817460 | E81: OTC | F81: GELMAX | G81: GELMAX 4BLT C/6 COMP | H81: =_xlfn.XLOOKUP($C81,[1]TABELA_PREÇOS!$B:$B,[1]TABELA_PREÇOS!J:J) -> NEGATIVA | J81: OTC | K81: NÃO | L81: =IF(ISERROR(VLOOKUP($C81,[1]TABELA_PREÇOS!B:W,$U$8,FALSE))=TRUE,"",VLOOKUP($C81,[1]TABELA_PREÇOS!B:W,$U$8,FALSE)) -> 15.81 | M81: =$L81-($L81*P81) -> 9.1698 | N81: =$H$4 -> 0.0852 | O81: =M81*(1-$N81) -> 8.388533 | P81: =_xlfn.XLOOKUP(C81&$H$2,[1]POLITICA!A:A,[1]POLITICA!F:F)/100 -> 0.42
B82: OTC | C82: 60020 | D82: 7896004817897 | E82: OTC | F82: GELMAX | G82: GELMAX CP PAPAYA-CASSIS BLT 4X6=24 | H82: =_xlfn.XLOOKUP($C82,[1]TABELA_PREÇOS!$B:$B,[1]TABELA_PREÇOS!J:J) -> NEGATIVA | J82: OTC | K82: NÃO | L82: =IF(ISERROR(VLOOKUP($C82,[1]TABELA_PREÇOS!B:W,$U$8,FALSE))=TRUE,"",VLOOKUP($C82,[1]TABELA_PREÇOS!B:W,$U$8,FALSE)) -> 15.81 | M82: =$L82-($L82*P82) -> 9.1698 | N82: =$H$4 -> 0.0852 | O82: =M82*(1-$N82) -> 8.388533 | P82: =_xlfn.XLOOKUP(C82&$H$2,[1]POLITICA!A:A,[1]POLITICA!F:F)/100 -> 0.42
B83: OTC | C83: 60634 | D83: 7896004721361 | E83: OTC | F83: GELMAX | G83: GELMAX DIM SUSP FR. C/240ML | H83: =_xlfn.XLOOKUP($C83,[1]TABELA_PREÇOS!$B:$B,[1]TABELA_PREÇOS!J:J) -> NEGATIVA | J83: OTC | K83: NÃO | L83: =IF(ISERROR(VLOOKUP($C83,[1]TABELA_PREÇOS!B:W,$U$8,FALSE))=TRUE,"",VLOOKUP($C83,[1]TABELA_PREÇOS!B:W,$U$8,FALSE)) -> 28.92 | M83: =$L83-($L83*P83) -> 14.46 | N83: =$H$4 -> 0.0852 | O83: =M83*(1-$N83) -> 13.228008 | P83: =_xlfn.XLOOKUP(C83&$H$2,[1]POLITICA!A:A,[1]POLITICA!F:F)/100 -> 0.5
B84: OTC | C84: 8003 | D84: 7896004817774 | E84: OTC | F84: GELMAX | G84: GELMAX EFERV ABACAXI 100 SACHET C/5 | H84: =_xlfn.XLOOKUP($C84,[1]TABELA_PREÇOS!$B:$B,[1]TABELA_PREÇOS!J:J) -> NEGATIVA | J84: OTC | K84: NÃO | L84: =IF(ISERROR(VLOOKUP($C84,[1]TABELA_PREÇOS!B:W,$U$8,FALSE))=TRUE,"",VLOOKUP($C84,[1]TABELA_PREÇOS!B:W,$U$8,FALSE)) -> 158.32 | M84: =$L84-($L84*P84) -> 90.2424 | N84: =$H$4 -> 0.0852 | O84: =M84*(1-$N84) -> 82.553748 | P84: =_xlfn.XLOOKUP(C84&$H$2,[1]POLITICA!A:A,[1]POLITICA!F:F)/100 -> 0.43
B85: OTC | C85: 1018 | D85: 7896004802473 | E85: OTC | F85: GELMAX | G85: GELMAX SUSP FR C/240ML | H85: =_xlfn.XLOOKUP($C85,[1]TABELA_PREÇOS!$B:$B,[1]TABELA_PREÇOS!J:J) -> NEGATIVA | J85: OTC | K85: NÃO | L85: =IF(ISERROR(VLOOKUP($C85,[1]TABELA_PREÇOS!B:W,$U$8,FALSE))=TRUE,"",VLOOKUP($C85,[1]TABELA_PREÇOS!B:W,$U$8,FALSE)) -> 22.31 | M85: =$L85-($L85*P85) -> 9.92795 | N85: =$H$4 -> 0.0852 | O85: =M85*(1-$N85) -> 9.0820887 | P85: =_xlfn.XLOOKUP(C85&$H$2,[1]POLITICA!A:A,[1]POLITICA!F:F)/100 -> 0.555
B86: OTC | C86: 32484 | D86: 7896004780481 | E86: INVERNO | F86: HEDRA | G86: HEDRA EXPEC | H86: NEGATIVA | I86: 7MG/ML SOL ORAL C/ 100 ML-L | J86: SUPER MARCAS | K86: NÃO | L86: =IF(ISERROR(VLOOKUP($C86,[1]TABELA_PREÇOS!B:W,$U$8,FALSE))=TRUE,"",VLOOKUP($C86,[1]TABELA_PREÇOS!B:W,$U$8,FALSE)) -> 24.56 | M86: =$L86-($L86*P86) -> 10.265248 | N86: =$H$4 -> 0.0852 | O86: =M86*(1-$N86) -> 9.3906492 | P86: =_xlfn.XLOOKUP(C86&$H$2,[1]POLITICA!A:A,[1]POLITICA!F:F)/100 -> 0.58203386
B87: OTC | C87: 31516 | D87: 7896004747507 | E87: DOR | F87: IBUFLEX CAPS | G87: IBUFLEX CAPS GEL 400MG X 40 | H87: NEGATIVA | I87: 10 BLT C/4CAPS GEL.MOLES-L | J87: SUPER MARCAS | K87: NÃO | L87: =IF(ISERROR(VLOOKUP($C87,[1]TABELA_PREÇOS!B:W,$U$8,FALSE))=TRUE,"",VLOOKUP($C87,[1]TABELA_PREÇOS!B:W,$U$8,FALSE)) -> 114.67 | M87: =$L87-($L87*P87) -> 28.353323 | N87: =$H$4 -> 0.0852 | O87: =M87*(1-$N87) -> 25.93762 | P87: =_xlfn.XLOOKUP(C87&$H$2,[1]POLITICA!A:A,[1]POLITICA!F:F)/100 -> 0.75273983
B88: OTC | C88: 31292 | D88: 7896004732930 | E88: DOR | F88: IBUFLEX CAPS | G88: IBUFLEX CAPS GEL 400MG X 8 | H88: NEGATIVA | I88: 2 BLT C/ 4CAPS GEL.MOLES-L | J88: SUPER MARCAS | K88: NÃO | L88: =IF(ISERROR(VLOOKUP($C88,[1]TABELA_PREÇOS!B:W,$U$8,FALSE))=TRUE,"",VLOOKUP($C88,[1]TABELA_PREÇOS!B:W,$U$8,FALSE)) -> 22.96 | M88: =$L88-($L88*P88) -> 5.719175 | N88: =$H$4 -> 0.0852 | O88: =M88*(1-$N88) -> 5.2319013 | P88: =_xlfn.XLOOKUP(C88&$H$2,[1]POLITICA!A:A,[1]POLITICA!F:F)/100 -> 0.75090701
B89: OTC | C89: 31225 | D89: 7896004799902 | E89: DOR | F89: IBUFLEX | G89: IBUFLEX GOTAS 100MG 30ML x 1 /ML | H89: NEGATIVA | I89: SUSP ORAL C/ 30 ML-L | J89: SUPER MARCAS | K89: NÃO | L89: =IF(ISERROR(VLOOKUP($C89,[1]TABELA_PREÇOS!B:W,$U$8,FALSE))=TRUE,"",VLOOKUP($C89,[1]TABELA_PREÇOS!B:W,$U$8,FALSE)) -> 31.69 | M89: =$L89-($L89*P89) -> 2.338722 | N89: =$H$4 -> 0.0852 | O89: =M89*(1-$N89) -> 2.1394629 | P89: =_xlfn.XLOOKUP(C89&$H$2,[1]POLITICA!A:A,[1]POLITICA!F:F)/100 -> 0.9262
B90: TAR | C90: 31713 | D90: 7896004756721 | E90: INVERNO | F90: INALAJET | G90: INALAJET SPRAY NASAL 32 Y X 120 (/DOS) | H90: POSITIVA | I90: SPR NAS 32MCG/DOSE | J90: OUTROS | K90: NÃO | L90: =IF(ISERROR(VLOOKUP($C90,[1]TABELA_PREÇOS!B:W,$U$8,FALSE))=TRUE,"",VLOOKUP($C90,[1]TABELA_PREÇOS!B:W,$U$8,FALSE)) -> 23.75 | M90: =$L90-($L90*P90) -> 16.59175 | N90: =$H$4 -> 0.0852 | O90: =M90*(1-$N90) -> 15.178133 | P90: =_xlfn.XLOOKUP(C90&$H$2,[1]POLITICA!A:A,[1]POLITICA!F:F)/100 -> 0.3014
B91: TAR | C91: 31714 | D91: 7896004756738 | E91: INVERNO | F91: INALAJET | G91: INALAJET SPRAY NASAL 64 Y X 120 (/DOS) | H91: POSITIVA | I91: SPR NAS 64MCG/DOSE | J91: OUTROS | K91: NÃO | L91: =IF(ISERROR(VLOOKUP($C91,[1]TABELA_PREÇOS!B:W,$U$8,FALSE))=TRUE,"",VLOOKUP($C91,[1]TABELA_PREÇOS!B:W,$U$8,FALSE)) -> 42.12 | M91: =$L91-($L91*P91) -> 32.217588 | N91: =$H$4 -> 0.0852 | O91: =M91*(1-$N91) -> 29.47265 | P91: =_xlfn.XLOOKUP(C91&$H$2,[1]POLITICA!A:A,[1]POLITICA!F:F)/100 -> 0.2351
B92: OTC | C92: 31497 | D92: 7896004746531 | E92: DERMA | F92: KELOSIL | G92: KELOSIL GEL SILICONE 15 G X 1 | H92: NEGATIVA | I92: BISN X 15 G | J92: SUPER MARCAS | K92: NÃO | L92: =IF(ISERROR(VLOOKUP($C92,[1]TABELA_PREÇOS!B:W,$U$8,FALSE))=TRUE,"",VLOOKUP($C92,[1]TABELA_PREÇOS!B:W,$U$8,FALSE)) -> 89.44 | M92: =$L92-($L92*P92) -> 67.799131 | N92: =$H$4 -> 0.0852 | O92: =M92*(1-$N92) -> 62.022645 | P92: =_xlfn.XLOOKUP(C92&$H$2,[1]POLITICA!A:A,[1]POLITICA!F:F)/100 -> 0.24195963
B93: OTC | C93: 1915 | D93: 7896004759975 | E93: OTC | F93: LACDAY | G93: LACDAY 10.000FCC COM MAST 6BLTX10 ALIM-E | H93: =_xlfn.XLOOKUP($C93,[1]TABELA_PREÇOS!$B:$B,[1]TABELA_PREÇOS!J:J) -> NEUTRA | J93: OTC | K93: NÃO | L93: =IF(ISERROR(VLOOKUP($C93,[1]TABELA_PREÇOS!B:W,$U$8,FALSE))=TRUE,"",VLOOKUP($C93,[1]TABELA_PREÇOS!B:W,$U$8,FALSE)) -> 112.94 | M93: =$L93-($L93*P93) -> 82.4462 | N93: =$H$4 -> 0.0852 | O93: =M93*(1-$N93) -> 75.421784 | P93: =_xlfn.XLOOKUP(C93&$H$2,[1]POLITICA!A:A,[1]POLITICA!F:F)/100 -> 0.27
B94: OTC | C94: 1962 | D94: 7896004762098 | E94: OTC | F94: LACDAY | G94: LACDAY 10.000FCC COM MAST2BLX4ALIM-E | H94: =_xlfn.XLOOKUP($C94,[1]TABELA_PREÇOS!$B:$B,[1]TABELA_PREÇOS!J:J) -> NEUTRA | J94: OTC | K94: NÃO | L94: =IF(ISERROR(VLOOKUP($C94,[1]TABELA_PREÇOS!B:W,$U$8,FALSE))=TRUE,"",VLOOKUP($C94,[1]TABELA_PREÇOS!B:W,$U$8,FALSE)) -> 20.78 | M94: =$L94-($L94*P94) -> 15.1694 | N94: =$H$4 -> 0.0852 | O94: =M94*(1-$N94) -> 13.876967 | P94: =_xlfn.XLOOKUP(C94&$H$2,[1]POLITICA!A:A,[1]POLITICA!F:F)/100 -> 0.27
B95: OTC | C95: 1820 | D95: 7896004755519 | E95: OTC | F95: LACDAY | G95: LACDAY 10.000FCC COM MAST3BLTX10ALIM-E | H95: =_xlfn.XLOOKUP($C95,[1]TABELA_PREÇOS!$B:$B,[1]TABELA_PREÇOS!J:J) -> NEUTRA | J95: OTC | K95: NÃO | L95: =IF(ISERROR(VLOOKUP($C95,[1]TABELA_PREÇOS!B:W,$U$8,FALSE))=TRUE,"",VLOOKUP($C95,[1]TABELA_PREÇOS!B:W,$U$8,FALSE)) -> 60.77 | M95: =$L95-($L95*P95) -> 44.3621 | N95: =$H$4 -> 0.0852 | O95: =M95*(1-$N95) -> 40.582449 | P95: =_xlfn.XLOOKUP(C95&$H$2,[1]POLITICA!A:A,[1]POLITICA!F:F)/100 -> 0.27
B96: OTC | C96: 17285 | D96: 7895296323017 | E96: GASTROINTESTINAL | F96: LACTANON | G96: LACTANON 10.000FCCCOM MAST3BLT10ALIM-NQ | H96: NEUTRA | I96: 10.000FCCCOM MAST3BLT10ALIM-NQ | J96: OUTROS | K96: NÃO | L96: =IF(ISERROR(VLOOKUP($C96,[1]TABELA_PREÇOS!B:W,$U$8,FALSE))=TRUE,"",VLOOKUP($C96,[1]TABELA_PREÇOS!B:W,$U$8,FALSE)) -> 109.5 | M96: =$L96-($L96*P96) -> 23.59725 | N96: =$H$4 -> 0.0852 | O96: =M96*(1-$N96) -> 21.586764 | P96: =_xlfn.XLOOKUP(C96&$H$2,[1]POLITICA!A:A,[1]POLITICA!F:F)/100 -> 0.7845
B97: OTC | C97: 32460 | D97: 7896004779089 | E97: GASTROINTESTINAL | F97: LACTULIV | G97: LACTULIV 667MG/ML SOL SEM SABOR 120ML-L | H97: NEUTRA | I97: FR X 120 ML | J97: OUTROS | K97: NÃO | L97: =IF(ISERROR(VLOOKUP($C97,[1]TABELA_PREÇOS!B:W,$U$8,FALSE))=TRUE,"",VLOOKUP($C97,[1]TABELA_PREÇOS!B:W,$U$8,FALSE)) -> 46.62 | M97: =$L97-($L97*P97) -> 10.74873 | N97: =$H$4 -> 0.0852 | O97: =M97*(1-$N97) -> 9.8329381 | P97: =_xlfn.XLOOKUP(C97&$H$2,[1]POLITICA!A:A,[1]POLITICA!F:F)/100 -> 0.76943951
B98: OTC | C98: 31933 | D98: 7896004768465 | E98: GASTROINTESTINAL | F98: LACTULIV | G98: LACTULIV XAROPE AMEIX 667MG 120ML X 1 /ML | H98: NEUTRA | I98: FR X 120 ML | J98: OUTROS | K98: NÃO | L98: =IF(ISERROR(VLOOKUP($C98,[1]TABELA_PREÇOS!B:W,$U$8,FALSE))=TRUE,"",VLOOKUP($C98,[1]TABELA_PREÇOS!B:W,$U$8,FALSE)) -> 47.49 | M98: =$L98-($L98*P98) -> 11.330335 | N98: =$H$4 -> 0.0852 | O98: =M98*(1-$N98) -> 10.36499 | P98: =_xlfn.XLOOKUP(C98&$H$2,[1]POLITICA!A:A,[1]POLITICA!F:F)/100 -> 0.76141641
B99: OTC | C99: 31936 | D99: 7896004768472 | E99: GASTROINTESTINAL | F99: LACTULIV | G99: LACTULIV XAROPE S FRU 667MG 120ML X 1 /ML | H99: NEUTRA | I99: FR X 120 ML | J99: OUTROS | K99: NÃO | L99: =IF(ISERROR(VLOOKUP($C99,[1]TABELA_PREÇOS!B:W,$U$8,FALSE))=TRUE,"",VLOOKUP($C99,[1]TABELA_PREÇOS!B:W,$U$8,FALSE)) -> 47.49 | M99: =$L99-($L99*P99) -> 11.160547 | N99: =$H$4 -> 0.0852 | O99: =M99*(1-$N99) -> 10.209668 | P99: =_xlfn.XLOOKUP(C99&$H$2,[1]POLITICA!A:A,[1]POLITICA!F:F)/100 -> 0.76499165
B100: TAR | C100: 19161 | D100: 7896004785769 | E100: GASTROINTESTINAL | F100: LOZEPREL | G100: LOZEPREL 40MG 4BLx7COMP 28 CAP DURA-MLB | H100: POSITIVA | I100: 40MG 4BLx7COMP 28 CAP DURA-MLB | J100: OUTROS | K100: NÃO | L100: =IF(ISERROR(VLOOKUP($C100,[1]TABELA_PREÇOS!B:W,$U$8,FALSE))=TRUE,"",VLOOKUP($C100,[1]TABELA_PREÇOS!B:W,$U$8,FALSE)) -> 64.66 | M100: =$L100-($L100*P100) -> 7.7592 | N100: =$H$4 -> 0.0852 | O100: =M100*(1-$N100) -> 7.0981162 | P100: =_xlfn.XLOOKUP(C100&$H$2,[1]POLITICA!A:A,[1]POLITICA!F:F)/100 -> 0.88
B101: OTC | C101: 32465 | D101: 7896004779201 | E101: OUTROS | F101: MARACUJA CONCEN | G101: MARACUJA CONCENTRI LIQD S/ACUCA 100ML X 1 | H101: NEGATIVA | I101: S/ACUCAR FR100ML-L | J101: OUTROS | K101: NÃO | L101: =IF(ISERROR(VLOOKUP($C101,[1]TABELA_PREÇOS!B:W,$U$8,FALSE))=TRUE,"",VLOOKUP($C101,[1]TABELA_PREÇOS!B:W,$U$8,FALSE)) -> 38.7 | M101: =$L101-($L101*P101) -> 10.214549 | N101: =$H$4 -> 0.0852 | O101: =M101*(1-$N101) -> 9.3442699 | P101: =_xlfn.XLOOKUP(C101&$H$2,[1]POLITICA!A:A,[1]POLITICA!F:F)/100 -> 0.73605815
...
