Workbook
Name \\\: #REF!
Name \0: #REF!
Name \A: #N/A
Name \B: #N/A
Name \C: #REF!
Name \d: #REF!
Name \E: #REF!
Name \F: [1]recobob20022!#REF!
Name \i: #REF!
Name \INC: '[2]jan''04'!#REF!
Name \M: #REF!
Name \P: #REF!
Name \Q: #REF!
Name \R: #REF!
Name \S: #REF!
Name \T: [1]recobob20022!#REF!
Name \V: #REF!
Name \x: #N/A
Name \z: #N/A
Name _____________________________hr4: #REF!
Name _____________________________rh1234: #REF!
Name ____________________________hr4: #REF!
Name ____________________________PG13: #REF!
Name ____________________________rh1234: #REF!
Name ____________________________xlnm.Print_Area_1: #REF!
Name ___________________________hr4: #REF!
Name ___________________________PG1: #REF!
Name ___________________________PG13: '[3]Strt Archi'!#REF!
Name ___________________________PG8: #REF!
Name ___________________________rh1234: #REF!
Name ___________________________sp2: #REF!
Name ___________________________xlnm.Print_Area_1: #REF!
Name ___________________________xlnm.Print_Area_10: #REF!
Name ___________________________xlnm.Print_Area_2: #REF!
Name ___________________________xlnm.Print_Area_25: #REF!
Name ___________________________xlnm.Print_Area_46: #REF!
Name ___________________________xlnm.Print_Titles_28: #REF!
Name ___________________________xlnm.Print_Titles_7: #REF!
Name __________________________hr4: #REF!
Name __________________________PG1: #REF!
Name __________________________PG10: #REF!
Name __________________________PG11: #REF!
Name __________________________PG12: #REF!
Name __________________________PG13: '[4]Strt Archi'!#REF!
Name __________________________PG2: #REF!
Name __________________________PG3: #REF!
Name __________________________PG4: #REF!
Name __________________________PG5: #REF!
Name __________________________PG6: #REF!
Name __________________________PG7: #REF!
Name __________________________PG8: #REF!
Name __________________________rh1234: #REF!
Name __________________________sp2: #REF!
Name __________________________xlnm.Print_Area_1: #REF!
Name __________________________xlnm.Print_Area_10: #REF!
Name __________________________xlnm.Print_Area_11: #REF!
Name __________________________xlnm.Print_Area_15: #REF!
Name __________________________xlnm.Print_Area_17: #REF!
Name __________________________xlnm.Print_Area_2: #REF!
Name __________________________xlnm.Print_Area_25: #REF!

Sheet Grupo Alfamed
A1: CONDIÇÃO COMERCIAL ALFAMED - DIMEBRAS
A2: VÁLIDA PARA COMPRA DIRETO DA RANBAXY | F2: VIGÊNCIA: | G2: 46057 | H2: ATÉ | I2: 46234
A3: Cód | B3: Produto/Apresentação | C3: EAN | D3: Produto Referência | E3: Caixa de Embarque | F3: Sellin | G3: OL | H3: DESCONTO FINAL ENTRADA | I3: DESC. FV DISTRIBUIDOR
A4: 931 | B4: ACECLOFENACO 100 MG C/ 12 COMP. REV. | C4: 7897076909312 | D4: PROFLAN | E4: 128 | F4: 0.78 | G4: 0.05 | H4: =F4+G4 -> 0.83 | I4: 0.75
A5: 934 | B5: ACECLOFENACO 100 MG C/ 24 COMP. REV. | C5: 7897076909343 | D5: PROFLAN | E5: 80 | F5: 0.75 | G5: 0.05 | H5: =F5+G5 -> 0.8 | I5: 0.72
A6: 740 | B6: ACICLOVIR 200 MG C/ 10 COMP. | C6: 7897076907400 | D6: ZOVIRAX | E6: 192 | F6: 0.75 | G6: 0.05 | H6: =F6+G6 -> 0.8 | I6: 0.72
A7: 741 | B7: ACICLOVIR 200 MG C/ 25 COMP. | C7: 7897076907417 | D7: ZOVIRAX | E7: 60 | F7: 0.8 | G7: 0.05 | H7: =F7+G7 -> 0.85 | I7: 0.77
A8: 2202 | B8: ACICLOVIR 200 MG C/ 30 COMP. | C8: 7897076922021 | D8: ZOVIRAX | E8: 240 | F8: 0.75 | G8: 0.05 | H8: =F8+G8 -> 0.8 | I8: 0.72
A9: 742 | B9: ACICLOVIR 400 MG C/ 10 COMP. | C9: 7897076907424 | D9: ZOVIRAX | E9: 192 | F9: 0.75 | G9: 0.05 | H9: =F9+G9 -> 0.8 | I9: 0.72
A10: 743 | B10: ACICLOVIR 400 MG C/ 25 COMP. | C10: 7897076907431 | D10: ZOVIRAX | E10: 60 | F10: 0.77 | G10: 0.05 | H10: =F10+G10 -> 0.82 | I10: 0.74
A11: 2182 | B11: ACICLOVIR 400 MG C/ 30 COMP. | C11: 7897076921826 | D11: ZOVIRAX | E11: 144 | F11: 0.8 | G11: 0.05 | H11: =F11+G11 -> 0.85 | I11: 0.77
A12: 1155 | B12: AMIODARONA, CLORIDRATO DE 100 MG C/ 20 COMP. | C12: 7897076911551 | D12: ATLANSIL | E12: 216 | F12: 0.27 | G12: 0.05 | H12: =F12+G12 -> 0.32 | I12: 0.24
A13: 1156 | B13: AMIODARONA, CLORIDRATO DE 100 MG C/ 30 COMP. | C13: 7897076911568 | D13: ATLANSIL | E13: 216 | F13: 0.31 | G13: 0.05 | H13: =F13+G13 -> 0.36 | I13: 0.28
A14: 1157 | B14: AMIODARONA, CLORIDRATO DE 200 MG C/ 20 COMP. | C14: 7897076911575 | D14: ATLANSIL | E14: 216 | F14: 0.3 | G14: 0.05 | H14: =F14+G14 -> 0.35 | I14: 0.27
A15: 1158 | B15: AMIODARONA, CLORIDRATO DE 200 MG C/ 30 COMP. | C15: 7897076911582 | D15: ATLANSIL | E15: 180 | F15: 0.49 | G15: 0.05 | H15: =F15+G15 -> 0.54 | I15: 0.46
... A28: 1114 | B28: AXETILCEFUROXIMA PÓ SUSP ORAL 250 MG/5ML C/ 70 ML | C28: 7897076911148 | D28: ZINNAT | E28: 30 | F28: 0.08 | G28: 0.05 | H28: =F28+G28 -> 0.13 | I28: 0.07
A29: 2300 | B29: BISOPROLOL, HEMIFUMARATO DE 10 MG C/ 30 COMP. REV. | C29: 7897076923004 | D29: CONCOR | E29: 55 | F29: 0.65 | H29: =F29+G29 -> 0.65 | I29: 0.63
A30: 2298 | B30: BISOPROLOL, HEMIFUMARATO DE 2,5 MG C/ 30 COMP. REV. | C30: 7897076922984 | D30: CONCOR | E30: 77 | F30: 0.69 | H30: =F30+G30 -> 0.69 | I30: 0.67
A31: 2299 | B31: BISOPROLOL, HEMIFUMARATO DE 5 MG C/ 30 COMP. REV. | C31: 7897076922991 | D31: CONCOR | E31: 55 | F31: 0.66 | H31: =F31+G31 -> 0.66 | I31: 0.64
A32: 2343 | B32: BUPROPIONA, CLORIDRATO DE 150 MG C/ 30 COMP | C32: 7897076923431 | D32: WELLBUTRIN XL | E32: 40 | F32: 0.78 | G32: 0.05 | H32: =F32+G32 -> 0.83 | I32: 0.77
A33: 2344 | B33: BUPROPIONA, CLORIDRATO DE 300 MG C/ 30 COMP | C33: 7897076923448 | D33: WELLBUTRIN XL | E33: 40 | F33: 0.53 | G33: 0.05 | H33: =F33+G33 -> 0.58 | I33: 0.5
A34: 2213 | B34: CABERGOLINA 0,5 MG C/ 2 COMP. | C34: 7897076922137 | D34: DOSTINEX | E34: 360 | F34: 0.65 | G34: 0.05 | H34: =F34+G34 -> 0.7 | I34: 0.65
A35: 2214 | B35: CABERGOLINA 0,5 MG C/ 8 COMP. | C35: 7897076922144 | D35: DOSTINEX | E35: 360 | F35: 0.65 | G35: 0.05 | H35: =F35+G35 -> 0.7 | I35: 0.65
A36: 790 | B36: CEFALEXINA 500MG C/8 COMP REV | C36: 7897076907905 | D36: KEPLEX ® - BAGÓ | E36: 192 | F36: 0.7 | H36: =F36+G36 -> 0.7 | I36: 0.68
A37: 791 | B37: CEFALEXINA 500MG C/10 COMP REV | C37: 7897076907912 | D37: KEPLEX ® - BAGÓ | E37: 160 | F37: 0.7 | H37: =F37+G37 -> 0.7 | I37: 0.68
A38: 2224 | B38: CELECOXIBE 200 MG C/ 10 CAP. DURA | C38: 7897076922243 | D38: CELEBRA | E38: 336 | F38: 0.8 | G38: 0.05 | H38: =F38+G38 -> 0.85 | I38: 0.77
A39: 2225 | B39: CELECOXIBE 200 MG C/ 15 CAP. DURA | C39: 7897076922250 | D39: CELEBRA | E39: 144 | F39: 0.77 | G39: 0.05 | H39: =F39+G39 -> 0.82 | I39: 0.77
A40: 1090 | B40: CINARIZINA 25 MG C/ 30 COMP. | C40: 7897076910905 | D40: STUGERON | E40: 144 | F40: 0.32 | G40: 0.05 | H40: =F40+G40 -> 0.37 | I40: 0.3
A41: 1092 | B41: CINARIZINA 75 MG C/ 30 COMP. | C41: 7897076910929 | D41: STUGERON | E41: 144 | F41: 0.26 | G41: 0.05 | H41: =F41+G41 -> 0.31 | I41: 0.24
A42: 1270 | B42: CITALOPRAM, BROMIDRATO DE 20 MG C/ 30 COMP. REV. | C42: 7897076912701 | D42: CIPRAMIL | E42: 288 | F42: 0.84 | H42: =F42+G42 -> 0.84 | I42: 0.82
A43: 1233 | B43: CLOPIDOGREL, BISSULFATO DE 75 MG C/ 28 COMP. REV. | C43: 7897076912336 | D43: PLAVIX | E43: 168 | F43: 0.78 | G43: 0.05 | H43: =F43+G43 -> 0.83 | I43: 0.75
A44: 1234 | B44: CLOPIDOGREL, BISSULFATO DE 75 MG C/ 30 COMP. REV. | C44: 7897076912343 | D44: PLAVIX | E44: 180 | F44: 0.78 | G44: 0.05 | H44: =F44+G44 -> 0.83 | I44: 0.75
A45: 2363 | B45: CLORID. DE DORZOLAMIDA + MAL. TIMOLOL 20 + 5 MG/ML SOL OFT | C45: 7897076923639 | D45: COSOPT | E45: 420 | F45: 0.35 | G45: 0.05 | H45: =F45+G45 -> 0.4 | I45: 0.32
A46: 2187 | B46: DIVALPROATO DE SÓDIO 250 MG C/ 30 COMP. REV. LIB. PROL. | C46: 7897076921871 | D46: DEPAKOTE | E46: 108 | F46: 0.45 | G46: 0.05 | H46: =F46+G46 -> 0.5 | I46: 0.42
A47: 2190 | B47: DIVALPROATO DE SÓDIO 500 MG C/ 30 COMP. REV. LIB. PROL. | C47: 7897076921901 | D47: DEPAKOTE | E47: 72 | F47: 0.45 | G47: 0.05 | H47: =F47+G47 -> 0.5 | I47: 0.42
A48: 2329 | B48: DIVALPROATO DE SÓDIO 500 MG C/ 60 COMP. REV. LIB. PROL. | C48: 7897076923295 | D48: DEPAKOTE | E48: 48 | F48: 0.55 | G48: 0.05 | H48: =F48+G48 -> 0.6 | I48: 0.52
A49: 1218 | B49: DOMPERIDONA 10 MG C/ 30 COMP. | C49: 7897076912183 | D49: MOTILIUM | E49: 144 | F49: 0.75 | G49: 0.05 | H49: =F49+G49 -> 0.8 | I49: 0.72
A50: 1219 | B50: DOMPERIDONA 10 MG C/ 60 COMP. | C50: 7897076912190 | D50: MOTILIUM | E50: 120 | F50: 0.75 | G50: 0.05 | H50: =F50+G50 -> 0.8 | I50: 0.72
A51: 1206 | B51: DONEPEZILA, CLORIDRATO DE 10 MG C/ 30 COMP. REV. | C51: 7897076912060 | D51: ERANZ | E51: 288 | F51: 0.85 | H51: =F51+G51 -> 0.85 | I51: 0.83
A52: 1142 | B52: DONEPEZILA, CLORIDRATO DE 5 MG C/ 30 COMP. REV. | C52: 7897076911421 | D52: ERANZ | E52: 192 | F52: 0.82 | H52: =F52+G52 -> 0.82 | I52: 0.8
A53: 1215 | B53: DOXAZOSINA, MESILATO DE 2 MG C/ 30 COMP. | C53: 7897076912152 | D53: CARDURAN | E53: 112 | F53: 0.65 | H53: =F53+G53 -> 0.65 | I53: 0.63
A54: 2069 | B54: ESCITALOPRAM, OXALATO DE 10 MG C/ 30 COMP. REV. | C54: 7897076920690 | D54: LEXAPRO | E54: 180 | F54: 0.87 | G54: 0.05 | H54: =F54+G54 -> 0.92 | I54: 0.84
A55: 1900 | B55: ESCITALOPRAM, OXALATO DE 15 MG C/ 30 COMP. REV. | C55: 7897076919007 | D55: LEXAPRO | E55: 144 | F55: 0.8 | G55: 0.05 | H55: =F55+G55 -> 0.85 | I55: 0.77
A56: 1910 | B56: ESCITALOPRAM, OXALATO DE 20 MG C/ 30 COMP. REV. | C56: 7897076919106 | D56: LEXAPRO | E56: 120 | F56: 0.85 | G56: 0.05 | H56: =F56+G56 -> 0.9 | I56: 0.82
A57: 1404 | B57: ESOMEPRAZOL MAGNÉSIO 20 MG C/ 14 COMP. REV. LIB. RET. | C57: 7897076914040 | D57: NEXIUM | E57: 120 | F57: 0.78 | H57: =F57+G57 -> 0.78 | I57: 0.76
A58: 1405 | B58: ESOMEPRAZOL MAGNÉSIO 20 MG C/ 28 COMP. REV. LIB. RET. | C58: 7897076914057 | D58: NEXIUM | E58: 84 | F58: 0.78 | G58: 0.05 | H58: =F58+G58 -> 0.83 | I58: 0.75
A59: 1407 | B59: ESOMEPRAZOL MAGNÉSIO 40 MG C/ 14 COMP. REV. LIB. RET. | C59: 7897076914071 | D59: NEXIUM | E59: 180 | F59: 0.78 | H59: =F59+G59 -> 0.78 | I59: 0.76
A60: 1408 | B60: ESOMEPRAZOL MAGNÉSIO 40 MG C/ 28 COMP. REV. LIB. RET. | C60: 7897076914088 | D60: NEXIUM | E60: 108 | F60: 0.78 | G60: 0.05 | H60: =F60+G60 -> 0.83 | I60: 0.75
A61: 2392 | B61: FENOFIBRATO 160MG C/ 60 CPR | C61: 7897076923929 | D61: LIPIDIL | E61: 60 | F61: 0.35 | G61: 0.05 | H61: =F61+G61 -> 0.4 | I61: 0.34
A62: 2391 | B62: FENOFIBRATO 160MG C/ 30 CPR | C62: 7897076923912 | D62: LIPIDIL | E62: 180 | F62: 0.35 | G62: 0.05 | H62: =F62+G62 -> 0.4 | I62: 0.34
A63: 1095 | B63: FEXOFENADINA, CLORIDRATO DE 120 MG C/ 10 COMP. REV. | C63: 7897076910950 | D63: ALLEGRA | E63: 160 | F63: 0.82 | H63: =F63+G63 -> 0.82 | I63: 0.8
A64: 1097 | B64: FEXOFENADINA, CLORIDRATO DE 180 MG C/ 10 COMP. REV. | C64: 7897076910974 | D64: ALLEGRA | E64: 160 | F64: 0.82 | H64: =F64+G64 -> 0.82 | I64: 0.8
A65: 2238 | B65: GLICLAZIDA 30 MG C/ 30 COMP. LIB. PROL. | C65: 7897076922380 | D65: DIAMICRON MR | E65: 144 | F65: 0.61 | G65: 0.05 | H65: =F65+G65 -> 0.66 | I65: 0.58
A66: 2239 | B66: GLICLAZIDA 30 MG C/ 60 COMP. LIB. PROL. | C66: 7897076922397 | D66: DIAMICRON MR | E66: 128 | F66: 0.62 | G66: 0.05 | H66: =F66+G66 -> 0.67 | I66: 0.58
A67: 2240 | B67: GLICLAZIDA 60 MG C/ 30 COMP. LIB. PROL. | C67: 7897076922403 | D67: DIAMICRON MR | E67: 128 | F67: 0.58 | G67: 0.05 | H67: =F67+G67 -> 0.63 | I67: 0.56
A68: 2241 | B68: GLICLAZIDA 60 MG C/ 60 COMP. LIB. PROL. | C68: 7897076922410 | D68: DIAMICRON MR | E68: 64 | F68: 0.58 | G68: 0.05 | H68: =F68+G68 -> 0.63 | I68: 0.56
A69: 1855 | B69: IRBESARTANA + HCT 150+12,5MG X 30 COMP | C69: 7897076918550 | D69: APROZIDE | E69: 80 | F69: 0.28 | G69: 0.05 | H69: =F69+G69 -> 0.33 | I69: 0.25
A70: 1858 | B70: IRBESARTANA + HCT 300+12,5MG X 30 COMP | C70: 7897076918581 | D70: APROZIDE | E70: 80 | F70: 0.28 | G70: 0.05 | H70: =F70+G70 -> 0.33 | I70: 0.25
A71: 1933 | B71: ISOTRETINOINA 20 MG C/ 30 CAP. | C71: 7897076919335 | D71: ROACUTAN | E71: 160 | F71: 0.74 | G71: 0.05 | H71: =F71+G71 -> 0.79 | I71: 0.73
A72: 1176 | B72: LAMOTRIGINA 25 MG C/ 30 COMP. | C72: 7897076911766 | D72: LAMICTAL | E72: 96 | F72: 0.8 | H72: =F72+G72 -> 0.8 | I72: 0.78
A73: 1177 | B73: LAMOTRIGINA 50 MG C/ 30 COMP. | C73: 7897076911773 | D73: LAMICTAL | E73: 96 | F73: 0.745 | H73: =F73+G73 -> 0.745 | I73: 0.725
A74: 1178 | B74: LAMOTRIGINA 100 MG C/ 30 COMP. | C74: 7897076911780 | D74: LAMICTAL | E74: 192 | F74: 0.8 | H74: =F74+G74 -> 0.8 | I74: 0.78
A75: 2149 | B75: LEVOCETIRIZINA, DICLORIDRATO DE 5 MG C/ 10 COMP. REV. | C75: 7897076921499 | D75: ZYXEM | E75: 120 | F75: 0.69 | G75: 0.05 | H75: =F75+G75 -> 0.74 | I75: 0.67
A76: 678 | B76: LORATADINA 10 MG C/ 12 COMP. | C76: 7897076906786 | D76: CLARITIN | E76: 144 | F76: 0.8 | H76: =F76+G76 -> 0.8 | I76: 0.78
A77: 2351 | B77: LOSARTANA POTASSICA + HCT 100 MG + 25 MG C/ 30 COMP. | C77: 7897076923516 | D77: HYZAAR | E77: 144 | F77: 0.785 | H77: =F77+G77 -> 0.785 | I77: 0.765
A78: 2352 | B78: LOSARTANA POTASSICA + HCT 100 MG + 25 MG C/ 60 COMP. | C78: 7897076923523 | D78: HYZAAR | E78: 80 | F78: 0.785 | H78: =F78+G78 -> 0.785 | I78: 0.765
A79: 2349 | B79: LOSARTANA POTASSICA + HCT 50 MG + 12,5MG C/ 30 COMP. | C79: 7897076923493 | D79: HYZAAR | E79: 144 | F79: 0.785 | H79: =F79+G79 -> 0.785 | I79: 0.765
A80: 2350 | B80: LOSARTANA POTASSICA + HCT 50 MG + 12,5MG C/ 60 COMP. | C80: 7897076923509 | D80: HYZAAR | E80: 90 | F80: 0.785 | H80: =F80+G80 -> 0.785 | I80: 0.765
A81: 2302 | B81: MESALAZINA 1200 MG C/ 30 COMP. | C81: 7897076923028 | D81: MESACOL | E81: 80 | F81: 0.25 | G81: 0.05 | H81: =F81+G81 -> 0.3 | I81: 0.23
A82: 912 | B82: MINOCICLINA, CLORIDRATO DE 100 MG C/ 30 COMP. REV. | C82: 7897076909121 | D82: GENERICO RANBAXY | E82: 112 | F82: 0.25 | G82: 0.05 | H82: =F82+G82 -> 0.3 | I82: 0.23
A83: 2297 | B83: MONTELUCASTE DE SÓDIO 10 MG C/ 30 COMP. REV. | C83: 7897076922977 | D83: SINGULAIR | E83: 192 | F83: 0.72 | G83: 0.05 | H83: =F83+G83 -> 0.77 | I83: 0.72
A84: 2295 | B84: MONTELUCASTE DE SÓDIO 4 MG C/ 30 COMP. MAST. | C84: 7897076922953 | D84: SINGULAIR | E84: 192 | F84: 0.72 | G84: 0.05 | H84: =F84+G84 -> 0.77 | I84: 0.72
A85: 2296 | B85: MONTELUCASTE DE SÓDIO 5 MG C/ 30 COMP. MAST. | C85: 7897076922960 | D85: SINGULAIR | E85: 192 | F85: 0.72 | G85: 0.05 | H85: =F85+G85 -> 0.77 | I85: 0.72
A86: 771 | B86: NORFLOXACINO 400 MG C/ 14 COMP. REV. | C86: 7897076907714 | D86: FLOXACIN | E86: 160 | F86: 0.73 | G86: 0.05 | H86: =F86+G86 -> 0.78 | I86: 0.72
A87: 1227 | B87: NORTRIPTILINA, CLORIDRATO DE 25 MG C/ 30 CAP | C87: 7897076912275 | D87: PAMELOR | E87: 270 | F87: 0.6 | G87: 0.05 | H87: =F87+G87 -> 0.65 | I87: 0.57
A88: 1229 | B88: NORTRIPTILINA, CLORIDRATO DE 50 MG C/ 30 CAP | C88: 7897076912299 | D88: PAMELOR | E88: 120 | F88: 0.33 | G88: 0.05 | H88: =F88+G88 -> 0.38 | I88: 0.3
A89: 1231 | B89: NORTRIPTILINA, CLORIDRATO DE 75 MG C/ 30 CAP | C89: 7897076912312 | D89: PAMELOR | E89: 120 | F89: 0.33 | G89: 0.05 | H89: =F89+G89 -> 0.38 | I89: 0.3
A90: 2287 | B90: OLOPATADINA, CLORIDRATO DE 1 MG/ML C/ 5 ML | C90: 7897076922878 | D90: PATANOL | E90: 420 | F90: 0.32 | G90: 0.05 | H90: =F90+G90 -> 0.37 | I90: 0.29
A91: 2288 | B91: OLOPATADINA, CLORIDRATO DE 2 MG/ML C/ 2,5 ML | C91: 7897076922885 | D91: PATANOL | E91: 420 | F91: 0.35 | G91: 0.05 | H91: =F91+G91 -> 0.4 | I91: 0.32
A92: 2359 | B92: ONDANSETRONA 4 MG ESTOJO,BLISTER C/ 10 COMP. | C92: 7897076923592 | D92: VONAU FLASH | E92: 240 | F92: 0.78 | G92: 0.05 | H92: =F92+G92 -> 0.83 | I92: 0.76
... A101: 1953 | B101: PREGABALINA 75 MG C/ 28 CAP. DURA | C101: 7897076919533 | D101: LYRICA | E101: 120 | F101: 0.86 | G101: 0.05 | H101: =F101+G101 -> 0.91 | I101: 0.83
A102: 2215 | B102: PREGABALINA 75 MG C/ 30 CAP. DURA | C102: 7897076922151 | D102: LYRICA | E102: 180 | F102: 0.86 | H102: =F102+G102 -> 0.86 | I102: 0.84
A103: 1959 | B103: PREGABALINA 150 MG C/ 28 CAP. DURA | C103: 7897076919595 | D103: LYRICA | E103: 144 | F103: 0.86 | G103: 0.05 | H103: =F103+G103 -> 0.91 | I103: 0.83
A104: 2218 | B104: PREGABALINA 150 MG C/ 30 CAP. DURA | C104: 7897076922182 | D104: LYRICA | E104: 180 | F104: 0.86 | H104: =F104+G104 -> 0.86 | I104: 0.84
A105: 2263 | B105: RIVASTIGMINA, HEMITARTARATO DE 1,5 MG C/ 30 CAP. DURA | C105: 7897076922632 | D105: EXELON | E105: 192 | F105: 0.56 | G105: 0.05 | H105: =F105+G105 -> 0.61 | I105: 0.56
A106: 2264 | B106: RIVASTIGMINA, HEMITARTARATO DE 3 MG C/ 30 CAP. DURA | C106: 7897076922649 | D106: EXELON | E106: 192 | F106: 0.56 | G106: 0.05 | H106: =F106+G106 -> 0.61 | I106: 0.56
A107: 2262 | B107: RIVASTIGMINA, HEMITARTARATO DE 4,5 MG C/ 30 CAP. DURA | C107: 7897076922656 | D107: EXELON | E107: 192 | F107: 0.56 | G107: 0.05 | H107: =F107+G107 -> 0.61 | I107: 0.56
A108: 2266 | B108: RIVASTIGMINA, HEMITARTARATO DE 6 MG C/ 30 CAP. DURA | C108: 7897076922663 | D108: EXELON | E108: 192 | F108: 0.56 | G108: 0.05 | H108: =F108+G108 -> 0.61 | I108: 0.56
A109: 2221 | B109: ROSUVASTATINA CÁLCICA 5 MG C/ 30 COMP. REV. | C109: 7897076922212 | D109: CRESTOR | E109: 240 | F109: 0.72 | G109: 0.05 | H109: =F109+G109 -> 0.77 | I109: 0.69
A110: 2242 | B110: ROSUVASTATINA CÁLCICA 5 MG C/ 60 COMP. REV. | C110: 7897076922427 | D110: CRESTOR | E110: 120 | F110: 0.65 | G110: 0.05 | H110: =F110+G110 -> 0.7 | I110: 0.62
A111: 1774 | B111: ROSUVASTATINA CÁLCICA 10 MG C/ 30 COMP. REV. | C111: 7897076917744 | D111: CRESTOR | E111: 224 | F111: 0.72 | G111: 0.05 | H111: =F111+G111 -> 0.77 | I111: 0.69
A112: 1778 | B112: ROSUVASTATINA CÁLCICA 20 MG C/ 30 COMP. REV. | C112: 7897076917782 | D112: CRESTOR | E112: 192 | F112: 0.72 | G112: 0.05 | H112: =F112+G112 -> 0.77 | I112: 0.69
A113: 1106 | B113: SECNIDAZOL 1000 MG C/ 2 COMP. REV. | C113: 7897076911063 | D113: SECNIDAL | E113: 192 | F113: 0.76 | G113: 0.05 | H113: =F113+G113 -> 0.81 | I113: 0.76
A114: 1107 | B114: SECNIDAZOL 1000 MG C/ 4 COMP. REV. | C114: 7897076911070 | D114: SECNIDAL | E114: 192 | F114: 0.76 | G114: 0.05 | H114: =F114+G114 -> 0.81 | I114: 0.76
A115: 814 | B115: SERTRALINA, CLORIDRATO DE 50 MG C/ 30 COMP. REV. | C115: 7897076908148 | D115: ZOLOFT | E115: 112 | F115: 0.81 | H115: =F115+G115 -> 0.81 | I115: 0.79
A116: 2353 | B116: SITAGLIPTINA, FOSFATO DE 25 MG C/ 30 COMP. REV. | C116: 7897076923530 | D116: JANUVIA | E116: 240 | F116: 0.5 | G116: 0.05 | H116: =F116+G116 -> 0.55 | I116: 0.5
A117: 2355 | B117: SITAGLIPTINA, FOSFATO DE 50 MG C/ 30 COMP. REV. | C117: 7897076923554 | D117: JANUVIA | E117: 192 | F117: 0.62 | G117: 0.05 | H117: =F117+G117 -> 0.67 | I117: 0.62
A118: 2357 | B118: SITAGLIPTINA, FOSFATO DE 100 MG C/ 30 COMP. REV. | C118: 7897076923578 | D118: JANUVIA | E118: 216 | F118: 0.62 | G118: 0.05 | H118: =F118+G118 -> 0.67 | I118: 0.62
A119: 2168 | B119: SOLIFENACINA, SUCCINATO DE 10 MG C/ 30 COMP. REV. | C119: 7897076921680 | D119: VESICARE | E119: 96 | F119: 0.55 | G119: 0.05 | H119: =F119+G119 -> 0.6 | I119: 0.52
A120: 2167 | B120: SOLIFENACINA, SUCCINATO DE 5 MG C/ 30 COMP. REV. | C120: 7897076921673 | D120: VESICARE | E120: 96 | F120: 0.55 | G120: 0.05 | H120: =F120+G120 -> 0.6 | I120: 0.52
...

Sheet SC
B1: RANBAXY FARMACÊUTICA LTDA
B2: a SUN PHARMA company
B3: AV. EUGÊNIO BORGES, 1.060 - ARSENAL - SG - RJ
B4: C.N.P.J 73.663.650/0001-90 INSC. EST. 85.396.757
B6: CONDIÇÃO COMERCIAL Fevereiro/26
B8: Cód | C8: Produto/Apresentação | D8: EAN | E8: Pis-Cofins | F8: Caixa de Embarque | G8: PF - 12% | H8: DESCONTO COMPRA | I8: SPREAD | J8: Desc Final | K8: Repasse | L8: Vlr Liquido
B9: 931 | C9: ACECLOFENACO 100 MG C/ 12 COMP. REV. | D9: 7897076909312 | E9: Positivo | F9: 128 | G9: =VLOOKUP(B9,tABELA!C:BO,62,0) -> 35.186138 | H9: =VLOOKUP(B9,'Grupo Alfamed'!A:I,6,0) -> 0.78 | I9: 0.05 | J9: =H9+I9 -> 0.83 | K9: 0.0833 | L9: =(G9-G9*J9)*(1-K9) -> 5.4833725
B10: 934 | C10: ACECLOFENACO 100 MG C/ 24 COMP. REV. | D10: 7897076909343 | E10: Positivo | F10: 80 | G10: =VLOOKUP(B10,tABELA!C:BO,62,0) -> 65.853177 | H10: =VLOOKUP(B10,'Grupo Alfamed'!A:I,6,0) -> 0.75 | I10: 0.05 | J10: =H10+I10 -> 0.8 | K10: 0.0833 | L10: =(G10-G10*J10)*(1-K10) -> 12.073521
B11: 740 | C11: ACICLOVIR 200 MG C/ 10 COMP. | D11: 7897076907400 | E11: Positivo | F11: 192 | G11: =VLOOKUP(B11,tABELA!C:BO,62,0) -> 40.418143 | H11: =VLOOKUP(B11,'Grupo Alfamed'!A:I,6,0) -> 0.75 | I11: 0.05 | J11: =H11+I11 -> 0.8 | K11: 0.0833 | L11: =(G11-G11*J11)*(1-K11) -> 7.4102622
B12: 741 | C12: ACICLOVIR 200 MG C/ 25 COMP. | D12: 7897076907417 | E12: Positivo | F12: 60 | G12: =VLOOKUP(B12,tABELA!C:BO,62,0) -> 84.340399 | H12: =VLOOKUP(B12,'Grupo Alfamed'!A:I,6,0) -> 0.8 | I12: 0.05 | J12: =H12+I12 -> 0.85 | K12: 0.0833 | L12: =(G12-G12*J12)*(1-K12) -> 11.597227
B13: 2202 | C13: ACICLOVIR 200 MG C/ 30 COMP. | D13: 7897076922021 | E13: Positivo | F13: 240 | G13: =VLOOKUP(B13,tABELA!C:BO,62,0) -> 111.27374 | H13: =VLOOKUP(B13,'Grupo Alfamed'!A:I,6,0) -> 0.75 | I13: 0.05 | J13: =H13+I13 -> 0.8 | K13: 0.0833 | L13: =(G13-G13*J13)*(1-K13) -> 20.400928
B14: 742 | C14: ACICLOVIR 400 MG C/ 10 COMP. | D14: 7897076907424 | E14: Positivo | F14: 192 | G14: =VLOOKUP(B14,tABELA!C:BO,62,0) -> 80.945033 | H14: =VLOOKUP(B14,'Grupo Alfamed'!A:I,6,0) -> 0.75 | I14: 0.05 | J14: =H14+I14 -> 0.8 | K14: 0.0833 | L14: =(G14-G14*J14)*(1-K14) -> 14.840462
B15: 743 | C15: ACICLOVIR 400 MG C/ 25 COMP. | D15: 7897076907431 | E15: Positivo | F15: 60 | G15: =VLOOKUP(B15,tABELA!C:BO,62,0) -> 168.6808 | H15: =VLOOKUP(B15,'Grupo Alfamed'!A:I,6,0) -> 0.77 | I15: 0.05 | J15: =H15+I15 -> 0.82 | K15: 0.0833 | L15: =(G15-G15*J15)*(1-K15) -> 27.833344
B16: 2182 | C16: ACICLOVIR 400 MG C/ 30 COMP. | D16: 7897076921826 | E16: Positivo | F16: 144 | G16: =VLOOKUP(B16,tABELA!C:BO,62,0) -> 222.71665 | H16: =VLOOKUP(B16,'Grupo Alfamed'!A:I,6,0) -> 0.8 | I16: 0.05 | J16: =H16+I16 -> 0.85 | K16: 0.0833 | L16: =(G16-G16*J16)*(1-K16) -> 30.624653
B17: 1155 | C17: AMIODARONA, CLORIDRATO DE 100 MG C/ 20 COMP. | D17: 7897076911551 | E17: Positivo | F17: 216 | G17: =VLOOKUP(B17,tABELA!C:BO,62,0) -> 11.330821 | H17: =VLOOKUP(B17,'Grupo Alfamed'!A:I,6,0) -> 0.27 | I17: 0.05 | J17: =H17+I17 -> 0.32 | K17: 0.0833 | L17: =(G17-G17*J17)*(1-K17) -> 7.0631353
B18: 1156 | C18: AMIODARONA, CLORIDRATO DE 100 MG C/ 30 COMP. | D18: 7897076911568 | E18: Positivo | F18: 216 | G18: =VLOOKUP(B18,tABELA!C:BO,62,0) -> 17.008159 | H18: =VLOOKUP(B18,'Grupo Alfamed'!A:I,6,0) -> 0.31 | I18: 0.05 | J18: =H18+I18 -> 0.36 | K18: 0.0833 | L18: =(G18-G18*J18)*(1-K18) -> 9.9784826
B19: 1157 | C19: AMIODARONA, CLORIDRATO DE 200 MG C/ 20 COMP. | D19: 7897076911575 | E19: Positivo | F19: 216 | G19: =VLOOKUP(B19,tABELA!C:BO,62,0) -> 22.709351 | H19: =VLOOKUP(B19,'Grupo Alfamed'!A:I,6,0) -> 0.3 | I19: 0.05 | J19: =H19+I19 -> 0.35 | K19: 0.0833 | L19: =(G19-G19*J19)*(1-K19) -> 13.53148
B20: 1158 | C20: AMIODARONA, CLORIDRATO DE 200 MG C/ 30 COMP. | D20: 7897076911582 | E20: Positivo | F20: 180 | G20: =VLOOKUP(B20,tABELA!C:BO,62,0) -> 34.064026 | H20: =VLOOKUP(B20,'Grupo Alfamed'!A:I,6,0) -> 0.49 | I20: 0.05 | J20: =H20+I20 -> 0.54 | K20: 0.0833 | L20: =(G20-G20*J20)*(1-K20) -> 14.364187
... B33: 1114 | C33: AXETILCEFUROXIMA PÓ SUSP ORAL 250 MG/5ML C/ 70 ML | D33: 7897076911148 | E33: Positivo | F33: 30 | G33: =VLOOKUP(B33,tABELA!C:BO,62,0) -> 111.28059 | H33: =VLOOKUP(B33,'Grupo Alfamed'!A:I,6,0) -> 0.08 | I33: 0.05 | J33: =H33+I33 -> 0.13 | K33: 0.0833 | L33: =(G33-G33*J33)*(1-K33) -> 88.749497
A34: * | B34: 2300 | C34: BISOPROLOL, HEMIFUMARATO DE 10 MG C/ 30 COMP. REV. | D34: 7897076923004 | E34: Positivo | F34: 55 | G34: =VLOOKUP(B34,tABELA!C:BO,62,0) -> 57.358721 | H34: =VLOOKUP(B34,'Grupo Alfamed'!A:I,6,0) -> 0.65 | I34: 0.05 | J34: =H34+I34 -> 0.7 | K34: 0.0833 | L34: =(G34-G34*J34)*(1-K34) -> 15.774222
A35: * | B35: 2298 | C35: BISOPROLOL, HEMIFUMARATO DE 2,5 MG C/ 30 COMP. REV. | D35: 7897076922984 | E35: Positivo | F35: 77 | G35: =VLOOKUP(B35,tABELA!C:BO,62,0) -> 41.372712 | H35: =VLOOKUP(B35,'Grupo Alfamed'!A:I,6,0) -> 0.69 | I35: 0.05 | J35: =H35+I35 -> 0.74 | K35: 0.0833 | L35: =(G35-G35*J35)*(1-K35) -> 9.8608548
A36: * | B36: 2299 | C36: BISOPROLOL, HEMIFUMARATO DE 5 MG C/ 30 COMP. REV. | D36: 7897076922991 | E36: Positivo | F36: 55 | G36: =VLOOKUP(B36,tABELA!C:BO,62,0) -> 50.326327 | H36: =VLOOKUP(B36,'Grupo Alfamed'!A:I,6,0) -> 0.66 | I36: 0.05 | J36: =H36+I36 -> 0.71 | K36: 0.0833 | L36: =(G36-G36*J36)*(1-K36) -> 13.378902
B37: 2343 | C37: BUPROPIONA, CLORIDRATO DE 150 MG C/ 30 COMP | D37: 7897076923431 | E37: Positivo | F37: 40 | G37: =VLOOKUP(B37,tABELA!C:BO,62,0) -> 124.66188 | H37: =VLOOKUP(B37,'Grupo Alfamed'!A:I,6,0) -> 0.78 | I37: 0.05 | J37: =H37+I37 -> 0.83 | K37: 0.0833 | L37: =(G37-G37*J37)*(1-K37) -> 19.427182
B38: 2344 | C38: BUPROPIONA, CLORIDRATO DE 300 MG C/ 30 COMP | D38: 7897076923448 | E38: Positivo | F38: 40 | G38: =VLOOKUP(B38,tABELA!C:BO,62,0) -> 140.52705 | H38: =VLOOKUP(B38,'Grupo Alfamed'!A:I,6,0) -> 0.53 | I38: 0.05 | J38: =H38+I38 -> 0.58 | K38: 0.0833 | L38: =(G38-G38*J38)*(1-K38) -> 54.104883
B39: 2213 | C39: CABERGOLINA 0,5 MG C/ 2 COMP. | D39: 7897076922137 | E39: Positivo | F39: 360 | G39: =VLOOKUP(B39,tABELA!C:BO,62,0) -> 69.475824 | H39: =VLOOKUP(B39,'Grupo Alfamed'!A:I,6,0) -> 0.65 | I39: 0.05 | J39: =H39+I39 -> 0.7 | K39: 0.0833 | L39: =(G39-G39*J39)*(1-K39) -> 19.106546
B40: 2214 | C40: CABERGOLINA 0,5 MG C/ 8 COMP. | D40: 7897076922144 | E40: Positivo | F40: 360 | G40: =VLOOKUP(B40,tABELA!C:BO,62,0) -> 240.38039 | H40: =VLOOKUP(B40,'Grupo Alfamed'!A:I,6,0) -> 0.65 | I40: 0.05 | J40: =H40+I40 -> 0.7 | K40: 0.0833 | L40: =(G40-G40*J40)*(1-K40) -> 66.10701
A41: * | B41: 791 | C41: CEFALEXINA 500MG C/10 COMP REV | D41: 7897076907912 | E41: Positivo | F41: 160 | G41: =VLOOKUP(B41,tABELA!C:BO,62,0) -> 22.971749 | H41: =VLOOKUP(B41,'Grupo Alfamed'!A:I,6,0) -> 0.7 | I41: 0.05 | J41: =H41+I41 -> 0.75 | K41: 0.0833 | L41: =(G41-G41*J41)*(1-K41) -> 5.2645505
A42: * | B42: 790 | C42: CEFALEXINA 500MG C/8 COMP REV | D42: 7897076907905 | E42: Positivo | F42: 192 | G42: =VLOOKUP(B42,tABELA!C:BO,62,0) -> 18.379784 | H42: =VLOOKUP(B42,'Grupo Alfamed'!A:I,6,0) -> 0.7 | I42: 0.05 | J42: =H42+I42 -> 0.75 | K42: 0.0833 | L42: =(G42-G42*J42)*(1-K42) -> 4.2121871
B43: 2224 | C43: CELECOXIBE 200 MG C/ 10 CAP. DURA | D43: 7897076922243 | E43: Positivo | F43: 336 | G43: =VLOOKUP(B43,tABELA!C:BO,62,0) -> 37.64218 | H43: =VLOOKUP(B43,'Grupo Alfamed'!A:I,6,0) -> 0.8 | I43: 0.05 | J43: =H43+I43 -> 0.85 | K43: 0.0833 | L43: =(G43-G43*J43)*(1-K43) -> 5.175988
B44: 2225 | C44: CELECOXIBE 200 MG C/ 15 CAP. DURA | D44: 7897076922250 | E44: Positivo | F44: 144 | G44: =VLOOKUP(B44,tABELA!C:BO,62,0) -> 55.735712 | H44: =VLOOKUP(B44,'Grupo Alfamed'!A:I,6,0) -> 0.77 | I44: 0.05 | J44: =H44+I44 -> 0.82 | K44: 0.0833 | L44: =(G44-G44*J44)*(1-K44) -> 9.1967269
B45: 1090 | C45: CINARIZINA 25 MG C/ 30 COMP. | D45: 7897076910905 | E45: Positivo | F45: 144 | G45: =VLOOKUP(B45,tABELA!C:BO,62,0) -> 12.489252 | H45: =VLOOKUP(B45,'Grupo Alfamed'!A:I,6,0) -> 0.32 | I45: 0.05 | J45: =H45+I45 -> 0.37 | K45: 0.0833 | L45: =(G45-G45*J45)*(1-K45) -> 7.2128053
B46: 1092 | C46: CINARIZINA 75 MG C/ 30 COMP. | D46: 7897076910929 | E46: Positivo | F46: 144 | G46: =VLOOKUP(B46,tABELA!C:BO,62,0) -> 17.503787 | H46: =VLOOKUP(B46,'Grupo Alfamed'!A:I,6,0) -> 0.26 | I46: 0.05 | J46: =H46+I46 -> 0.31 | K46: 0.0833 | L46: =(G46-G46*J46)*(1-K46) -> 11.071548
A47: * | B47: 1270 | C47: CITALOPRAM, BROMIDRATO DE 20 MG C/ 30 COMP. REV. | D47: 7897076912701 | E47: Positivo | F47: 288 | G47: =VLOOKUP(B47,tABELA!C:BO,62,0) -> 45.4689 | H47: =VLOOKUP(B47,'Grupo Alfamed'!A:I,6,0) -> 0.84 | I47: 0.05 | J47: =H47+I47 -> 0.89 | K47: 0.0833 | L47: =(G47-G47*J47)*(1-K47) -> 4.5849475
B48: 1233 | C48: CLOPIDOGREL, BISSULFATO DE 75 MG C/ 28 COMP. REV. | D48: 7897076912336 | E48: Positivo | F48: 168 | G48: =VLOOKUP(B48,tABELA!C:BO,62,0) -> 63.303632 | H48: =VLOOKUP(B48,'Grupo Alfamed'!A:I,6,0) -> 0.78 | I48: 0.05 | J48: =H48+I48 -> 0.83 | K48: 0.0833 | L48: =(G48-G48*J48)*(1-K48) -> 9.8651747
B49: 1234 | C49: CLOPIDOGREL, BISSULFATO DE 75 MG C/ 30 COMP. REV. | D49: 7897076912343 | E49: Positivo | F49: 180 | G49: =VLOOKUP(B49,tABELA!C:BO,62,0) -> 56.887478 | H49: =VLOOKUP(B49,'Grupo Alfamed'!A:I,6,0) -> 0.78 | I49: 0.05 | J49: =H49+I49 -> 0.83 | K49: 0.0833 | L49: =(G49-G49*J49)*(1-K49) -> 8.8652877
B50: 2363 | C50: CLORID. DE DORZOLAMIDA + MAL. TIMOLOL 20 + 5 MG/ML SOL OFT | D50: 7897076923639 | E50: Positivo | F50: 420 | G50: =VLOOKUP(B50,tABELA!C:BO,62,0) -> 88.320768 | H50: =VLOOKUP(B50,'Grupo Alfamed'!A:I,6,0) -> 0.35 | I50: 0.05 | J50: =H50+I50 -> 0.4 | K50: 0.0833 | L50: =(G50-G50*J50)*(1-K50) -> 48.578189
B51: 2187 | C51: DIVALPROATO DE SÓDIO 250 MG C/ 30 COMP. REV. LIB. PROL. | D51: 7897076921871 | E51: Positivo | F51: 72 | G51: =VLOOKUP(B51,tABELA!C:BO,62,0) -> 36.80528 | H51: =VLOOKUP(B51,'Grupo Alfamed'!A:I,6,0) -> 0.45 | I51: 0.05 | J51: =H51+I51 -> 0.5 | K51: 0.0833 | L51: =(G51-G51*J51)*(1-K51) -> 16.8697
B52: 2190 | C52: DIVALPROATO DE SÓDIO 500 MG C/ 30 COMP. REV. LIB. PROL. | D52: 7897076921901 | E52: Positivo | F52: 72 | G52: =VLOOKUP(B52,tABELA!C:BO,62,0) -> 73.731392 | H52: =VLOOKUP(B52,'Grupo Alfamed'!A:I,6,0) -> 0.45 | I52: 0.05 | J52: =H52+I52 -> 0.5 | K52: 0.0833 | L52: =(G52-G52*J52)*(1-K52) -> 33.794783
B53: 2329 | C53: DIVALPROATO DE SÓDIO 500 MG C/ 60 COMP. REV. LIB. PROL. | D53: 7897076923295 | E53: Positivo | F53: 48 | G53: =VLOOKUP(B53,tABELA!C:BO,62,0) -> 147.08821 | H53: =VLOOKUP(B53,'Grupo Alfamed'!A:I,6,0) -> 0.55 | I53: 0.05 | J53: =H53+I53 -> 0.6 | K53: 0.0833 | L53: =(G53-G53*J53)*(1-K53) -> 53.934303
B54: 1218 | C54: DOMPERIDONA 10 MG C/ 30 COMP. | D54: 7897076912183 | E54: Negativo | F54: 144 | G54: =VLOOKUP(B54,tABELA!C:BO,62,0) -> 15.44 | H54: =VLOOKUP(B54,'Grupo Alfamed'!A:I,6,0) -> 0.75 | I54: 0.05 | J54: =H54+I54 -> 0.8 | K54: 0 | L54: =(G54-G54*J54)*(1-K54) -> 3.088
B55: 1219 | C55: DOMPERIDONA 10 MG C/ 60 COMP. | D55: 7897076912190 | E55: Negativo | F55: 120 | G55: =VLOOKUP(B55,tABELA!C:BO,62,0) -> 27.63 | H55: =VLOOKUP(B55,'Grupo Alfamed'!A:I,6,0) -> 0.75 | I55: 0.05 | J55: =H55+I55 -> 0.8 | K55: 0 | L55: =(G55-G55*J55)*(1-K55) -> 5.526
A56: * | B56: 1206 | C56: DONEPEZILA, CLORIDRATO DE 10 MG C/ 30 COMP. REV. | D56: 7897076912060 | E56: Positivo | F56: 288 | G56: =VLOOKUP(B56,tABELA!C:BO,62,0) -> 148.44568 | H56: =VLOOKUP(B56,'Grupo Alfamed'!A:I,6,0) -> 0.85 | I56: 0.05 | J56: =H56+I56 -> 0.9 | K56: 0.0833 | L56: =(G56-G56*J56)*(1-K56) -> 13.608016
A57: * | B57: 1142 | C57: DONEPEZILA, CLORIDRATO DE 5 MG C/ 30 COMP. REV. | D57: 7897076911421 | E57: Positivo | F57: 192 | G57: =VLOOKUP(B57,tABELA!C:BO,62,0) -> 134.00187 | H57: =VLOOKUP(B57,'Grupo Alfamed'!A:I,6,0) -> 0.82 | I57: 0.05 | J57: =H57+I57 -> 0.87 | K57: 0.0833 | L57: =(G57-G57*J57)*(1-K57) -> 15.969137
B58: 1215 | C58: DOXAZOSINA, MESILATO DE 2 MG C/ 30 COMP. | D58: 7897076912152 | E58: Positivo | F58: 112 | G58: =VLOOKUP(B58,tABELA!C:BO,62,0) -> 29.863555 | H58: =VLOOKUP(B58,'Grupo Alfamed'!A:I,6,0) -> 0.65 | I58: 0.05 | J58: =H58+I58 -> 0.7 | K58: 0.0833 | L58: =(G58-G58*J58)*(1-K58) -> 8.2127764
B59: 2069 | C59: ESCITALOPRAM, OXALATO DE 10 MG C/ 30 COMP. REV. | D59: 7897076920690 | E59: Positivo | F59: 180 | G59: =VLOOKUP(B59,tABELA!C:BO,62,0) -> 94.441914 | H59: =VLOOKUP(B59,'Grupo Alfamed'!A:I,6,0) -> 0.87 | I59: 0.05 | J59: =H59+I59 -> 0.92 | K59: 0.0833 | L59: =(G59-G59*J59)*(1-K59) -> 6.9259922
B60: 1900 | C60: ESCITALOPRAM, OXALATO DE 15 MG C/ 30 COMP. REV. | D60: 7897076919007 | E60: Positivo | F60: 144 | G60: =VLOOKUP(B60,tABELA!C:BO,62,0) -> 141.44537 | H60: =VLOOKUP(B60,'Grupo Alfamed'!A:I,6,0) -> 0.8 | I60: 0.05 | J60: =H60+I60 -> 0.85 | K60: 0.0833 | L60: =(G60-G60*J60)*(1-K60) -> 19.449446
B61: 1910 | C61: ESCITALOPRAM, OXALATO DE 20 MG C/ 30 COMP. REV. | D61: 7897076919106 | E61: Positivo | F61: 120 | G61: =VLOOKUP(B61,tABELA!C:BO,62,0) -> 188.63008 | H61: =VLOOKUP(B61,'Grupo Alfamed'!A:I,6,0) -> 0.85 | I61: 0.05 | J61: =H61+I61 -> 0.9 | K61: 0.0833 | L61: =(G61-G61*J61)*(1-K61) -> 17.29172
B62: 1404 | C62: ESOMEPRAZOL MAGNÉSIO 20 MG C/ 14 COMP. REV. LIB. RET. | D62: 7897076914040 | E62: Positivo | F62: 120 | G62: =VLOOKUP(B62,tABELA!C:BO,62,0) -> 51.727973 | H62: =VLOOKUP(B62,'Grupo Alfamed'!A:I,6,0) -> 0.78 | I62: 0.05 | J62: =H62+I62 -> 0.83 | K62: 0.0833 | L62: =(G62-G62*J62)*(1-K62) -> 8.0612355
B63: 1405 | C63: ESOMEPRAZOL MAGNÉSIO 20 MG C/ 28 COMP. REV. LIB. RET. | D63: 7897076914057 | E63: Positivo | F63: 96 | G63: =VLOOKUP(B63,tABELA!C:BO,62,0) -> 103.50428 | H63: =VLOOKUP(B63,'Grupo Alfamed'!A:I,6,0) -> 0.78 | I63: 0.05 | J63: =H63+I63 -> 0.83 | K63: 0.0833 | L63: =(G63-G63*J63)*(1-K63) -> 16.130003
B64: 1407 | C64: ESOMEPRAZOL MAGNÉSIO 40 MG C/ 14 COMP. REV. LIB. RET. | D64: 7897076914071 | E64: Positivo | F64: 180 | G64: =VLOOKUP(B64,tABELA!C:BO,62,0) -> 108.24087 | H64: =VLOOKUP(B64,'Grupo Alfamed'!A:I,6,0) -> 0.78 | I64: 0.05 | J64: =H64+I64 -> 0.83 | K64: 0.0833 | L64: =(G64-G64*J64)*(1-K64) -> 16.868149
B65: 1408 | C65: ESOMEPRAZOL MAGNÉSIO 40 MG C/ 28 COMP. REV. LIB. RET. | D65: 7897076914088 | E65: Positivo | F65: 108 | G65: =VLOOKUP(B65,tABELA!C:BO,62,0) -> 216.48175 | H65: =VLOOKUP(B65,'Grupo Alfamed'!A:I,6,0) -> 0.78 | I65: 0.05 | J65: =H65+I65 -> 0.83 | K65: 0.0833 | L65: =(G65-G65*J65)*(1-K65) -> 33.736299
B66: 2391 | C66: FENOFIBRATO 160MG C/ 30 CPR | D66: 7897076923912 | E66: Positivo | F66: 180 | G66: =VLOOKUP(B66,tABELA!C:BO,62,0) -> 73.590701 | H66: =VLOOKUP(B66,'Grupo Alfamed'!A:I,6,0) -> 0.35 | I66: 0.05 | J66: =H66+I66 -> 0.4 | K66: 0.0833 | L66: =(G66-G66*J66)*(1-K66) -> 40.476357
B67: 2392 | C67: FENOFIBRATO 160MG C/ 60 CPR | D67: 7897076923929 | E67: Positivo | F67: 60 | G67: =VLOOKUP(B67,tABELA!C:BO,62,0) -> 147.21718 | H67: =VLOOKUP(B67,'Grupo Alfamed'!A:I,6,0) -> 0.35 | I67: 0.05 | J67: =H67+I67 -> 0.4 | K67: 0.0833 | L67: =(G67-G67*J67)*(1-K67) -> 80.972395
B68: 1095 | C68: FEXOFENADINA, CLORIDRATO DE 120 MG C/ 10 COMP. REV. | D68: 7897076910950 | E68: Negativo | F68: 160 | G68: =VLOOKUP(B68,tABELA!C:BO,62,0) -> 42.1 | H68: =VLOOKUP(B68,'Grupo Alfamed'!A:I,6,0) -> 0.82 | I68: 0.05 | J68: =H68+I68 -> 0.87 | K68: 0 | L68: =(G68-G68*J68)*(1-K68) -> 5.473
B69: 1097 | C69: FEXOFENADINA, CLORIDRATO DE 180 MG C/ 10 COMP. REV. | D69: 7897076910974 | E69: Negativo | F69: 160 | G69: =VLOOKUP(B69,tABELA!C:BO,62,0) -> 64.29 | H69: =VLOOKUP(B69,'Grupo Alfamed'!A:I,6,0) -> 0.82 | I69: 0.05 | J69: =H69+I69 -> 0.87 | K69: 0 | L69: =(G69-G69*J69)*(1-K69) -> 8.3577
... B73: 2241 | C73: GLICLAZIDA 60 MG C/ 60 COMP. LIB. PROL. | D73: 7897076922410 | E73: Positivo | F73: 64 | G73: =VLOOKUP(B73,tABELA!C:BO,62,0) -> 79.327674 | H73: =VLOOKUP(B73,'Grupo Alfamed'!A:I,6,0) -> 0.58 | I73: 0.05 | J73: =H73+I73 -> 0.63 | K73: 0.0833 | L73: =(G73-G73*J73)*(1-K73) -> 26.906281
B74: 1855 | C74: IRBESARTANA + HCT 150+12,5MG X 30 COMP | D74: 7897076918550 | E74: Positivo | F74: 80 | G74: =VLOOKUP(B74,tABELA!C:BO,62,0) -> 90.273227 | H74: =VLOOKUP(B74,'Grupo Alfamed'!A:I,6,0) -> 0.28 | I74: 0.05 | J74: =H74+I74 -> 0.33 | K74: 0.0833 | L74: =(G74-G74*J74)*(1-K74) -> 55.444823
B75: 1858 | C75: IRBESARTANA + HCT 300+12,5MG X 30 COMP | D75: 7897076918581 | E75: Positivo | F75: 80 | G75: =VLOOKUP(B75,tABELA!C:BO,62,0) -> 90.273227 | H75: =VLOOKUP(B75,'Grupo Alfamed'!A:I,6,0) -> 0.28 | I75: 0.05 | J75: =H75+I75 -> 0.33 | K75: 0.0833 | L75: =(G75-G75*J75)*(1-K75) -> 55.444823
B76: 1933 | C76: ISOTRETINOINA 20 MG C/ 30 CAP. | D76: 7897076919335 | E76: Positivo | F76: 160 | G76: =VLOOKUP(B76,tABELA!C:BO,62,0) -> 132.80915 | H76: =VLOOKUP(B76,'Grupo Alfamed'!A:I,6,0) -> 0.74 | I76: 0.05 | J76: =H76+I76 -> 0.79 | K76: 0.0833 | L76: =(G76-G76*J76)*(1-K76) -> 25.566691
A77: * | B77: 1178 | C77: LAMOTRIGINA 100 MG C/ 30 COMP. | D77: 7897076911780 | E77: Positivo | F77: 192 | G77: =VLOOKUP(B77,tABELA!C:BO,62,0) -> 58.506621 | H77: =VLOOKUP(B77,'Grupo Alfamed'!A:I,6,0) -> 0.8 | I77: 0.05 | J77: =H77+I77 -> 0.85 | K77: 0.0833 | L77: =(G77-G77*J77)*(1-K77) -> 8.0449529
A78: * | B78: 1176 | C78: LAMOTRIGINA 25 MG C/ 30 COMP. | D78: 7897076911766 | E78: Positivo | F78: 96 | G78: =VLOOKUP(B78,tABELA!C:BO,62,0) -> 26.522518 | H78: =VLOOKUP(B78,'Grupo Alfamed'!A:I,6,0) -> 0.8 | I78: 0.05 | J78: =H78+I78 -> 0.85 | K78: 0.0833 | L78: =(G78-G78*J78)*(1-K78) -> 3.6469788
A79: * | B79: 1177 | C79: LAMOTRIGINA 50 MG C/ 30 COMP. | D79: 7897076911773 | E79: Positivo | F79: 96 | G79: =VLOOKUP(B79,tABELA!C:BO,62,0) -> 33.917407 | H79: =VLOOKUP(B79,'Grupo Alfamed'!A:I,6,0) -> 0.745 | I79: 0.05 | J79: =H79+I79 -> 0.795 | K79: 0.0833 | L79: =(G79-G79*J79)*(1-K79) -> 6.3738778
B80: 2149 | C80: LEVOCETIRIZINA, DICLORIDRATO DE 5 MG C/ 10 COMP. REV. | D80: 7897076921499 | E80: Negativo | F80: 160 | G80: =VLOOKUP(B80,tABELA!C:BO,62,0) -> 34.19 | H80: =VLOOKUP(B80,'Grupo Alfamed'!A:I,6,0) -> 0.69 | I80: 0.05 | J80: =H80+I80 -> 0.74 | K80: 0 | L80: =(G80-G80*J80)*(1-K80) -> 8.8894
A81: * | B81: 678 | C81: LORATADINA 10 MG C/ 12 COMP. | D81: 7897076906786 | E81: Negativo | F81: 144 | G81: =VLOOKUP(B81,tABELA!C:BO,62,0) -> 34.48 | H81: =VLOOKUP(B81,'Grupo Alfamed'!A:I,6,0) -> 0.8 | I81: 0.05 | J81: =H81+I81 -> 0.85 | K81: 0 | L81: =(G81-G81*J81)*(1-K81) -> 5.172
A82: * | B82: 2351 | C82: LOSARTANA POTASSICA + HCT 100 MG + 25 MG C/ 30 COMP. | D82: 7897076923516 | E82: Positivo | F82: 144 | G82: =VLOOKUP(B82,tABELA!C:BO,62,0) -> 58.482454 | H82: =VLOOKUP(B82,'Grupo Alfamed'!A:I,6,0) -> 0.785 | I82: 0.05 | J82: =H82+I82 -> 0.835 | K82: 0.0833 | L82: =(G82-G82*J82)*(1-K82) -> 8.8457929
A83: * | B83: 2352 | C83: LOSARTANA POTASSICA + HCT 100 MG + 25 MG C/ 60 COMP. | D83: 7897076923523 | E83: Positivo | F83: 80 | G83: =VLOOKUP(B83,tABELA!C:BO,62,0) -> 116.97699 | H83: =VLOOKUP(B83,'Grupo Alfamed'!A:I,6,0) -> 0.785 | I83: 0.05 | J83: =H83+I83 -> 0.835 | K83: 0.0833 | L83: =(G83-G83*J83)*(1-K83) -> 17.693413
A84: * | B84: 2349 | C84: LOSARTANA POTASSICA + HCT 50 MG + 12,5MG C/ 30 COMP. | D84: 7897076923493 | E84: Positivo | F84: 144 | G84: =VLOOKUP(B84,tABELA!C:BO,62,0) -> 32.274098 | H84: =VLOOKUP(B84,'Grupo Alfamed'!A:I,6,0) -> 0.785 | I84: 0.05 | J84: =H84+I84 -> 0.835 | K84: 0.0833 | L84: =(G84-G84*J84)*(1-K84) -> 4.8816349
A85: * | B85: 2350 | C85: LOSARTANA POTASSICA + HCT 50 MG + 12,5MG C/ 60 COMP. | D85: 7897076923509 | E85: Positivo | F85: 90 | G85: =VLOOKUP(B85,tABELA!C:BO,62,0) -> 70.916017 | H85: =VLOOKUP(B85,'Grupo Alfamed'!A:I,6,0) -> 0.785 | I85: 0.05 | J85: =H85+I85 -> 0.835 | K85: 0.0833 | L85: =(G85-G85*J85)*(1-K85) -> 10.726438
B86: 2302 | C86: MESALAZINA 1200 MG C/ 30 COMP. | D86: 7897076923028 | E86: Positivo | F86: 80 | G86: =VLOOKUP(B86,tABELA!C:BO,62,0) -> 206.00625 | H86: =VLOOKUP(B86,'Grupo Alfamed'!A:I,6,0) -> 0.25 | I86: 0.05 | J86: =H86+I86 -> 0.3 | K86: 0.0833 | L86: =(G86-G86*J86)*(1-K86) -> 132.19215
B87: 912 | C87: MINOCICLINA, CLORIDRATO DE 100 MG C/ 30 COMP. REV. | D87: 7897076909121 | E87: Positivo | F87: 112 | G87: =VLOOKUP(B87,tABELA!C:BO,62,0) -> 109.12177 | H87: =VLOOKUP(B87,'Grupo Alfamed'!A:I,6,0) -> 0.25 | I87: 0.05 | J87: =H87+I87 -> 0.3 | K87: 0.0833 | L87: =(G87-G87*J87)*(1-K87) -> 70.022349
A88: * | B88: 2297 | C88: MONTELUCASTE DE SÓDIO 10 MG C/ 30 COMP. REV. | D88: 7897076922977 | E88: Positivo | F88: 192 | G88: =VLOOKUP(B88,tABELA!C:BO,62,0) -> 42.906054 | H88: =VLOOKUP(B88,'Grupo Alfamed'!A:I,6,0) -> 0.72 | I88: 0.05 | J88: =H88+I88 -> 0.77 | K88: 0.0833 | L88: =(G88-G88*J88)*(1-K88) -> 9.0463554
A89: * | B89: 2295 | C89: MONTELUCASTE DE SÓDIO 4 MG C/ 30 COMP. MAST. | D89: 7897076922953 | E89: Positivo | F89: 192 | G89: =VLOOKUP(B89,tABELA!C:BO,62,0) -> 42.906054 | H89: =VLOOKUP(B89,'Grupo Alfamed'!A:I,6,0) -> 0.72 | I89: 0.05 | J89: =H89+I89 -> 0.77 | K89: 0.0833 | L89: =(G89-G89*J89)*(1-K89) -> 9.0463554
A90: * | B90: 2296 | C90: MONTELUCASTE DE SÓDIO 5 MG C/ 30 COMP. MAST. | D90: 7897076922960 | E90: Positivo | F90: 192 | G90: =VLOOKUP(B90,tABELA!C:BO,62,0) -> 42.906054 | H90: =VLOOKUP(B90,'Grupo Alfamed'!A:I,6,0) -> 0.72 | I90: 0.05 | J90: =H90+I90 -> 0.77 | K90: 0.0833 | L90: =(G90-G90*J90)*(1-K90) -> 9.0463554
B91: 771 | C91: NORFLOXACINO 400 MG C/ 14 COMP. REV. | D91: 7897076907714 | E91: Positivo | F91: 160 | G91: =VLOOKUP(B91,tABELA!C:BO,62,0) -> 33.897046 | H91: =VLOOKUP(B91,'Grupo Alfamed'!A:I,6,0) -> 0.73 | I91: 0.05 | J91: =H91+I91 -> 0.78 | K91: 0.0833 | L91: =(G91-G91*J91)*(1-K91) -> 6.8361528
B92: 1227 | C92: NORTRIPTILINA, CLORIDRATO DE 25 MG C/ 30 CAP | D92: 7897076912275 | E92: Positivo | F92: 270 | G92: =VLOOKUP(B92,tABELA!C:BO,62,0) -> 31.01745 | H92: =VLOOKUP(B92,'Grupo Alfamed'!A:I,6,0) -> 0.6 | I92: 0.05 | J92: =H92+I92 -> 0.65 | K92: 0.0833 | L92: =(G92-G92*J92)*(1-K92) -> 9.9517939
B93: 1229 | C93: NORTRIPTILINA, CLORIDRATO DE 50 MG C/ 30 CAP | D93: 7897076912299 | E93: Positivo | F93: 160 | G93: =VLOOKUP(B93,tABELA!C:BO,62,0) -> 45.311819 | H93: =VLOOKUP(B93,'Grupo Alfamed'!A:I,6,0) -> 0.33 | I93: 0.05 | J93: =H93+I93 -> 0.38 | K93: 0.0833 | L93: =(G93-G93*J93)*(1-K93) -> 25.753154
B94: 1231 | C94: NORTRIPTILINA, CLORIDRATO DE 75 MG C/ 30 CAP | D94: 7897076912312 | E94: Positivo | F94: 160 | G94: =VLOOKUP(B94,tABELA!C:BO,62,0) -> 61.285746 | H94: =VLOOKUP(B94,'Grupo Alfamed'!A:I,6,0) -> 0.33 | I94: 0.05 | J94: =H94+I94 -> 0.38 | K94: 0.0833 | L94: =(G94-G94*J94)*(1-K94) -> 34.831999
B95: 2287 | C95: OLOPATADINA, CLORIDRATO DE 1 MG/ML C/ 5 ML | D95: 7897076922878 | E95: Positivo | F95: 420 | G95: =VLOOKUP(B95,tABELA!C:BO,62,0) -> 35.101743 | H95: =VLOOKUP(B95,'Grupo Alfamed'!A:I,6,0) -> 0.32 | I95: 0.05 | J95: =H95+I95 -> 0.37 | K95: 0.0833 | L95: =(G95-G95*J95)*(1-K95) -> 20.271994
B96: 2288 | C96: OLOPATADINA, CLORIDRATO DE 2 MG/ML C/ 2,5 ML | D96: 7897076922885 | E96: Positivo | F96: 420 | G96: =VLOOKUP(B96,tABELA!C:BO,62,0) -> 35.101743 | H96: =VLOOKUP(B96,'Grupo Alfamed'!A:I,6,0) -> 0.35 | I96: 0.05 | J96: =H96+I96 -> 0.4 | K96: 0.0833 | L96: =(G96-G96*J96)*(1-K96) -> 19.306661
B97: 2359 | C97: ONDANSETRONA 4 MG ESTOJO,BLISTER C/ 10 COMP. | D97: 7897076923592 | E97: Negativo | F97: 264 | G97: =VLOOKUP(B97,tABELA!C:BO,62,0) -> 20.26 | H97: =VLOOKUP(B97,'Grupo Alfamed'!A:I,6,0) -> 0.78 | I97: 0.05 | J97: =H97+I97 -> 0.83 | K97: 0 | L97: =(G97-G97*J97)*(1-K97) -> 3.4442
B98: 2360 | C98: ONDANSETRONA 4 MG ESTOJO,BLISTER C/ 30 COMP. | D98: 7897076923608 | E98: Negativo | F98: 264 | G98: =VLOOKUP(B98,tABELA!C:BO,62,0) -> 60.77 | H98: =VLOOKUP(B98,'Grupo Alfamed'!A:I,6,0) -> 0.79 | I98: 0.05 | J98: =H98+I98 -> 0.84 | K98: 0 | L98: =(G98-G98*J98)*(1-K98) -> 9.7232
B99: 2361 | C99: ONDANSETRONA 8 MG ESTOJO,BLISTER C/ 10 COMP. | D99: 7897076923615 | E99: Negativo | F99: 264 | G99: =VLOOKUP(B99,tABELA!C:BO,62,0) -> 40.69 | H99: =VLOOKUP(B99,'Grupo Alfamed'!A:I,6,0) -> 0.805 | I99: 0.05 | J99: =H99+I99 -> 0.855 | K99: 0 | L99: =(G99-G99*J99)*(1-K99) -> 5.90005
B100: 2362 | C100: ONDANSETRONA 8 MG ESTOJO,BLISTER C/ 30 COMP. | D100: 7897076923622 | E100: Negativo | F100: 264 | G100: =VLOOKUP(B100,tABELA!C:BO,62,0) -> 122.17 | H100: =VLOOKUP(B100,'Grupo Alfamed'!A:I,6,0) -> 0.79 | I100: 0.05 | J100: =H100+I100 -> 0.84 | K100: 0 | L100: =(G100-G100*J100)*(1-K100) -> 19.5472
B101: 1182 | C101: OXCARBAZEPINA 300 MG C/ 30 COMP. REV. | D101: 7897076911827 | E101: Positivo | F101: 80 | G101: =VLOOKUP(B101,tABELA!C:BO,62,0) -> 38.956081 | H101: =VLOOKUP(B101,'Grupo Alfamed'!A:I,6,0) -> 0.43 | I101: 0.05 | J101: =H101+I101 -> 0.48 | K101: 0.0833 | L101: =(G101-G101*J101)*(1-K101) -> 18.569741
B102: 603 | C102: OXCARBAZEPINA 300 MG C/ 60 COMP. REV. | D102: 7897076906038 | E102: Positivo | F102: 50 | G102: =VLOOKUP(B102,tABELA!C:BO,62,0) -> 75.761361 | H102: =VLOOKUP(B102,'Grupo Alfamed'!A:I,6,0) -> 0.43 | I102: 0.05 | J102: =H102+I102 -> 0.48 | K102: 0.0833 | L102: =(G102-G102*J102)*(1-K102) -> 36.114229
... B104: 1127 | C104: OXCARBAZEPINA 600 MG C/ 60 COMP. REV. | D104: 7897076911278 | E104: Positivo | F104: 40 | G104: =VLOOKUP(B104,tABELA!C:BO,62,0) -> 140.7083 | H104: =VLOOKUP(B104,'Grupo Alfamed'!A:I,6,0) -> 0.43 | I104: 0.05 | J104: =H104+I104 -> 0.48 | K104: 0.0833 | L104: =(G104-G104*J104)*(1-K104) -> 67.073396
A105: * | B105: 2218 | C105: PREGABALINA 150 MG C/ 30 CAP. DURA | D105: 7897076922182 | E105: Positivo | F105: 180 | G105: =VLOOKUP(B105,tABELA!C:BO,62,0) -> 86.577237 | H105: =VLOOKUP(B105,'Grupo Alfamed'!A:I,6,0) -> 0.86 | I105: 0.05 | J105: =H105+I105 -> 0.91 | K105: 0.0833 | L105: =(G105-G105*J105)*(1-K105) -> 7.1428818
A106: * | B106: 2215 | C106: PREGABALINA 75 MG C/ 30 CAP. DURA | D106: 7897076922151 | E106: Positivo | F106: 180 | G106: =VLOOKUP(B106,tABELA!C:BO,62,0) -> 55.618959 | H106: =VLOOKUP(B106,'Grupo Alfamed'!A:I,6,0) -> 0.86 | I106: 0.05 | J106: =H106+I106 -> 0.91 | K106: 0.0833 | L106: =(G106-G106*J106)*(1-K106) -> 4.588731
B107: 2263 | C107: RIVASTIGMINA, HEMITARTARATO DE 1,5 MG C/ 30 CAP. DURA | D107: 7897076922632 | E107: Positivo | F107: 192 | G107: =VLOOKUP(B107,tABELA!C:BO,62,0) -> 164.78592 | H107: =VLOOKUP(B107,'Grupo Alfamed'!A:I,6,0) -> 0.56 | I107: 0.05 | J107: =H107+I107 -> 0.61 | K107: 0.0833 | L107: =(G107-G107*J107)*(1-K107) -> 58.913108
B108: 2264 | C108: RIVASTIGMINA, HEMITARTARATO DE 3 MG C/ 30 CAP. DURA | D108: 7897076922649 | E108: Positivo | F108: 192 | G108: =VLOOKUP(B108,tABELA!C:BO,62,0) -> 189.21278 | H108: =VLOOKUP(B108,'Grupo Alfamed'!A:I,6,0) -> 0.56 | I108: 0.05 | J108: =H108+I108 -> 0.61 | K108: 0.0833 | L108: =(G108-G108*J108)*(1-K108) -> 67.64603
B109: 2262 | C109: RIVASTIGMINA, HEMITARTARATO DE 4,5 MG C/ 30 CAP. DURA | D109: 7897076922656 | E109: Positivo | F109: 192 | G109: =VLOOKUP(B109,tABELA!C:BO,62,0) -> 214.61768 | H109: =VLOOKUP(B109,'Grupo Alfamed'!A:I,6,0) -> 0.56 | I109: 0.05 | J109: =H109+I109 -> 0.61 | K109: 0.0833 | L109: =(G109-G109*J109)*(1-K109) -> 76.72861
B110: 2266 | C110: RIVASTIGMINA, HEMITARTARATO DE 6 MG C/ 30 CAP. DURA | D110: 7897076922663 | E110: Positivo | F110: 192 | G110: =VLOOKUP(B110,tABELA!C:BO,62,0) -> 219.01881 | H110: =VLOOKUP(B110,'Grupo Alfamed'!A:I,6,0) -> 0.56 | I110: 0.05 | J110: =H110+I110 -> 0.61 | K110: 0.0833 | L110: =(G110-G110*J110)*(1-K110) -> 78.302071
B111: 1774 | C111: ROSUVASTATINA CÁLCICA 10 MG C/ 30 COMP. REV. | D111: 7897076917744 | E111: Positivo | F111: 224 | G111: =VLOOKUP(B111,tABELA!C:BO,62,0) -> 58.023295 | H111: =VLOOKUP(B111,'Grupo Alfamed'!A:I,6,0) -> 0.72 | I111: 0.05 | J111: =H111+I111 -> 0.77 | K111: 0.0833 | L111: =(G111-G111*J111)*(1-K111) -> 12.233689
B112: 1778 | C112: ROSUVASTATINA CÁLCICA 20 MG C/ 30 COMP. REV. | D112: 7897076917782 | E112: Positivo | F112: 192 | G112: =VLOOKUP(B112,tABELA!C:BO,62,0) -> 101.65556 | H112: =VLOOKUP(B112,'Grupo Alfamed'!A:I,6,0) -> 0.72 | I112: 0.05 | J112: =H112+I112 -> 0.77 | K112: 0.0833 | L112: =(G112-G112*J112)*(1-K112) -> 21.433159
B113: 2221 | C113: ROSUVASTATINA CÁLCICA 5 MG C/ 30 COMP. REV. | D113: 7897076922212 | E113: Positivo | F113: 240 | G113: =VLOOKUP(B113,tABELA!C:BO,62,0) -> 26.027109 | H113: =VLOOKUP(B113,'Grupo Alfamed'!A:I,6,0) -> 0.72 | I113: 0.05 | J113: =H113+I113 -> 0.77 | K113: 0.0833 | L113: =(G113-G113*J113)*(1-K113) -> 5.4875816
B114: 2242 | C114: ROSUVASTATINA CÁLCICA 5 MG C/ 60 COMP. REV. | D114: 7897076922427 | E114: Positivo | F114: 120 | G114: =VLOOKUP(B114,tABELA!C:BO,62,0) -> 58.289124 | H114: =VLOOKUP(B114,'Grupo Alfamed'!A:I,6,0) -> 0.65 | I114: 0.05 | J114: =H114+I114 -> 0.7 | K114: 0.0833 | L114: =(G114-G114*J114)*(1-K114) -> 16.030092
B115: 1106 | C115: SECNIDAZOL 1000 MG C/ 2 COMP. REV. | D115: 7897076911063 | E115: Negativo | F115: 192 | G115: =VLOOKUP(B115,tABELA!C:BO,62,0) -> 13.94 | H115: =VLOOKUP(B115,'Grupo Alfamed'!A:I,6,0) -> 0.76 | I115: 0.05 | J115: =H115+I115 -> 0.81 | K115: 0 | L115: =(G115-G115*J115)*(1-K115) -> 2.6486
B116: 1107 | C116: SECNIDAZOL 1000 MG C/ 4 COMP. REV. | D116: 7897076911070 | E116: Negativo | F116: 192 | G116: =VLOOKUP(B116,tABELA!C:BO,62,0) -> 27.99 | H116: =VLOOKUP(B116,'Grupo Alfamed'!A:I,6,0) -> 0.76 | I116: 0.05 | J116: =H116+I116 -> 0.81 | K116: 0 | L116: =(G116-G116*J116)*(1-K116) -> 5.3181
A117: * | B117: 814 | C117: SERTRALINA, CLORIDRATO DE 50 MG C/ 30 COMP. REV. | D117: 7897076908148 | E117: Positivo | F117: 112 | G117: =VLOOKUP(B117,tABELA!C:BO,62,0) -> 57.104975 | H117: =VLOOKUP(B117,'Grupo Alfamed'!A:I,6,0) -> 0.81 | I117: 0.05 | J117: =H117+I117 -> 0.86 | K117: 0.0833 | L117: =(G117-G117*J117)*(1-K117) -> 7.3287383
B118: 2357 | C118: SITAGLIPTINA, FOSFATO DE 100 MG C/ 30 COMP. REV. | D118: 7897076923578 | E118: Positivo | F118: 216 | G118: =VLOOKUP(B118,tABELA!C:BO,62,0) -> 160.44443 | H118: =VLOOKUP(B118,'Grupo Alfamed'!A:I,6,0) -> 0.62 | I118: 0.05 | J118: =H118+I118 -> 0.67 | K118: 0.0833 | L118: =(G118-G118*J118)*(1-K118) -> 48.536204
...

Sheet PR
B1: RANBAXY FARMACÊUTICA LTDA
B2: a SUN PHARMA company
B3: AV. EUGÊNIO BORGES, 1.060 - ARSENAL - SG - RJ
B4: C.N.P.J 73.663.650/0001-90 INSC. EST. 85.396.757
B6: CONDIÇÃO COMERCIAL Fevereiro/26
B8: Cód | C8: Produto/Apresentação | D8: EAN | E8: Pis-Cofins | F8: Caixa de Embarque | G8: PF - 19,5% | H8: DESCONTO COMPRA | I8: SPREAD | J8: Desc Final | K8: Repasse | L8: Vlr Liquido
B9: 931 | C9: ACECLOFENACO 100 MG C/ 12 COMP. REV. | D9: 7897076909312 | E9: Positivo | F9: 128 | G9: =VLOOKUP(B9,tABELA!C:BO,46,0) -> 38.46434 | H9: =SC!H9 -> 0.78 | I9: 0.05 | J9: =H9+I9 -> 0.83 | K9: 0.1615 | L9: =(G9-G9*J9)*(1-K9) -> 5.4828993
B10: 934 | C10: ACECLOFENACO 100 MG C/ 24 COMP. REV. | D10: 7897076909343 | E10: Positivo | F10: 80 | G10: =VLOOKUP(B10,tABELA!C:BO,46,0) -> 71.988548 | H10: =SC!H10 -> 0.75 | I10: 0.05 | J10: =H10+I10 -> 0.8 | K10: 0.1615 | L10: =(G10-G10*J10)*(1-K10) -> 12.072479
B11: 740 | C11: ACICLOVIR 200 MG C/ 10 COMP. | D11: 7897076907400 | E11: Positivo | F11: 192 | G11: =VLOOKUP(B11,tABELA!C:BO,46,0) -> 44.183797 | H11: =SC!H11 -> 0.75 | I11: 0.05 | J11: =H11+I11 -> 0.8 | K11: 0.1615 | L11: =(G11-G11*J11)*(1-K11) -> 7.4096227
B12: 741 | C12: ACICLOVIR 200 MG C/ 25 COMP. | D12: 7897076907417 | E12: Positivo | F12: 60 | G12: =VLOOKUP(B12,tABELA!C:BO,46,0) -> 92.198177 | H12: =SC!H12 -> 0.8 | I12: 0.05 | J12: =H12+I12 -> 0.85 | K12: 0.1615 | L12: =(G12-G12*J12)*(1-K12) -> 11.596226
B13: 2202 | C13: ACICLOVIR 200 MG C/ 30 COMP. | D13: 7897076922021 | E13: Positivo | F13: 240 | G13: =VLOOKUP(B13,tABELA!C:BO,46,0) -> 121.64083 | H13: =SC!H13 -> 0.75 | I13: 0.05 | J13: =H13+I13 -> 0.8 | K13: 0.1615 | L13: =(G13-G13*J13)*(1-K13) -> 20.399168
B14: 742 | C14: ACICLOVIR 400 MG C/ 10 COMP. | D14: 7897076907424 | E14: Positivo | F14: 192 | G14: =VLOOKUP(B14,tABELA!C:BO,46,0) -> 88.486473 | H14: =SC!H14 -> 0.75 | I14: 0.05 | J14: =H14+I14 -> 0.8 | K14: 0.1615 | L14: =(G14-G14*J14)*(1-K14) -> 14.839182
B15: 743 | C15: ACICLOVIR 400 MG C/ 25 COMP. | D15: 7897076907431 | E15: Positivo | F15: 60 | G15: =VLOOKUP(B15,tABELA!C:BO,46,0) -> 184.39635 | H15: =SC!H15 -> 0.77 | I15: 0.05 | J15: =H15+I15 -> 0.82 | K15: 0.1615 | L15: =(G15-G15*J15)*(1-K15) -> 27.830942
B16: 2182 | C16: ACICLOVIR 400 MG C/ 30 COMP. | D16: 7897076921826 | E16: Positivo | F16: 144 | G16: =VLOOKUP(B16,tABELA!C:BO,46,0) -> 243.46659 | H16: =SC!H16 -> 0.8 | I16: 0.05 | J16: =H16+I16 -> 0.85 | K16: 0.1615 | L16: =(G16-G16*J16)*(1-K16) -> 30.62201
B17: 1155 | C17: AMIODARONA, CLORIDRATO DE 100 MG C/ 20 COMP. | D17: 7897076911551 | E17: Positivo | F17: 216 | G17: =VLOOKUP(B17,tABELA!C:BO,46,0) -> 12.386484 | H17: =SC!H17 -> 0.27 | I17: 0.05 | J17: =H17+I17 -> 0.32 | K17: 0.1615 | L17: =(G17-G17*J17)*(1-K17) -> 7.0625257
B18: 1156 | C18: AMIODARONA, CLORIDRATO DE 100 MG C/ 30 COMP. | D18: 7897076911568 | E18: Positivo | F18: 216 | G18: =VLOOKUP(B18,tABELA!C:BO,46,0) -> 18.592765 | H18: =SC!H18 -> 0.31 | I18: 0.05 | J18: =H18+I18 -> 0.36 | K18: 0.1615 | L18: =(G18-G18*J18)*(1-K18) -> 9.9776214
B19: 1157 | C19: AMIODARONA, CLORIDRATO DE 200 MG C/ 20 COMP. | D19: 7897076911575 | E19: Positivo | F19: 216 | G19: =VLOOKUP(B19,tABELA!C:BO,46,0) -> 24.825122 | H19: =SC!H19 -> 0.3 | I19: 0.05 | J19: =H19+I19 -> 0.35 | K19: 0.1615 | L19: =(G19-G19*J19)*(1-K19) -> 13.530312
B20: 1158 | C20: AMIODARONA, CLORIDRATO DE 200 MG C/ 30 COMP. | D20: 7897076911582 | E20: Positivo | F20: 180 | G20: =VLOOKUP(B20,tABELA!C:BO,46,0) -> 37.237684 | H20: =SC!H20 -> 0.49 | I20: 0.05 | J20: =H20+I20 -> 0.54 | K20: 0.1615 | L20: =(G20-G20*J20)*(1-K20) -> 14.362947
... B33: 1114 | C33: AXETILCEFUROXIMA PÓ SUSP ORAL 250 MG/5ML C/ 70 ML | D33: 7897076911148 | E33: Positivo | F33: 30 | G33: =VLOOKUP(B33,tABELA!C:BO,46,0) -> 121.64832 | H33: =SC!H33 -> 0.08 | I33: 0.05 | J33: =H33+I33 -> 0.13 | K33: 0.1615 | L33: =(G33-G33*J33)*(1-K33) -> 88.741838
A34: * | B34: 2300 | C34: BISOPROLOL, HEMIFUMARATO DE 10 MG C/ 30 COMP. REV. | D34: 7897076923004 | E34: Positivo | F34: 55 | G34: =VLOOKUP(B34,tABELA!C:BO,46,0) -> 62.702685 | H34: =SC!H34 -> 0.65 | I34: 0.05 | J34: =H34+I34 -> 0.7 | K34: 0.1615 | L34: =(G34-G34*J34)*(1-K34) -> 15.772861
A35: * | B35: 2298 | C35: BISOPROLOL, HEMIFUMARATO DE 2,5 MG C/ 30 COMP. REV. | D35: 7897076922984 | E35: Positivo | F35: 77 | G35: =VLOOKUP(B35,tABELA!C:BO,46,0) -> 45.2273 | H35: =SC!H35 -> 0.69 | I35: 0.05 | J35: =H35+I35 -> 0.74 | K35: 0.1615 | L35: =(G35-G35*J35)*(1-K35) -> 9.8600037
A36: * | B36: 2299 | C36: BISOPROLOL, HEMIFUMARATO DE 5 MG C/ 30 COMP. REV. | D36: 7897076922991 | E36: Positivo | F36: 55 | G36: =VLOOKUP(B36,tABELA!C:BO,46,0) -> 55.015101 | H36: =SC!H36 -> 0.66 | I36: 0.05 | J36: =H36+I36 -> 0.71 | K36: 0.1615 | L36: =(G36-G36*J36)*(1-K36) -> 13.377747
B37: 2343 | C37: BUPROPIONA, CLORIDRATO DE 150 MG C/ 30 COMP | D37: 7897076923431 | E37: Positivo | F37: 40 | G37: =VLOOKUP(B37,tABELA!C:BO,46,0) -> 136.2763 | H37: =SC!H37 -> 0.78 | I37: 0.05 | J37: =H37+I37 -> 0.83 | K37: 0.1615 | L37: =(G37-G37*J37)*(1-K37) -> 19.425505
B38: 2344 | C38: BUPROPIONA, CLORIDRATO DE 300 MG C/ 30 COMP | D38: 7897076923448 | E38: Positivo | F38: 40 | G38: =VLOOKUP(B38,tABELA!C:BO,46,0) -> 153.6196 | H38: =SC!H38 -> 0.53 | I38: 0.05 | J38: =H38+I38 -> 0.58 | K38: 0.1615 | L38: =(G38-G38*J38)*(1-K38) -> 54.100214
B39: 2213 | C39: CABERGOLINA 0,5 MG C/ 2 COMP. | D39: 7897076922137 | E39: Positivo | F39: 360 | G39: =VLOOKUP(B39,tABELA!C:BO,46,0) -> 75.948707 | H39: =SC!H39 -> 0.65 | I39: 0.05 | J39: =H39+I39 -> 0.7 | K39: 0.1615 | L39: =(G39-G39*J39)*(1-K39) -> 19.104897
B40: 2214 | C40: CABERGOLINA 0,5 MG C/ 8 COMP. | D40: 7897076922144 | E40: Positivo | F40: 360 | G40: =VLOOKUP(B40,tABELA!C:BO,46,0) -> 262.77601 | H40: =SC!H40 -> 0.65 | I40: 0.05 | J40: =H40+I40 -> 0.7 | K40: 0.1615 | L40: =(G40-G40*J40)*(1-K40) -> 66.101304
A41: * | B41: 791 | C41: CEFALEXINA 500MG C/10 COMP REV | D41: 7897076907912 | E41: Positivo | F41: 160 | G41: =VLOOKUP(B41,tABELA!C:BO,46,0) -> 25.111967 | H41: =SC!H41 -> 0.7 | I41: 0.05 | J41: =H41+I41 -> 0.75 | K41: 0.1615 | L41: =(G41-G41*J41)*(1-K41) -> 5.2640961
A42: * | B42: 790 | C42: CEFALEXINA 500MG C/8 COMP REV | D42: 7897076907905 | E42: Positivo | F42: 192 | G42: =VLOOKUP(B42,tABELA!C:BO,46,0) -> 20.092182 | H42: =SC!H42 -> 0.7 | I42: 0.05 | J42: =H42+I42 -> 0.75 | K42: 0.1615 | L42: =(G42-G42*J42)*(1-K42) -> 4.2118235
B43: 2224 | C43: CELECOXIBE 200 MG C/ 10 CAP. DURA | D43: 7897076922243 | E43: Positivo | F43: 336 | G43: =VLOOKUP(B43,tABELA!C:BO,46,0) -> 41.149205 | H43: =SC!H43 -> 0.8 | I43: 0.05 | J43: =H43+I43 -> 0.85 | K43: 0.1615 | L43: =(G43-G43*J43)*(1-K43) -> 5.1755413
B44: 2225 | C44: CELECOXIBE 200 MG C/ 15 CAP. DURA | D44: 7897076922250 | E44: Positivo | F44: 144 | G44: =VLOOKUP(B44,tABELA!C:BO,46,0) -> 60.928465 | H44: =SC!H44 -> 0.77 | I44: 0.05 | J44: =H44+I44 -> 0.82 | K44: 0.1615 | L44: =(G44-G44*J44)*(1-K44) -> 9.1959332
B45: 1090 | C45: CINARIZINA 25 MG C/ 30 COMP. | D45: 7897076910905 | E45: Positivo | F45: 144 | G45: =VLOOKUP(B45,tABELA!C:BO,46,0) -> 13.652843 | H45: =SC!H45 -> 0.32 | I45: 0.05 | J45: =H45+I45 -> 0.37 | K45: 0.1615 | L45: =(G45-G45*J45)*(1-K45) -> 7.2121828
B46: 1092 | C46: CINARIZINA 75 MG C/ 30 COMP. | D46: 7897076910929 | E46: Positivo | F46: 144 | G46: =VLOOKUP(B46,tABELA!C:BO,46,0) -> 19.134569 | H46: =SC!H46 -> 0.26 | I46: 0.05 | J46: =H46+I46 -> 0.31 | K46: 0.1615 | L46: =(G46-G46*J46)*(1-K46) -> 11.070592
A47: * | B47: 1270 | C47: CITALOPRAM, BROMIDRATO DE 20 MG C/ 30 COMP. REV. | D47: 7897076912701 | E47: Positivo | F47: 288 | G47: =VLOOKUP(B47,tABELA!C:BO,46,0) -> 49.70512 | H47: =SC!H47 -> 0.84 | I47: 0.05 | J47: =H47+I47 -> 0.89 | K47: 0.1615 | L47: =(G47-G47*J47)*(1-K47) -> 4.5845518
B48: 1233 | C48: CLOPIDOGREL, BISSULFATO DE 75 MG C/ 28 COMP. REV. | D48: 7897076912336 | E48: Positivo | F48: 168 | G48: =VLOOKUP(B48,tABELA!C:BO,46,0) -> 69.201468 | H48: =SC!H48 -> 0.78 | I48: 0.05 | J48: =H48+I48 -> 0.83 | K48: 0.1615 | L48: =(G48-G48*J48)*(1-K48) -> 9.8643233
B49: 1234 | C49: CLOPIDOGREL, BISSULFATO DE 75 MG C/ 30 COMP. REV. | D49: 7897076912343 | E49: Positivo | F49: 180 | G49: =VLOOKUP(B49,tABELA!C:BO,46,0) -> 62.187538 | H49: =SC!H49 -> 0.78 | I49: 0.05 | J49: =H49+I49 -> 0.83 | K49: 0.1615 | L49: =(G49-G49*J49)*(1-K49) -> 8.8645226
B50: 2363 | C50: CLORID. DE DORZOLAMIDA + MAL. TIMOLOL 20 + 5 MG/ML SOL OFT | D50: 7897076923639 | E50: Positivo | F50: 420 | G50: =VLOOKUP(B50,tABELA!C:BO,46,0) -> 96.549386 | H50: =SC!H50 -> 0.35 | I50: 0.05 | J50: =H50+I50 -> 0.4 | K50: 0.1615 | L50: =(G50-G50*J50)*(1-K50) -> 48.573996
B51: 2187 | C51: DIVALPROATO DE SÓDIO 250 MG C/ 30 COMP. REV. LIB. PROL. | D51: 7897076921871 | E51: Positivo | F51: 72 | G51: =VLOOKUP(B51,tABELA!C:BO,46,0) -> 40.234333 | H51: =SC!H51 -> 0.45 | I51: 0.05 | J51: =H51+I51 -> 0.5 | K51: 0.1615 | L51: =(G51-G51*J51)*(1-K51) -> 16.868244
B52: 2190 | C52: DIVALPROATO DE SÓDIO 500 MG C/ 30 COMP. REV. LIB. PROL. | D52: 7897076921901 | E52: Positivo | F52: 72 | G52: =VLOOKUP(B52,tABELA!C:BO,46,0) -> 80.600755 | H52: =SC!H52 -> 0.45 | I52: 0.05 | J52: =H52+I52 -> 0.5 | K52: 0.1615 | L52: =(G52-G52*J52)*(1-K52) -> 33.791867
B53: 2329 | C53: DIVALPROATO DE SÓDIO 500 MG C/ 60 COMP. REV. LIB. PROL. | D53: 7897076923295 | E53: Positivo | F53: 48 | G53: =VLOOKUP(B53,tABELA!C:BO,46,0) -> 160.79203 | H53: =SC!H53 -> 0.55 | I53: 0.05 | J53: =H53+I53 -> 0.6 | K53: 0.1615 | L53: =(G53-G53*J53)*(1-K53) -> 53.929648
B54: 1218 | C54: DOMPERIDONA 10 MG C/ 30 COMP. | D54: 7897076912183 | E54: Negativo | F54: 144 | G54: =VLOOKUP(B54,tABELA!C:BO,46,0) -> 16.88 | H54: =SC!H54 -> 0.75 | I54: 0.05 | J54: =H54+I54 -> 0.8 | K54: 0.1344 | L54: =(G54-G54*J54)*(1-K54) -> 2.9222656
B55: 1219 | C55: DOMPERIDONA 10 MG C/ 60 COMP. | D55: 7897076912190 | E55: Negativo | F55: 120 | G55: =VLOOKUP(B55,tABELA!C:BO,46,0) -> 30.21 | H55: =SC!H55 -> 0.75 | I55: 0.05 | J55: =H55+I55 -> 0.8 | K55: 0.1344 | L55: =(G55-G55*J55)*(1-K55) -> 5.2299552
A56: * | B56: 1206 | C56: DONEPEZILA, CLORIDRATO DE 10 MG C/ 30 COMP. REV. | D56: 7897076912060 | E56: Positivo | F56: 288 | G56: =VLOOKUP(B56,tABELA!C:BO,46,0) -> 162.27598 | H56: =SC!H56 -> 0.85 | I56: 0.05 | J56: =H56+I56 -> 0.9 | K56: 0.1615 | L56: =(G56-G56*J56)*(1-K56) -> 13.606841
A57: * | B57: 1142 | C57: DONEPEZILA, CLORIDRATO DE 5 MG C/ 30 COMP. REV. | D57: 7897076911421 | E57: Positivo | F57: 192 | G57: =VLOOKUP(B57,tABELA!C:BO,46,0) -> 146.48648 | H57: =SC!H57 -> 0.82 | I57: 0.05 | J57: =H57+I57 -> 0.87 | K57: 0.1615 | L57: =(G57-G57*J57)*(1-K57) -> 15.967758
B58: 1215 | C58: DOXAZOSINA, MESILATO DE 2 MG C/ 30 COMP. | D58: 7897076912152 | E58: Positivo | F58: 112 | G58: =VLOOKUP(B58,tABELA!C:BO,46,0) -> 32.645866 | H58: =SC!H58 -> 0.65 | I58: 0.05 | J58: =H58+I58 -> 0.7 | K58: 0.1615 | L58: =(G58-G58*J58)*(1-K58) -> 8.2120676
B59: 2069 | C59: ESCITALOPRAM, OXALATO DE 10 MG C/ 30 COMP. REV. | D59: 7897076920690 | E59: Positivo | F59: 180 | G59: =VLOOKUP(B59,tABELA!C:BO,46,0) -> 103.24082 | H59: =SC!H59 -> 0.87 | I59: 0.05 | J59: =H59+I59 -> 0.92 | K59: 0.1615 | L59: =(G59-G59*J59)*(1-K59) -> 6.9253944
B60: 1900 | C60: ESCITALOPRAM, OXALATO DE 15 MG C/ 30 COMP. REV. | D60: 7897076919007 | E60: Positivo | F60: 144 | G60: =VLOOKUP(B60,tABELA!C:BO,46,0) -> 154.62347 | H60: =SC!H60 -> 0.8 | I60: 0.05 | J60: =H60+I60 -> 0.85 | K60: 0.1615 | L60: =(G60-G60*J60)*(1-K60) -> 19.447768
B61: 1910 | C61: ESCITALOPRAM, OXALATO DE 20 MG C/ 30 COMP. REV. | D61: 7897076919106 | E61: Positivo | F61: 120 | G61: =VLOOKUP(B61,tABELA!C:BO,46,0) -> 206.20426 | H61: =SC!H61 -> 0.85 | I61: 0.05 | J61: =H61+I61 -> 0.9 | K61: 0.1615 | L61: =(G61-G61*J61)*(1-K61) -> 17.290227
B62: 1404 | C62: ESOMEPRAZOL MAGNÉSIO 20 MG C/ 14 COMP. REV. LIB. RET. | D62: 7897076914040 | E62: Positivo | F62: 120 | G62: =VLOOKUP(B62,tABELA!C:BO,46,0) -> 56.547334 | H62: =SC!H62 -> 0.78 | I62: 0.05 | J62: =H62+I62 -> 0.83 | K62: 0.1615 | L62: =(G62-G62*J62)*(1-K62) -> 8.0605398
B63: 1405 | C63: ESOMEPRAZOL MAGNÉSIO 20 MG C/ 28 COMP. REV. LIB. RET. | D63: 7897076914057 | E63: Positivo | F63: 96 | G63: =VLOOKUP(B63,tABELA!C:BO,46,0) -> 113.1475 | H63: =SC!H63 -> 0.78 | I63: 0.05 | J63: =H63+I63 -> 0.83 | K63: 0.1615 | L63: =(G63-G63*J63)*(1-K63) -> 16.128611
B64: 1407 | C64: ESOMEPRAZOL MAGNÉSIO 40 MG C/ 14 COMP. REV. LIB. RET. | D64: 7897076914071 | E64: Positivo | F64: 180 | G64: =VLOOKUP(B64,tABELA!C:BO,46,0) -> 118.3254 | H64: =SC!H64 -> 0.78 | I64: 0.05 | J64: =H64+I64 -> 0.83 | K64: 0.1615 | L64: =(G64-G64*J64)*(1-K64) -> 16.866694
B65: 1408 | C65: ESOMEPRAZOL MAGNÉSIO 40 MG C/ 28 COMP. REV. LIB. RET. | D65: 7897076914088 | E65: Positivo | F65: 108 | G65: =VLOOKUP(B65,tABELA!C:BO,46,0) -> 236.65079 | H65: =SC!H65 -> 0.78 | I65: 0.05 | J65: =H65+I65 -> 0.83 | K65: 0.1615 | L65: =(G65-G65*J65)*(1-K65) -> 33.733387
B66: 2391 | C66: FENOFIBRATO 160MG C/ 30 CPR | D66: 7897076923912 | E66: Positivo | F66: 180 | G66: =VLOOKUP(B66,tABELA!C:BO,46,0) -> 80.446956 | H66: =SC!H66 -> 0.35 | I66: 0.05 | J66: =H66+I66 -> 0.4 | K66: 0.1615 | L66: =(G66-G66*J66)*(1-K66) -> 40.472864
B67: 2392 | C67: FENOFIBRATO 160MG C/ 60 CPR | D67: 7897076923929 | E67: Positivo | F67: 60 | G67: =VLOOKUP(B67,tABELA!C:BO,46,0) -> 160.93303 | H67: =SC!H67 -> 0.35 | I67: 0.05 | J67: =H67+I67 -> 0.4 | K67: 0.1615 | L67: =(G67-G67*J67)*(1-K67) -> 80.965406
B68: 1095 | C68: FEXOFENADINA, CLORIDRATO DE 120 MG C/ 10 COMP. REV. | D68: 7897076910950 | E68: Negativo | F68: 160 | G68: =VLOOKUP(B68,tABELA!C:BO,46,0) -> 46.02 | H68: =SC!H68 -> 0.82 | I68: 0.05 | J68: =H68+I68 -> 0.87 | K68: 0.1344 | L68: =(G68-G68*J68)*(1-K68) -> 5.1785386
B69: 1097 | C69: FEXOFENADINA, CLORIDRATO DE 180 MG C/ 10 COMP. REV. | D69: 7897076910974 | E69: Negativo | F69: 160 | G69: =VLOOKUP(B69,tABELA!C:BO,46,0) -> 70.28 | H69: =SC!H69 -> 0.82 | I69: 0.05 | J69: =H69+I69 -> 0.87 | K69: 0.1344 | L69: =(G69-G69*J69)*(1-K69) -> 7.9084678
... B73: 2241 | C73: GLICLAZIDA 60 MG C/ 60 COMP. LIB. PROL. | D73: 7897076922410 | E73: Positivo | F73: 64 | G73: =VLOOKUP(B73,tABELA!C:BO,46,0) -> 86.718429 | H73: =SC!H73 -> 0.58 | I73: 0.05 | J73: =H73+I73 -> 0.63 | K73: 0.1615 | L73: =(G73-G73*J73)*(1-K73) -> 26.903959
B74: 1855 | C74: IRBESARTANA + HCT 150+12,5MG X 30 COMP | D74: 7897076918550 | E74: Positivo | F74: 80 | G74: =VLOOKUP(B74,tABELA!C:BO,46,0) -> 98.68375 | H74: =SC!H74 -> 0.28 | I74: 0.05 | J74: =H74+I74 -> 0.33 | K74: 0.1615 | L74: =(G74-G74*J74)*(1-K74) -> 55.440037
B75: 1858 | C75: IRBESARTANA + HCT 300+12,5MG X 30 COMP | D75: 7897076918581 | E75: Positivo | F75: 80 | G75: =VLOOKUP(B75,tABELA!C:BO,46,0) -> 98.68375 | H75: =SC!H75 -> 0.28 | I75: 0.05 | J75: =H75+I75 -> 0.33 | K75: 0.1615 | L75: =(G75-G75*J75)*(1-K75) -> 55.440037
B76: 1933 | C76: ISOTRETINOINA 20 MG C/ 30 CAP. | D76: 7897076919335 | E76: Positivo | F76: 160 | G76: =VLOOKUP(B76,tABELA!C:BO,46,0) -> 145.18264 | H76: =SC!H76 -> 0.74 | I76: 0.05 | J76: =H76+I76 -> 0.79 | K76: 0.1615 | L76: =(G76-G76*J76)*(1-K76) -> 25.564484
A77: * | B77: 1178 | C77: LAMOTRIGINA 100 MG C/ 30 COMP. | D77: 7897076911780 | E77: Positivo | F77: 192 | G77: =VLOOKUP(B77,tABELA!C:BO,46,0) -> 63.957532 | H77: =SC!H77 -> 0.8 | I77: 0.05 | J77: =H77+I77 -> 0.85 | K77: 0.1615 | L77: =(G77-G77*J77)*(1-K77) -> 8.0442585
A78: * | B78: 1176 | C78: LAMOTRIGINA 25 MG C/ 30 COMP. | D78: 7897076911766 | E78: Positivo | F78: 96 | G78: =VLOOKUP(B78,tABELA!C:BO,46,0) -> 28.993553 | H78: =SC!H78 -> 0.8 | I78: 0.05 | J78: =H78+I78 -> 0.85 | K78: 0.1615 | L78: =(G78-G78*J78)*(1-K78) -> 3.6466641
A79: * | B79: 1177 | C79: LAMOTRIGINA 50 MG C/ 30 COMP. | D79: 7897076911773 | E79: Positivo | F79: 96 | G79: =VLOOKUP(B79,tABELA!C:BO,46,0) -> 37.077404 | H79: =SC!H79 -> 0.745 | I79: 0.05 | J79: =H79+I79 -> 0.795 | K79: 0.1615 | L79: =(G79-G79*J79)*(1-K79) -> 6.3733277
B80: 2149 | C80: LEVOCETIRIZINA, DICLORIDRATO DE 5 MG C/ 10 COMP. REV. | D80: 7897076921499 | E80: Negativo | F80: 160 | G80: =VLOOKUP(B80,tABELA!C:BO,46,0) -> 37.38 | H80: =SC!H80 -> 0.69 | I80: 0.05 | J80: =H80+I80 -> 0.74 | K80: 0.1344 | L80: =(G80-G80*J80)*(1-K80) -> 8.4125933
A81: * | B81: 678 | C81: LORATADINA 10 MG C/ 12 COMP. | D81: 7897076906786 | E81: Negativo | F81: 144 | G81: =VLOOKUP(B81,tABELA!C:BO,46,0) -> 37.69 | H81: =SC!H81 -> 0.8 | I81: 0.05 | J81: =H81+I81 -> 0.85 | K81: 0.1344 | L81: =(G81-G81*J81)*(1-K81) -> 4.8936696
A82: * | B82: 2351 | C82: LOSARTANA POTASSICA + HCT 100 MG + 25 MG C/ 30 COMP. | D82: 7897076923516 | E82: Positivo | F82: 144 | G82: =VLOOKUP(B82,tABELA!C:BO,46,0) -> 63.931114 | H82: =SC!H82 -> 0.785 | I82: 0.05 | J82: =H82+I82 -> 0.835 | K82: 0.1615 | L82: =(G82-G82*J82)*(1-K82) -> 8.8450294
A83: * | B83: 2352 | C83: LOSARTANA POTASSICA + HCT 100 MG + 25 MG C/ 60 COMP. | D83: 7897076923523 | E83: Positivo | F83: 80 | G83: =VLOOKUP(B83,tABELA!C:BO,46,0) -> 127.87544 | H83: =SC!H83 -> 0.785 | I83: 0.05 | J83: =H83+I83 -> 0.835 | K83: 0.1615 | L83: =(G83-G83*J83)*(1-K83) -> 17.691886
A84: * | B84: 2349 | C84: LOSARTANA POTASSICA + HCT 50 MG + 12,5MG C/ 30 COMP. | D84: 7897076923493 | E84: Positivo | F84: 144 | G84: =VLOOKUP(B84,tABELA!C:BO,46,0) -> 35.280993 | H84: =SC!H84 -> 0.785 | I84: 0.05 | J84: =H84+I84 -> 0.835 | K84: 0.1615 | L84: =(G84-G84*J84)*(1-K84) -> 4.8812136
A85: * | B85: 2350 | C85: LOSARTANA POTASSICA + HCT 50 MG + 12,5MG C/ 60 COMP. | D85: 7897076923509 | E85: Positivo | F85: 90 | G85: =VLOOKUP(B85,tABELA!C:BO,46,0) -> 77.52308 | H85: =SC!H85 -> 0.785 | I85: 0.05 | J85: =H85+I85 -> 0.835 | K85: 0.1615 | L85: =(G85-G85*J85)*(1-K85) -> 10.725512
B86: 2302 | C86: MESALAZINA 1200 MG C/ 30 COMP. | D86: 7897076923028 | E86: Positivo | F86: 80 | G86: =VLOOKUP(B86,tABELA!C:BO,46,0) -> 225.19932 | H86: =SC!H86 -> 0.25 | I86: 0.05 | J86: =H86+I86 -> 0.3 | K86: 0.1615 | L86: =(G86-G86*J86)*(1-K86) -> 132.18074
B87: 912 | C87: MINOCICLINA, CLORIDRATO DE 100 MG C/ 30 COMP. REV. | D87: 7897076909121 | E87: Positivo | F87: 112 | G87: =VLOOKUP(B87,tABELA!C:BO,46,0) -> 119.28836 | H87: =SC!H87 -> 0.25 | I87: 0.05 | J87: =H87+I87 -> 0.3 | K87: 0.1615 | L87: =(G87-G87*J87)*(1-K87) -> 70.016305
A88: * | B88: 2297 | C88: MONTELUCASTE DE SÓDIO 10 MG C/ 30 COMP. REV. | D88: 7897076922977 | E88: Positivo | F88: 192 | G88: =VLOOKUP(B88,tABELA!C:BO,46,0) -> 46.903501 | H88: =SC!H88 -> 0.72 | I88: 0.05 | J88: =H88+I88 -> 0.77 | K88: 0.1615 | L88: =(G88-G88*J88)*(1-K88) -> 9.0455746
A89: * | B89: 2295 | C89: MONTELUCASTE DE SÓDIO 4 MG C/ 30 COMP. MAST. | D89: 7897076922953 | E89: Positivo | F89: 192 | G89: =VLOOKUP(B89,tABELA!C:BO,46,0) -> 46.903501 | H89: =SC!H89 -> 0.72 | I89: 0.05 | J89: =H89+I89 -> 0.77 | K89: 0.1615 | L89: =(G89-G89*J89)*(1-K89) -> 9.0455746
A90: * | B90: 2296 | C90: MONTELUCASTE DE SÓDIO 5 MG C/ 30 COMP. MAST. | D90: 7897076922960 | E90: Positivo | F90: 192 | G90: =VLOOKUP(B90,tABELA!C:BO,46,0) -> 46.903501 | H90: =SC!H90 -> 0.72 | I90: 0.05 | J90: =H90+I90 -> 0.77 | K90: 0.1615 | L90: =(G90-G90*J90)*(1-K90) -> 9.0455746
B91: 771 | C91: NORFLOXACINO 400 MG C/ 14 COMP. REV. | D91: 7897076907714 | E91: Positivo | F91: 160 | G91: =VLOOKUP(B91,tABELA!C:BO,46,0) -> 37.055146 | H91: =SC!H91 -> 0.73 | I91: 0.05 | J91: =H91+I91 -> 0.78 | K91: 0.1615 | L91: =(G91-G91*J91)*(1-K91) -> 6.8355628
B92: 1227 | C92: NORTRIPTILINA, CLORIDRATO DE 25 MG C/ 30 CAP | D92: 7897076912275 | E92: Positivo | F92: 270 | G92: =VLOOKUP(B92,tABELA!C:BO,46,0) -> 33.907266 | H92: =SC!H92 -> 0.6 | I92: 0.05 | J92: =H92+I92 -> 0.65 | K92: 0.1615 | L92: =(G92-G92*J92)*(1-K92) -> 9.950935
B93: 1229 | C93: NORTRIPTILINA, CLORIDRATO DE 50 MG C/ 30 CAP | D93: 7897076912299 | E93: Positivo | F93: 160 | G93: =VLOOKUP(B93,tABELA!C:BO,46,0) -> 49.533404 | H93: =SC!H93 -> 0.33 | I93: 0.05 | J93: =H93+I93 -> 0.38 | K93: 0.1615 | L93: =(G93-G93*J93)*(1-K93) -> 25.750931
B94: 1231 | C94: NORTRIPTILINA, CLORIDRATO DE 75 MG C/ 30 CAP | D94: 7897076912312 | E94: Positivo | F94: 160 | G94: =VLOOKUP(B94,tABELA!C:BO,46,0) -> 66.99558 | H94: =SC!H94 -> 0.33 | I94: 0.05 | J94: =H94+I94 -> 0.38 | K94: 0.1615 | L94: =(G94-G94*J94)*(1-K94) -> 34.828992
B95: 2287 | C95: OLOPATADINA, CLORIDRATO DE 1 MG/ML C/ 5 ML | D95: 7897076922878 | E95: Positivo | F95: 420 | G95: =VLOOKUP(B95,tABELA!C:BO,46,0) -> 38.372082 | H95: =SC!H95 -> 0.32 | I95: 0.05 | J95: =H95+I95 -> 0.37 | K95: 0.1615 | L95: =(G95-G95*J95)*(1-K95) -> 20.270244
B96: 2288 | C96: OLOPATADINA, CLORIDRATO DE 2 MG/ML C/ 2,5 ML | D96: 7897076922885 | E96: Positivo | F96: 420 | G96: =VLOOKUP(B96,tABELA!C:BO,46,0) -> 38.372082 | H96: =SC!H96 -> 0.35 | I96: 0.05 | J96: =H96+I96 -> 0.4 | K96: 0.1615 | L96: =(G96-G96*J96)*(1-K96) -> 19.304994
B97: 2359 | C97: ONDANSETRONA 4 MG ESTOJO,BLISTER C/ 10 COMP. | D97: 7897076923592 | E97: Negativo | F97: 264 | G97: =VLOOKUP(B97,tABELA!C:BO,46,0) -> 22.14 | H97: =SC!H97 -> 0.78 | I97: 0.05 | J97: =H97+I97 -> 0.83 | K97: 0.1344 | L97: =(G97-G97*J97)*(1-K97) -> 3.2579453
B98: 2360 | C98: ONDANSETRONA 4 MG ESTOJO,BLISTER C/ 30 COMP. | D98: 7897076923608 | E98: Negativo | F98: 264 | G98: =VLOOKUP(B98,tABELA!C:BO,46,0) -> 66.43 | H98: =SC!H98 -> 0.79 | I98: 0.05 | J98: =H98+I98 -> 0.84 | K98: 0.1344 | L98: =(G98-G98*J98)*(1-K98) -> 9.2002893
B99: 2361 | C99: ONDANSETRONA 8 MG ESTOJO,BLISTER C/ 10 COMP. | D99: 7897076923615 | E99: Negativo | F99: 264 | G99: =VLOOKUP(B99,tABELA!C:BO,46,0) -> 44.48 | H99: =SC!H99 -> 0.805 | I99: 0.05 | J99: =H99+I99 -> 0.855 | K99: 0.1344 | L99: =(G99-G99*J99)*(1-K99) -> 5.5827738
B100: 2362 | C100: ONDANSETRONA 8 MG ESTOJO,BLISTER C/ 30 COMP. | D100: 7897076923622 | E100: Negativo | F100: 264 | G100: =VLOOKUP(B100,tABELA!C:BO,46,0) -> 133.55 | H100: =SC!H100 -> 0.79 | I100: 0.05 | J100: =H100+I100 -> 0.84 | K100: 0.1344 | L100: =(G100-G100*J100)*(1-K100) -> 18.496141
B101: 1182 | C101: OXCARBAZEPINA 300 MG C/ 30 COMP. REV. | D101: 7897076911827 | E101: Positivo | F101: 80 | G101: =VLOOKUP(B101,tABELA!C:BO,46,0) -> 42.585519 | H101: =SC!H101 -> 0.43 | I101: 0.05 | J101: =H101+I101 -> 0.48 | K101: 0.1615 | L101: =(G101-G101*J101)*(1-K101) -> 18.568138
B102: 603 | C102: OXCARBAZEPINA 300 MG C/ 60 COMP. REV. | D102: 7897076906038 | E102: Positivo | F102: 50 | G102: =VLOOKUP(B102,tABELA!C:BO,46,0) -> 82.819852 | H102: =SC!H102 -> 0.43 | I102: 0.05 | J102: =H102+I102 -> 0.48 | K102: 0.1615 | L102: =(G102-G102*J102)*(1-K102) -> 36.111112
... B104: 1127 | C104: OXCARBAZEPINA 600 MG C/ 60 COMP. REV. | D104: 7897076911278 | E104: Positivo | F104: 40 | G104: =VLOOKUP(B104,tABELA!C:BO,46,0) -> 153.81773 | H104: =SC!H104 -> 0.43 | I104: 0.05 | J104: =H104+I104 -> 0.48 | K104: 0.1615 | L104: =(G104-G104*J104)*(1-K104) -> 67.067607
A105: * | B105: 2218 | C105: PREGABALINA 150 MG C/ 30 CAP. DURA | D105: 7897076922182 | E105: Positivo | F105: 180 | G105: =VLOOKUP(B105,tABELA!C:BO,46,0) -> 94.643415 | H105: =SC!H105 -> 0.86 | I105: 0.05 | J105: =H105+I105 -> 0.91 | K105: 0.1615 | L105: =(G105-G105*J105)*(1-K105) -> 7.1422653
A106: * | B106: 2215 | C106: PREGABALINA 75 MG C/ 30 CAP. DURA | D106: 7897076922151 | E106: Positivo | F106: 180 | G106: =VLOOKUP(B106,tABELA!C:BO,46,0) -> 60.800834 | H106: =SC!H106 -> 0.86 | I106: 0.05 | J106: =H106+I106 -> 0.91 | K106: 0.1615 | L106: =(G106-G106*J106)*(1-K106) -> 4.588335
B107: 2263 | C107: RIVASTIGMINA, HEMITARTARATO DE 1,5 MG C/ 30 CAP. DURA | D107: 7897076922632 | E107: Positivo | F107: 192 | G107: =VLOOKUP(B107,tABELA!C:BO,46,0) -> 180.1386 | H107: =SC!H107 -> 0.56 | I107: 0.05 | J107: =H107+I107 -> 0.61 | K107: 0.1615 | L107: =(G107-G107*J107)*(1-K107) -> 58.908024
B108: 2264 | C108: RIVASTIGMINA, HEMITARTARATO DE 3 MG C/ 30 CAP. DURA | D108: 7897076922649 | E108: Positivo | F108: 192 | G108: =VLOOKUP(B108,tABELA!C:BO,46,0) -> 206.84125 | H108: =SC!H108 -> 0.56 | I108: 0.05 | J108: =H108+I108 -> 0.61 | K108: 0.1615 | L108: =(G108-G108*J108)*(1-K108) -> 67.640192
B109: 2262 | C109: RIVASTIGMINA, HEMITARTARATO DE 4,5 MG C/ 30 CAP. DURA | D109: 7897076922656 | E109: Positivo | F109: 192 | G109: =VLOOKUP(B109,tABELA!C:BO,46,0) -> 234.61305 | H109: =SC!H109 -> 0.56 | I109: 0.05 | J109: =H109+I109 -> 0.61 | K109: 0.1615 | L109: =(G109-G109*J109)*(1-K109) -> 76.721987
B110: 2266 | C110: RIVASTIGMINA, HEMITARTARATO DE 6 MG C/ 30 CAP. DURA | D110: 7897076922663 | E110: Positivo | F110: 192 | G110: =VLOOKUP(B110,tABELA!C:BO,46,0) -> 239.42422 | H110: =SC!H110 -> 0.56 | I110: 0.05 | J110: =H110+I110 -> 0.61 | K110: 0.1615 | L110: =(G110-G110*J110)*(1-K110) -> 78.295313
B111: 1774 | C111: ROSUVASTATINA CÁLCICA 10 MG C/ 30 COMP. REV. | D111: 7897076917744 | E111: Positivo | F111: 224 | G111: =VLOOKUP(B111,tABELA!C:BO,46,0) -> 63.429175 | H111: =SC!H111 -> 0.72 | I111: 0.05 | J111: =H111+I111 -> 0.77 | K111: 0.1615 | L111: =(G111-G111*J111)*(1-K111) -> 12.232634
B112: 1778 | C112: ROSUVASTATINA CÁLCICA 20 MG C/ 30 COMP. REV. | D112: 7897076917782 | E112: Positivo | F112: 192 | G112: =VLOOKUP(B112,tABELA!C:BO,46,0) -> 111.12654 | H112: =SC!H112 -> 0.72 | I112: 0.05 | J112: =H112+I112 -> 0.77 | K112: 0.1615 | L112: =(G112-G112*J112)*(1-K112) -> 21.431309
B113: 2221 | C113: ROSUVASTATINA CÁLCICA 5 MG C/ 30 COMP. REV. | D113: 7897076922212 | E113: Positivo | F113: 240 | G113: =VLOOKUP(B113,tABELA!C:BO,46,0) -> 28.451987 | H113: =SC!H113 -> 0.72 | I113: 0.05 | J113: =H113+I113 -> 0.77 | K113: 0.1615 | L113: =(G113-G113*J113)*(1-K113) -> 5.487108
B114: 2242 | C114: ROSUVASTATINA CÁLCICA 5 MG C/ 60 COMP. REV. | D114: 7897076922427 | E114: Positivo | F114: 120 | G114: =VLOOKUP(B114,tABELA!C:BO,46,0) -> 63.719771 | H114: =SC!H114 -> 0.65 | I114: 0.05 | J114: =H114+I114 -> 0.7 | K114: 0.1615 | L114: =(G114-G114*J114)*(1-K114) -> 16.028708
B115: 1106 | C115: SECNIDAZOL 1000 MG C/ 2 COMP. REV. | D115: 7897076911063 | E115: Negativo | F115: 192 | G115: =VLOOKUP(B115,tABELA!C:BO,46,0) -> 15.24 | H115: =SC!H115 -> 0.76 | I115: 0.05 | J115: =H115+I115 -> 0.81 | K115: 0.1344 | L115: =(G115-G115*J115)*(1-K115) -> 2.5064314
B116: 1107 | C116: SECNIDAZOL 1000 MG C/ 4 COMP. REV. | D116: 7897076911070 | E116: Negativo | F116: 192 | G116: =VLOOKUP(B116,tABELA!C:BO,46,0) -> 30.6 | H116: =SC!H116 -> 0.76 | I116: 0.05 | J116: =H116+I116 -> 0.81 | K116: 0.1344 | L116: =(G116-G116*J116)*(1-K116) -> 5.0325984
A117: * | B117: 814 | C117: SERTRALINA, CLORIDRATO DE 50 MG C/ 30 COMP. REV. | D117: 7897076908148 | E117: Positivo | F117: 112 | G117: =VLOOKUP(B117,tABELA!C:BO,46,0) -> 62.425298 | H117: =SC!H117 -> 0.81 | I117: 0.05 | J117: =H117+I117 -> 0.86 | K117: 0.1615 | L117: =(G117-G117*J117)*(1-K117) -> 7.3281058
B118: 2357 | C118: SITAGLIPTINA, FOSFATO DE 100 MG C/ 30 COMP. REV. | D118: 7897076923578 | E118: Positivo | F118: 216 | G118: =VLOOKUP(B118,tABELA!C:BO,46,0) -> 175.39262 | H118: =SC!H118 -> 0.62 | I118: 0.05 | J118: =H118+I118 -> 0.67 | K118: 0.1615 | L118: =(G118-G118*J118)*(1-K118) -> 48.532015
...

Sheet MT-MS
B1: RANBAXY FARMACÊUTICA LTDA
B2: a SUN PHARMA company
B3: AV. EUGÊNIO BORGES, 1.060 - ARSENAL - SG - RJ
B4: C.N.P.J 73.663.650/0001-90 INSC. EST. 85.396.757
B6: CONDIÇÃO COMERCIAL Fevereiro/26
B8: Cód | C8: Produto/Apresentação | D8: EAN | E8: Pis-Cofins | F8: Caixa de Embarque | G8: PF - 19,5% | H8: DESCONTO COMPRA | I8: SPREAD | J8: Desc Final | K8: Repasse | L8: Vlr Liquido
B9: 931 | C9: ACECLOFENACO 100 MG C/ 12 COMP. REV. | D9: 7897076909312 | E9: Positivo | F9: 128 | G9: =VLOOKUP(B9,tABELA!C:BO,58,0) -> 37.305781 | H9: =PR!H9 -> 0.78 | I9: 0.05 | J9: =H9+I9 -> 0.83 | K9: 0.1354 | L9: =(G9-G9*J9)*(1-K9) -> 5.4832784
B10: 934 | C10: ACECLOFENACO 100 MG C/ 24 COMP. REV. | D10: 7897076909343 | E10: Positivo | F10: 80 | G10: =VLOOKUP(B10,tABELA!C:BO,58,0) -> 69.82023 | H10: =PR!H10 -> 0.75 | I10: 0.05 | J10: =H10+I10 -> 0.8 | K10: 0.1354 | L10: =(G10-G10*J10)*(1-K10) -> 12.073314
B11: 740 | C11: ACICLOVIR 200 MG C/ 10 COMP. | D11: 7897076907400 | E11: Positivo | F11: 192 | G11: =VLOOKUP(B11,tABELA!C:BO,58,0) -> 42.852967 | H11: =PR!H11 -> 0.75 | I11: 0.05 | J11: =H11+I11 -> 0.8 | K11: 0.1354 | L11: =(G11-G11*J11)*(1-K11) -> 7.410135
B12: 741 | C12: ACICLOVIR 200 MG C/ 25 COMP. | D12: 7897076907417 | E12: Positivo | F12: 60 | G12: =VLOOKUP(B12,tABELA!C:BO,58,0) -> 89.421138 | H12: =PR!H12 -> 0.8 | I12: 0.05 | J12: =H12+I12 -> 0.85 | K12: 0.1354 | L12: =(G12-G12*J12)*(1-K12) -> 11.597027
B13: 2202 | C13: ACICLOVIR 200 MG C/ 30 COMP. | D13: 7897076922021 | E13: Positivo | F13: 240 | G13: =VLOOKUP(B13,tABELA!C:BO,58,0) -> 117.97697 | H13: =PR!H13 -> 0.75 | I13: 0.05 | J13: =H13+I13 -> 0.8 | K13: 0.1354 | L13: =(G13-G13*J13)*(1-K13) -> 20.400578
B14: 742 | C14: ACICLOVIR 400 MG C/ 10 COMP. | D14: 7897076907424 | E14: Positivo | F14: 192 | G14: =VLOOKUP(B14,tABELA!C:BO,58,0) -> 85.821233 | H14: =PR!H14 -> 0.75 | I14: 0.05 | J14: =H14+I14 -> 0.8 | K14: 0.1354 | L14: =(G14-G14*J14)*(1-K14) -> 14.840208
B15: 743 | C15: ACICLOVIR 400 MG C/ 25 COMP. | D15: 7897076907431 | E15: Positivo | F15: 60 | G15: =VLOOKUP(B15,tABELA!C:BO,58,0) -> 178.84228 | H15: =PR!H15 -> 0.77 | I15: 0.05 | J15: =H15+I15 -> 0.82 | K15: 0.1354 | L15: =(G15-G15*J15)*(1-K15) -> 27.832866
B16: 2182 | C16: ACICLOVIR 400 MG C/ 30 COMP. | D16: 7897076921826 | E16: Positivo | F16: 144 | G16: =VLOOKUP(B16,tABELA!C:BO,58,0) -> 236.1333 | H16: =PR!H16 -> 0.8 | I16: 0.05 | J16: =H16+I16 -> 0.85 | K16: 0.1354 | L16: =(G16-G16*J16)*(1-K16) -> 30.624127
B17: 1155 | C17: AMIODARONA, CLORIDRATO DE 100 MG C/ 20 COMP. | D17: 7897076911551 | E17: Positivo | F17: 216 | G17: =VLOOKUP(B17,tABELA!C:BO,58,0) -> 12.0134 | H17: =PR!H17 -> 0.27 | I17: 0.05 | J17: =H17+I17 -> 0.32 | K17: 0.1354 | L17: =(G17-G17*J17)*(1-K17) -> 7.063014
B18: 1156 | C18: AMIODARONA, CLORIDRATO DE 100 MG C/ 30 COMP. | D18: 7897076911568 | E18: Positivo | F18: 216 | G18: =VLOOKUP(B18,tABELA!C:BO,58,0) -> 18.032745 | H18: =PR!H18 -> 0.31 | I18: 0.05 | J18: =H18+I18 -> 0.36 | K18: 0.1354 | L18: =(G18-G18*J18)*(1-K18) -> 9.9783112
B19: 1157 | C19: AMIODARONA, CLORIDRATO DE 200 MG C/ 20 COMP. | D19: 7897076911575 | E19: Positivo | F19: 216 | G19: =VLOOKUP(B19,tABELA!C:BO,58,0) -> 24.077382 | H19: =PR!H19 -> 0.3 | I19: 0.05 | J19: =H19+I19 -> 0.35 | K19: 0.1354 | L19: =(G19-G19*J19)*(1-K19) -> 13.531248
B20: 1158 | C20: AMIODARONA, CLORIDRATO DE 200 MG C/ 30 COMP. | D20: 7897076911582 | E20: Positivo | F20: 180 | G20: =VLOOKUP(B20,tABELA!C:BO,58,0) -> 36.116073 | H20: =PR!H20 -> 0.49 | I20: 0.05 | J20: =H20+I20 -> 0.54 | K20: 0.1354 | L20: =(G20-G20*J20)*(1-K20) -> 14.36394
... B33: 1114 | C33: AXETILCEFUROXIMA PÓ SUSP ORAL 250 MG/5ML C/ 70 ML | D33: 7897076911148 | E33: Positivo | F33: 30 | G33: =VLOOKUP(B33,tABELA!C:BO,58,0) -> 117.98423 | H33: =PR!H33 -> 0.08 | I33: 0.05 | J33: =H33+I33 -> 0.13 | K33: 0.1354 | L33: =(G33-G33*J33)*(1-K33) -> 88.747973
A34: * | B34: 2300 | C34: BISOPROLOL, HEMIFUMARATO DE 10 MG C/ 30 COMP. REV. | D34: 7897076923004 | E34: Positivo | F34: 55 | G34: =VLOOKUP(B34,tABELA!C:BO,58,0) -> 60.81406 | H34: =PR!H34 -> 0.65 | I34: 0.05 | J34: =H34+I34 -> 0.7 | K34: 0.1354 | L34: =(G34-G34*J34)*(1-K34) -> 15.773951
A35: * | B35: 2298 | C35: BISOPROLOL, HEMIFUMARATO DE 2,5 MG C/ 30 COMP. REV. | D35: 7897076922984 | E35: Positivo | F35: 77 | G35: =VLOOKUP(B35,tABELA!C:BO,58,0) -> 43.86504 | H35: =PR!H35 -> 0.69 | I35: 0.05 | J35: =H35+I35 -> 0.74 | K35: 0.1354 | L35: =(G35-G35*J35)*(1-K35) -> 9.8606854
A36: * | B36: 2299 | C36: BISOPROLOL, HEMIFUMARATO DE 5 MG C/ 30 COMP. REV. | D36: 7897076922991 | E36: Positivo | F36: 55 | G36: =VLOOKUP(B36,tABELA!C:BO,58,0) -> 53.358029 | H36: =PR!H36 -> 0.66 | I36: 0.05 | J36: =H36+I36 -> 0.71 | K36: 0.1354 | L36: =(G36-G36*J36)*(1-K36) -> 13.378672
B37: 2343 | C37: BUPROPIONA, CLORIDRATO DE 150 MG C/ 30 COMP | D37: 7897076923431 | E37: Positivo | F37: 40 | G37: =VLOOKUP(B37,tABELA!C:BO,58,0) -> 132.17162 | H37: =PR!H37 -> 0.78 | I37: 0.05 | J37: =H37+I37 -> 0.83 | K37: 0.1354 | L37: =(G37-G37*J37)*(1-K37) -> 19.426848
B38: 2344 | C38: BUPROPIONA, CLORIDRATO DE 300 MG C/ 30 COMP | D38: 7897076923448 | E38: Positivo | F38: 40 | G38: =VLOOKUP(B38,tABELA!C:BO,58,0) -> 148.99253 | H38: =PR!H38 -> 0.53 | I38: 0.05 | J38: =H38+I38 -> 0.58 | K38: 0.1354 | L38: =(G38-G38*J38)*(1-K38) -> 54.103954
B39: 2213 | C39: CABERGOLINA 0,5 MG C/ 2 COMP. | D39: 7897076922137 | E39: Positivo | F39: 360 | G39: =VLOOKUP(B39,tABELA!C:BO,58,0) -> 73.661108 | H39: =PR!H39 -> 0.65 | I39: 0.05 | J39: =H39+I39 -> 0.7 | K39: 0.1354 | L39: =(G39-G39*J39)*(1-K39) -> 19.106218
B40: 2214 | C40: CABERGOLINA 0,5 MG C/ 8 COMP. | D40: 7897076922144 | E40: Positivo | F40: 360 | G40: =VLOOKUP(B40,tABELA!C:BO,58,0) -> 254.86111 | H40: =PR!H40 -> 0.65 | I40: 0.05 | J40: =H40+I40 -> 0.7 | K40: 0.1354 | L40: =(G40-G40*J40)*(1-K40) -> 66.105875
A41: * | B41: 791 | C41: CEFALEXINA 500MG C/10 COMP REV | D41: 7897076907912 | E41: Positivo | F41: 160 | G41: =VLOOKUP(B41,tABELA!C:BO,58,0) -> 24.355587 | H41: =PR!H41 -> 0.7 | I41: 0.05 | J41: =H41+I41 -> 0.75 | K41: 0.1354 | L41: =(G41-G41*J41)*(1-K41) -> 5.2644601
A42: * | B42: 790 | C42: CEFALEXINA 500MG C/8 COMP REV | D42: 7897076907905 | E42: Positivo | F42: 192 | G42: =VLOOKUP(B42,tABELA!C:BO,58,0) -> 19.486999 | H42: =PR!H42 -> 0.7 | I42: 0.05 | J42: =H42+I42 -> 0.75 | K42: 0.1354 | L42: =(G42-G42*J42)*(1-K42) -> 4.2121147
B43: 2224 | C43: CELECOXIBE 200 MG C/ 10 CAP. DURA | D43: 7897076922243 | E43: Positivo | F43: 336 | G43: =VLOOKUP(B43,tABELA!C:BO,58,0) -> 39.909778 | H43: =PR!H43 -> 0.8 | I43: 0.05 | J43: =H43+I43 -> 0.85 | K43: 0.1354 | L43: =(G43-G43*J43)*(1-K43) -> 5.1758991
B44: 2225 | C44: CELECOXIBE 200 MG C/ 15 CAP. DURA | D44: 7897076922250 | E44: Positivo | F44: 144 | G44: =VLOOKUP(B44,tABELA!C:BO,58,0) -> 59.09328 | H44: =PR!H44 -> 0.77 | I44: 0.05 | J44: =H44+I44 -> 0.82 | K44: 0.1354 | L44: =(G44-G44*J44)*(1-K44) -> 9.196569
B45: 1090 | C45: CINARIZINA 25 MG C/ 30 COMP. | D45: 7897076910905 | E45: Positivo | F45: 144 | G45: =VLOOKUP(B45,tABELA!C:BO,58,0) -> 13.241615 | H45: =PR!H45 -> 0.32 | I45: 0.05 | J45: =H45+I45 -> 0.37 | K45: 0.1354 | L45: =(G45-G45*J45)*(1-K45) -> 7.2126814
B46: 1092 | C46: CINARIZINA 75 MG C/ 30 COMP. | D46: 7897076910929 | E46: Positivo | F46: 144 | G46: =VLOOKUP(B46,tABELA!C:BO,58,0) -> 18.55823 | H46: =PR!H46 -> 0.26 | I46: 0.05 | J46: =H46+I46 -> 0.31 | K46: 0.1354 | L46: =(G46-G46*J46)*(1-K46) -> 11.071358
A47: * | B47: 1270 | C47: CITALOPRAM, BROMIDRATO DE 20 MG C/ 30 COMP. REV. | D47: 7897076912701 | E47: Positivo | F47: 288 | G47: =VLOOKUP(B47,tABELA!C:BO,58,0) -> 48.207986 | H47: =PR!H47 -> 0.84 | I47: 0.05 | J47: =H47+I47 -> 0.89 | K47: 0.1354 | L47: =(G47-G47*J47)*(1-K47) -> 4.5848687
B48: 1233 | C48: CLOPIDOGREL, BISSULFATO DE 75 MG C/ 28 COMP. REV. | D48: 7897076912336 | E48: Positivo | F48: 168 | G48: =VLOOKUP(B48,tABELA!C:BO,58,0) -> 67.117098 | H48: =PR!H48 -> 0.78 | I48: 0.05 | J48: =H48+I48 -> 0.83 | K48: 0.1354 | L48: =(G48-G48*J48)*(1-K48) -> 9.8650053
B49: 1234 | C49: CLOPIDOGREL, BISSULFATO DE 75 MG C/ 30 COMP. REV. | D49: 7897076912343 | E49: Positivo | F49: 180 | G49: =VLOOKUP(B49,tABELA!C:BO,58,0) -> 60.314429 | H49: =PR!H49 -> 0.78 | I49: 0.05 | J49: =H49+I49 -> 0.83 | K49: 0.1354 | L49: =(G49-G49*J49)*(1-K49) -> 8.8651355
B50: 2363 | C50: CLORID. DE DORZOLAMIDA + MAL. TIMOLOL 20 + 5 MG/ML SOL OFT | D50: 7897076923639 | E50: Positivo | F50: 420 | G50: =VLOOKUP(B50,tABELA!C:BO,58,0) -> 93.641288 | H50: =PR!H50 -> 0.35 | I50: 0.05 | J50: =H50+I50 -> 0.4 | K50: 0.1354 | L50: =(G50-G50*J50)*(1-K50) -> 48.577354
B51: 2187 | C51: DIVALPROATO DE SÓDIO 250 MG C/ 30 COMP. REV. LIB. PROL. | D51: 7897076921871 | E51: Positivo | F51: 72 | G51: =VLOOKUP(B51,tABELA!C:BO,58,0) -> 39.022462 | H51: =PR!H51 -> 0.45 | I51: 0.05 | J51: =H51+I51 -> 0.5 | K51: 0.1354 | L51: =(G51-G51*J51)*(1-K51) -> 16.86941
B52: 2190 | C52: DIVALPROATO DE SÓDIO 500 MG C/ 30 COMP. REV. LIB. PROL. | D52: 7897076921901 | E52: Positivo | F52: 72 | G52: =VLOOKUP(B52,tABELA!C:BO,58,0) -> 78.173035 | H52: =PR!H52 -> 0.45 | I52: 0.05 | J52: =H52+I52 -> 0.5 | K52: 0.1354 | L52: =(G52-G52*J52)*(1-K52) -> 33.794203
B53: 2329 | C53: DIVALPROATO DE SÓDIO 500 MG C/ 60 COMP. REV. LIB. PROL. | D53: 7897076923295 | E53: Positivo | F53: 48 | G53: =VLOOKUP(B53,tABELA!C:BO,58,0) -> 155.94893 | H53: =PR!H53 -> 0.55 | I53: 0.05 | J53: =H53+I53 -> 0.6 | K53: 0.1354 | L53: =(G53-G53*J53)*(1-K53) -> 53.933377
B54: 1218 | C54: DOMPERIDONA 10 MG C/ 30 COMP. | D54: 7897076912183 | E54: Negativo | F54: 144 | G54: =VLOOKUP(B54,tABELA!C:BO,58,0) -> 16.37 | H54: =PR!H54 -> 0.75 | I54: 0.05 | J54: =H54+I54 -> 0.8 | K54: 0.1075 | L54: =(G54-G54*J54)*(1-K54) -> 2.922045
B55: 1219 | C55: DOMPERIDONA 10 MG C/ 60 COMP. | D55: 7897076912190 | E55: Negativo | F55: 120 | G55: =VLOOKUP(B55,tABELA!C:BO,58,0) -> 29.3 | H55: =PR!H55 -> 0.75 | I55: 0.05 | J55: =H55+I55 -> 0.8 | K55: 0.1075 | L55: =(G55-G55*J55)*(1-K55) -> 5.23005
A56: * | B56: 1206 | C56: DONEPEZILA, CLORIDRATO DE 10 MG C/ 30 COMP. REV. | D56: 7897076912060 | E56: Positivo | F56: 288 | G56: =VLOOKUP(B56,tABELA!C:BO,58,0) -> 157.38818 | H56: =PR!H56 -> 0.85 | I56: 0.05 | J56: =H56+I56 -> 0.9 | K56: 0.1354 | L56: =(G56-G56*J56)*(1-K56) -> 13.607782
A57: * | B57: 1142 | C57: DONEPEZILA, CLORIDRATO DE 5 MG C/ 30 COMP. REV. | D57: 7897076911421 | E57: Positivo | F57: 192 | G57: =VLOOKUP(B57,tABELA!C:BO,58,0) -> 142.07426 | H57: =PR!H57 -> 0.82 | I57: 0.05 | J57: =H57+I57 -> 0.87 | K57: 0.1354 | L57: =(G57-G57*J57)*(1-K57) -> 15.968862
B58: 1215 | C58: DOXAZOSINA, MESILATO DE 2 MG C/ 30 COMP. | D58: 7897076912152 | E58: Positivo | F58: 112 | G58: =VLOOKUP(B58,tABELA!C:BO,58,0) -> 31.662562 | H58: =PR!H58 -> 0.65 | I58: 0.05 | J58: =H58+I58 -> 0.7 | K58: 0.1354 | L58: =(G58-G58*J58)*(1-K58) -> 8.2126353
B59: 2069 | C59: ESCITALOPRAM, OXALATO DE 10 MG C/ 30 COMP. REV. | D59: 7897076920690 | E59: Positivo | F59: 180 | G59: =VLOOKUP(B59,tABELA!C:BO,58,0) -> 100.13118 | H59: =PR!H59 -> 0.87 | I59: 0.05 | J59: =H59+I59 -> 0.92 | K59: 0.1354 | L59: =(G59-G59*J59)*(1-K59) -> 6.9258732
B60: 1900 | C60: ESCITALOPRAM, OXALATO DE 15 MG C/ 30 COMP. REV. | D60: 7897076919007 | E60: Positivo | F60: 144 | G60: =VLOOKUP(B60,tABELA!C:BO,58,0) -> 149.96617 | H60: =PR!H60 -> 0.8 | I60: 0.05 | J60: =H60+I60 -> 0.85 | K60: 0.1354 | L60: =(G60-G60*J60)*(1-K60) -> 19.449112
B61: 1910 | C61: ESCITALOPRAM, OXALATO DE 20 MG C/ 30 COMP. REV. | D61: 7897076919106 | E61: Positivo | F61: 120 | G61: =VLOOKUP(B61,tABELA!C:BO,58,0) -> 199.99332 | H61: =PR!H61 -> 0.85 | I61: 0.05 | J61: =H61+I61 -> 0.9 | K61: 0.1354 | L61: =(G61-G61*J61)*(1-K61) -> 17.291423
B62: 1404 | C62: ESOMEPRAZOL MAGNÉSIO 20 MG C/ 14 COMP. REV. LIB. RET. | D62: 7897076914040 | E62: Positivo | F62: 120 | G62: =VLOOKUP(B62,tABELA!C:BO,58,0) -> 54.844111 | H62: =PR!H62 -> 0.78 | I62: 0.05 | J62: =H62+I62 -> 0.83 | K62: 0.1354 | L62: =(G62-G62*J62)*(1-K62) -> 8.0610971
B63: 1405 | C63: ESOMEPRAZOL MAGNÉSIO 20 MG C/ 28 COMP. REV. LIB. RET. | D63: 7897076914057 | E63: Positivo | F63: 96 | G63: =VLOOKUP(B63,tABELA!C:BO,58,0) -> 109.73947 | H63: =PR!H63 -> 0.78 | I63: 0.05 | J63: =H63+I63 -> 0.83 | K63: 0.1354 | L63: =(G63-G63*J63)*(1-K63) -> 16.129726
B64: 1407 | C64: ESOMEPRAZOL MAGNÉSIO 40 MG C/ 14 COMP. REV. LIB. RET. | D64: 7897076914071 | E64: Positivo | F64: 180 | G64: =VLOOKUP(B64,tABELA!C:BO,58,0) -> 114.7614 | H64: =PR!H64 -> 0.78 | I64: 0.05 | J64: =H64+I64 -> 0.83 | K64: 0.1354 | L64: =(G64-G64*J64)*(1-K64) -> 16.86786
B65: 1408 | C65: ESOMEPRAZOL MAGNÉSIO 40 MG C/ 28 COMP. REV. LIB. RET. | D65: 7897076914088 | E65: Positivo | F65: 108 | G65: =VLOOKUP(B65,tABELA!C:BO,58,0) -> 229.52279 | H65: =PR!H65 -> 0.78 | I65: 0.05 | J65: =H65+I65 -> 0.83 | K65: 0.1354 | L65: =(G65-G65*J65)*(1-K65) -> 33.735719
B66: 2391 | C66: FENOFIBRATO 160MG C/ 30 CPR | D66: 7897076923912 | E66: Positivo | F66: 180 | G66: =VLOOKUP(B66,tABELA!C:BO,58,0) -> 78.023868 | H66: =PR!H66 -> 0.35 | I66: 0.05 | J66: =H66+I66 -> 0.4 | K66: 0.1354 | L66: =(G66-G66*J66)*(1-K66) -> 40.475662
B67: 2392 | C67: FENOFIBRATO 160MG C/ 60 CPR | D67: 7897076923929 | E67: Positivo | F67: 60 | G67: =VLOOKUP(B67,tABELA!C:BO,58,0) -> 156.08567 | H67: =PR!H67 -> 0.35 | I67: 0.05 | J67: =H67+I67 -> 0.4 | K67: 0.1354 | L67: =(G67-G67*J67)*(1-K67) -> 80.971004
B68: 1095 | C68: FEXOFENADINA, CLORIDRATO DE 120 MG C/ 10 COMP. REV. | D68: 7897076910950 | E68: Negativo | F68: 160 | G68: =VLOOKUP(B68,tABELA!C:BO,58,0) -> 44.63 | H68: =PR!H68 -> 0.82 | I68: 0.05 | J68: =H68+I68 -> 0.87 | K68: 0.1075 | L68: =(G68-G68*J68)*(1-K68) -> 5.1781958
B69: 1097 | C69: FEXOFENADINA, CLORIDRATO DE 180 MG C/ 10 COMP. REV. | D69: 7897076910974 | E69: Negativo | F69: 160 | G69: =VLOOKUP(B69,tABELA!C:BO,58,0) -> 68.16 | H69: =PR!H69 -> 0.82 | I69: 0.05 | J69: =H69+I69 -> 0.87 | K69: 0.1075 | L69: =(G69-G69*J69)*(1-K69) -> 7.908264
... B73: 2241 | C73: GLICLAZIDA 60 MG C/ 60 COMP. LIB. PROL. | D73: 7897076922410 | E73: Positivo | F73: 64 | G73: =VLOOKUP(B73,tABELA!C:BO,58,0) -> 84.106442 | H73: =PR!H73 -> 0.58 | I73: 0.05 | J73: =H73+I73 -> 0.63 | K73: 0.1354 | L73: =(G73-G73*J73)*(1-K73) -> 26.905819
B74: 1855 | C74: IRBESARTANA + HCT 150+12,5MG X 30 COMP | D74: 7897076918550 | E74: Positivo | F74: 80 | G74: =VLOOKUP(B74,tABELA!C:BO,58,0) -> 95.711364 | H74: =PR!H74 -> 0.28 | I74: 0.05 | J74: =H74+I74 -> 0.33 | K74: 0.1354 | L74: =(G74-G74*J74)*(1-K74) -> 55.44387
B75: 1858 | C75: IRBESARTANA + HCT 300+12,5MG X 30 COMP | D75: 7897076918581 | E75: Positivo | F75: 80 | G75: =VLOOKUP(B75,tABELA!C:BO,58,0) -> 95.711364 | H75: =PR!H75 -> 0.28 | I75: 0.05 | J75: =H75+I75 -> 0.33 | K75: 0.1354 | L75: =(G75-G75*J75)*(1-K75) -> 55.44387
B76: 1933 | C76: ISOTRETINOINA 20 MG C/ 30 CAP. | D76: 7897076919335 | E76: Positivo | F76: 160 | G76: =VLOOKUP(B76,tABELA!C:BO,58,0) -> 140.80969 | H76: =PR!H76 -> 0.74 | I76: 0.05 | J76: =H76+I76 -> 0.79 | K76: 0.1354 | L76: =(G76-G76*J76)*(1-K76) -> 25.566252
A77: * | B77: 1178 | C77: LAMOTRIGINA 100 MG C/ 30 COMP. | D77: 7897076911780 | E77: Positivo | F77: 192 | G77: =VLOOKUP(B77,tABELA!C:BO,58,0) -> 62.03111 | H77: =PR!H77 -> 0.8 | I77: 0.05 | J77: =H77+I77 -> 0.85 | K77: 0.1354 | L77: =(G77-G77*J77)*(1-K77) -> 8.0448147
A78: * | B78: 1176 | C78: LAMOTRIGINA 25 MG C/ 30 COMP. | D78: 7897076911766 | E78: Positivo | F78: 96 | G78: =VLOOKUP(B78,tABELA!C:BO,58,0) -> 28.120258 | H78: =PR!H78 -> 0.8 | I78: 0.05 | J78: =H78+I78 -> 0.85 | K78: 0.1354 | L78: =(G78-G78*J78)*(1-K78) -> 3.6469162
A79: * | B79: 1177 | C79: LAMOTRIGINA 50 MG C/ 30 COMP. | D79: 7897076911773 | E79: Positivo | F79: 96 | G79: =VLOOKUP(B79,tABELA!C:BO,58,0) -> 35.960621 | H79: =PR!H79 -> 0.745 | I79: 0.05 | J79: =H79+I79 -> 0.795 | K79: 0.1354 | L79: =(G79-G79*J79)*(1-K79) -> 6.3737683
B80: 2149 | C80: LEVOCETIRIZINA, DICLORIDRATO DE 5 MG C/ 10 COMP. REV. | D80: 7897076921499 | E80: Negativo | F80: 160 | G80: =VLOOKUP(B80,tABELA!C:BO,58,0) -> 36.25 | H80: =PR!H80 -> 0.69 | I80: 0.05 | J80: =H80+I80 -> 0.74 | K80: 0.1075 | L80: =(G80-G80*J80)*(1-K80) -> 8.4118125
A81: * | B81: 678 | C81: LORATADINA 10 MG C/ 12 COMP. | D81: 7897076906786 | E81: Negativo | F81: 144 | G81: =VLOOKUP(B81,tABELA!C:BO,58,0) -> 36.55 | H81: =PR!H81 -> 0.8 | I81: 0.05 | J81: =H81+I81 -> 0.85 | K81: 0.1075 | L81: =(G81-G81*J81)*(1-K81) -> 4.8931312
A82: * | B82: 2351 | C82: LOSARTANA POTASSICA + HCT 100 MG + 25 MG C/ 30 COMP. | D82: 7897076923516 | E82: Positivo | F82: 144 | G82: =VLOOKUP(B82,tABELA!C:BO,58,0) -> 62.005488 | H82: =PR!H82 -> 0.785 | I82: 0.05 | J82: =H82+I82 -> 0.835 | K82: 0.1354 | L82: =(G82-G82*J82)*(1-K82) -> 8.8456409
A83: * | B83: 2352 | C83: LOSARTANA POTASSICA + HCT 100 MG + 25 MG C/ 60 COMP. | D83: 7897076923523 | E83: Positivo | F83: 80 | G83: =VLOOKUP(B83,tABELA!C:BO,58,0) -> 124.02379 | H83: =PR!H83 -> 0.785 | I83: 0.05 | J83: =H83+I83 -> 0.835 | K83: 0.1354 | L83: =(G83-G83*J83)*(1-K83) -> 17.69311
A84: * | B84: 2349 | C84: LOSARTANA POTASSICA + HCT 50 MG + 12,5MG C/ 30 COMP. | D84: 7897076923493 | E84: Positivo | F84: 144 | G84: =VLOOKUP(B84,tABELA!C:BO,58,0) -> 34.218318 | H84: =PR!H84 -> 0.785 | I84: 0.05 | J84: =H84+I84 -> 0.835 | K84: 0.1354 | L84: =(G84-G84*J84)*(1-K84) -> 4.881551
A85: * | B85: 2350 | C85: LOSARTANA POTASSICA + HCT 50 MG + 12,5MG C/ 60 COMP. | D85: 7897076923509 | E85: Positivo | F85: 90 | G85: =VLOOKUP(B85,tABELA!C:BO,58,0) -> 75.18806 | H85: =PR!H85 -> 0.785 | I85: 0.05 | J85: =H85+I85 -> 0.835 | K85: 0.1354 | L85: =(G85-G85*J85)*(1-K85) -> 10.726253
B86: 2302 | C86: MESALAZINA 1200 MG C/ 30 COMP. | D86: 7897076923028 | E86: Positivo | F86: 80 | G86: =VLOOKUP(B86,tABELA!C:BO,58,0) -> 218.41625 | H86: =PR!H86 -> 0.25 | I86: 0.05 | J86: =H86+I86 -> 0.3 | K86: 0.1354 | L86: =(G86-G86*J86)*(1-K86) -> 132.18988
B87: 912 | C87: MINOCICLINA, CLORIDRATO DE 100 MG C/ 30 COMP. REV. | D87: 7897076909121 | E87: Positivo | F87: 112 | G87: =VLOOKUP(B87,tABELA!C:BO,58,0) -> 115.69536 | H87: =PR!H87 -> 0.25 | I87: 0.05 | J87: =H87+I87 -> 0.3 | K87: 0.1354 | L87: =(G87-G87*J87)*(1-K87) -> 70.021146
A88: * | B88: 2297 | C88: MONTELUCASTE DE SÓDIO 10 MG C/ 30 COMP. REV. | D88: 7897076922977 | E88: Positivo | F88: 192 | G88: =VLOOKUP(B88,tABELA!C:BO,58,0) -> 45.490752 | H88: =PR!H88 -> 0.72 | I88: 0.05 | J88: =H88+I88 -> 0.77 | K88: 0.1354 | L88: =(G88-G88*J88)*(1-K88) -> 9.0462
A89: * | B89: 2295 | C89: MONTELUCASTE DE SÓDIO 4 MG C/ 30 COMP. MAST. | D89: 7897076922953 | E89: Positivo | F89: 192 | G89: =VLOOKUP(B89,tABELA!C:BO,58,0) -> 45.490752 | H89: =PR!H89 -> 0.72 | I89: 0.05 | J89: =H89+I89 -> 0.77 | K89: 0.1354 | L89: =(G89-G89*J89)*(1-K89) -> 9.0462
A90: * | B90: 2296 | C90: MONTELUCASTE DE SÓDIO 5 MG C/ 30 COMP. MAST. | D90: 7897076922960 | E90: Positivo | F90: 192 | G90: =VLOOKUP(B90,tABELA!C:BO,58,0) -> 45.490752 | H90: =PR!H90 -> 0.72 | I90: 0.05 | J90: =H90+I90 -> 0.77 | K90: 0.1354 | L90: =(G90-G90*J90)*(1-K90) -> 9.0462
B91: 771 | C91: NORFLOXACINO 400 MG C/ 14 COMP. REV. | D91: 7897076907714 | E91: Positivo | F91: 160 | G91: =VLOOKUP(B91,tABELA!C:BO,58,0) -> 35.939033 | H91: =PR!H91 -> 0.73 | I91: 0.05 | J91: =H91+I91 -> 0.78 | K91: 0.1354 | L91: =(G91-G91*J91)*(1-K91) -> 6.8360354
B92: 1227 | C92: NORTRIPTILINA, CLORIDRATO DE 25 MG C/ 30 CAP | D92: 7897076912275 | E92: Positivo | F92: 270 | G92: =VLOOKUP(B92,tABELA!C:BO,58,0) -> 32.885969 | H92: =PR!H92 -> 0.6 | I92: 0.05 | J92: =H92+I92 -> 0.65 | K92: 0.1354 | L92: =(G92-G92*J92)*(1-K92) -> 9.951623
B93: 1229 | C93: NORTRIPTILINA, CLORIDRATO DE 50 MG C/ 30 CAP | D93: 7897076912299 | E93: Positivo | F93: 160 | G93: =VLOOKUP(B93,tABELA!C:BO,58,0) -> 48.041442 | H93: =PR!H93 -> 0.33 | I93: 0.05 | J93: =H93+I93 -> 0.38 | K93: 0.1354 | L93: =(G93-G93*J93)*(1-K93) -> 25.752711
B94: 1231 | C94: NORTRIPTILINA, CLORIDRATO DE 75 MG C/ 30 CAP | D94: 7897076912312 | E94: Positivo | F94: 160 | G94: =VLOOKUP(B94,tABELA!C:BO,58,0) -> 64.977652 | H94: =PR!H94 -> 0.33 | I94: 0.05 | J94: =H94+I94 -> 0.38 | K94: 0.1354 | L94: =(G94-G94*J94)*(1-K94) -> 34.8314
B95: 2287 | C95: OLOPATADINA, CLORIDRATO DE 1 MG/ML C/ 5 ML | D95: 7897076922878 | E95: Positivo | F95: 420 | G95: =VLOOKUP(B95,tABELA!C:BO,58,0) -> 37.216303 | H95: =PR!H95 -> 0.32 | I95: 0.05 | J95: =H95+I95 -> 0.37 | K95: 0.1354 | L95: =(G95-G95*J95)*(1-K95) -> 20.271646
B96: 2288 | C96: OLOPATADINA, CLORIDRATO DE 2 MG/ML C/ 2,5 ML | D96: 7897076922885 | E96: Positivo | F96: 420 | G96: =VLOOKUP(B96,tABELA!C:BO,58,0) -> 37.216303 | H96: =PR!H96 -> 0.35 | I96: 0.05 | J96: =H96+I96 -> 0.4 | K96: 0.1354 | L96: =(G96-G96*J96)*(1-K96) -> 19.306329
B97: 2359 | C97: ONDANSETRONA 4 MG ESTOJO,BLISTER C/ 10 COMP. | D97: 7897076923592 | E97: Negativo | F97: 264 | G97: =VLOOKUP(B97,tABELA!C:BO,58,0) -> 21.48 | H97: =PR!H97 -> 0.78 | I97: 0.05 | J97: =H97+I97 -> 0.83 | K97: 0.1075 | L97: =(G97-G97*J97)*(1-K97) -> 3.259053
B98: 2360 | C98: ONDANSETRONA 4 MG ESTOJO,BLISTER C/ 30 COMP. | D98: 7897076923608 | E98: Negativo | F98: 264 | G98: =VLOOKUP(B98,tABELA!C:BO,58,0) -> 64.43 | H98: =PR!H98 -> 0.79 | I98: 0.05 | J98: =H98+I98 -> 0.84 | K98: 0.1075 | L98: =(G98-G98*J98)*(1-K98) -> 9.200604
B99: 2361 | C99: ONDANSETRONA 8 MG ESTOJO,BLISTER C/ 10 COMP. | D99: 7897076923615 | E99: Negativo | F99: 264 | G99: =VLOOKUP(B99,tABELA!C:BO,58,0) -> 43.14 | H99: =PR!H99 -> 0.805 | I99: 0.05 | J99: =H99+I99 -> 0.855 | K99: 0.1075 | L99: =(G99-G99*J99)*(1-K99) -> 5.5828552
B100: 2362 | C100: ONDANSETRONA 8 MG ESTOJO,BLISTER C/ 30 COMP. | D100: 7897076923622 | E100: Negativo | F100: 264 | G100: =VLOOKUP(B100,tABELA!C:BO,58,0) -> 129.53 | H100: =PR!H100 -> 0.79 | I100: 0.05 | J100: =H100+I100 -> 0.84 | K100: 0.1075 | L100: =(G100-G100*J100)*(1-K100) -> 18.496884
B101: 1182 | C101: OXCARBAZEPINA 300 MG C/ 30 COMP. REV. | D101: 7897076911827 | E101: Positivo | F101: 80 | G101: =VLOOKUP(B101,tABELA!C:BO,58,0) -> 41.302829 | H101: =PR!H101 -> 0.43 | I101: 0.05 | J101: =H101+I101 -> 0.48 | K101: 0.1354 | L101: =(G101-G101*J101)*(1-K101) -> 18.569422
B102: 603 | C102: OXCARBAZEPINA 300 MG C/ 60 COMP. REV. | D102: 7897076906038 | E102: Positivo | F102: 50 | G102: =VLOOKUP(B102,tABELA!C:BO,58,0) -> 80.325292 | H102: =PR!H102 -> 0.43 | I102: 0.05 | J102: =H102+I102 -> 0.48 | K102: 0.1354 | L102: =(G102-G102*J102)*(1-K102) -> 36.113609
... B104: 1127 | C104: OXCARBAZEPINA 600 MG C/ 60 COMP. REV. | D104: 7897076911278 | E104: Positivo | F104: 40 | G104: =VLOOKUP(B104,tABELA!C:BO,58,0) -> 149.18469 | H104: =PR!H104 -> 0.43 | I104: 0.05 | J104: =H104+I104 -> 0.48 | K104: 0.1354 | L104: =(G104-G104*J104)*(1-K104) -> 67.072244
A105: * | B105: 2218 | C105: PREGABALINA 150 MG C/ 30 CAP. DURA | D105: 7897076922182 | E105: Positivo | F105: 180 | G105: =VLOOKUP(B105,tABELA!C:BO,58,0) -> 91.792725 | H105: =PR!H105 -> 0.86 | I105: 0.05 | J105: =H105+I105 -> 0.91 | K105: 0.1354 | L105: =(G105-G105*J105)*(1-K105) -> 7.1427591
A106: * | B106: 2215 | C106: PREGABALINA 75 MG C/ 30 CAP. DURA | D106: 7897076922151 | E106: Positivo | F106: 180 | G106: =VLOOKUP(B106,tABELA!C:BO,58,0) -> 58.969494 | H106: =PR!H106 -> 0.86 | I106: 0.05 | J106: =H106+I106 -> 0.91 | K106: 0.1354 | L106: =(G106-G106*J106)*(1-K106) -> 4.5886522
B107: 2263 | C107: RIVASTIGMINA, HEMITARTARATO DE 1,5 MG C/ 30 CAP. DURA | D107: 7897076922632 | E107: Positivo | F107: 192 | G107: =VLOOKUP(B107,tABELA!C:BO,58,0) -> 174.71277 | H107: =PR!H107 -> 0.56 | I107: 0.05 | J107: =H107+I107 -> 0.61 | K107: 0.1354 | L107: =(G107-G107*J107)*(1-K107) -> 58.912096
B108: 2264 | C108: RIVASTIGMINA, HEMITARTARATO DE 3 MG C/ 30 CAP. DURA | D108: 7897076922649 | E108: Positivo | F108: 192 | G108: =VLOOKUP(B108,tABELA!C:BO,58,0) -> 200.61113 | H108: =PR!H108 -> 0.56 | I108: 0.05 | J108: =H108+I108 -> 0.61 | K108: 0.1354 | L108: =(G108-G108*J108)*(1-K108) -> 67.644868
B109: 2262 | C109: RIVASTIGMINA, HEMITARTARATO DE 4,5 MG C/ 30 CAP. DURA | D109: 7897076922656 | E109: Positivo | F109: 192 | G109: =VLOOKUP(B109,tABELA!C:BO,58,0) -> 227.54643 | H109: =PR!H109 -> 0.56 | I109: 0.05 | J109: =H109+I109 -> 0.61 | K109: 0.1354 | L109: =(G109-G109*J109)*(1-K109) -> 76.727292
B110: 2266 | C110: RIVASTIGMINA, HEMITARTARATO DE 6 MG C/ 30 CAP. DURA | D110: 7897076922663 | E110: Positivo | F110: 192 | G110: =VLOOKUP(B110,tABELA!C:BO,58,0) -> 232.21269 | H110: =PR!H110 -> 0.56 | I110: 0.05 | J110: =H110+I110 -> 0.61 | K110: 0.1354 | L110: =(G110-G110*J110)*(1-K110) -> 78.300726
B111: 1774 | C111: ROSUVASTATINA CÁLCICA 10 MG C/ 30 COMP. REV. | D111: 7897076917744 | E111: Positivo | F111: 224 | G111: =VLOOKUP(B111,tABELA!C:BO,58,0) -> 61.518668 | H111: =PR!H111 -> 0.72 | I111: 0.05 | J111: =H111+I111 -> 0.77 | K111: 0.1354 | L111: =(G111-G111*J111)*(1-K111) -> 12.233479
B112: 1778 | C112: ROSUVASTATINA CÁLCICA 20 MG C/ 30 COMP. REV. | D112: 7897076917782 | E112: Positivo | F112: 192 | G112: =VLOOKUP(B112,tABELA!C:BO,58,0) -> 107.77937 | H112: =PR!H112 -> 0.72 | I112: 0.05 | J112: =H112+I112 -> 0.77 | K112: 0.1354 | L112: =(G112-G112*J112)*(1-K112) -> 21.432791
B113: 2221 | C113: ROSUVASTATINA CÁLCICA 5 MG C/ 30 COMP. REV. | D113: 7897076922212 | E113: Positivo | F113: 240 | G113: =VLOOKUP(B113,tABELA!C:BO,58,0) -> 27.595004 | H113: =PR!H113 -> 0.72 | I113: 0.05 | J113: =H113+I113 -> 0.77 | K113: 0.1354 | L113: =(G113-G113*J113)*(1-K113) -> 5.4874874
B114: 2242 | C114: ROSUVASTATINA CÁLCICA 5 MG C/ 60 COMP. REV. | D114: 7897076922427 | E114: Positivo | F114: 120 | G114: =VLOOKUP(B114,tABELA!C:BO,58,0) -> 61.800511 | H114: =PR!H114 -> 0.65 | I114: 0.05 | J114: =H114+I114 -> 0.7 | K114: 0.1354 | L114: =(G114-G114*J114)*(1-K114) -> 16.029817
B115: 1106 | C115: SECNIDAZOL 1000 MG C/ 2 COMP. REV. | D115: 7897076911063 | E115: Negativo | F115: 192 | G115: =VLOOKUP(B115,tABELA!C:BO,58,0) -> 14.79 | H115: =PR!H115 -> 0.76 | I115: 0.05 | J115: =H115+I115 -> 0.81 | K115: 0.1075 | L115: =(G115-G115*J115)*(1-K115) -> 2.5080142
B116: 1107 | C116: SECNIDAZOL 1000 MG C/ 4 COMP. REV. | D116: 7897076911070 | E116: Negativo | F116: 192 | G116: =VLOOKUP(B116,tABELA!C:BO,58,0) -> 29.67 | H116: =PR!H116 -> 0.76 | I116: 0.05 | J116: =H116+I116 -> 0.81 | K116: 0.1075 | L116: =(G116-G116*J116)*(1-K116) -> 5.0312902
A117: * | B117: 814 | C117: SERTRALINA, CLORIDRATO DE 50 MG C/ 30 COMP. REV. | D117: 7897076908148 | E117: Positivo | F117: 112 | G117: =VLOOKUP(B117,tABELA!C:BO,58,0) -> 60.545028 | H117: =PR!H117 -> 0.81 | I117: 0.05 | J117: =H117+I117 -> 0.86 | K117: 0.1354 | L117: =(G117-G117*J117)*(1-K117) -> 7.3286124
B118: 2357 | C118: SITAGLIPTINA, FOSFATO DE 100 MG C/ 30 COMP. REV. | D118: 7897076923578 | E118: Positivo | F118: 216 | G118: =VLOOKUP(B118,tABELA!C:BO,58,0) -> 170.10974 | H118: =PR!H118 -> 0.62 | I118: 0.05 | J118: =H118+I118 -> 0.67 | K118: 0.1354 | L118: =(G118-G118*J118)*(1-K118) -> 48.53537
...

Sheet tABELA
J1: RANBAXY FARMACÊUTICA LTDA | K1: LISTA DE PREÇOS Nº SOB ANALISE | S1: POSITIVA | V1: 1.012146 | W1: 0.725481 | X1: 1.314475 | Y1: 0.725481 | AA1: 0.72332696 | AB1: 1.305995 | AC1: =Y1 -> 0.725481 | AE1: 0.7233019 | AF1: 1.297623 | AG1: =AC1 -> 0.725481 | AI1: 0.72341662 | AJ1: 1.281197 | AK1: =AG1 -> 0.725481 | AM1: 0.72336669 | AN1: 1.273139 | AO1: =AK1 -> 0.725481 | AQ1: 0.72339585 | AR1: 1.265182 | AS1: =AO1 -> 0.725481 | AU1: 0.72342539 | AV1: 1.257324 | AW1: =AS1 -> 0.725481 | AY1: 0.72336598 | AZ1: 1.249563 | BA1: =AW1 -> 0.725481 | BC1: 0.7233957 | BD1: 1.234324 | BE1: 0.72342159 | BG1: 0.72341733 | BH1: 1.219453 | BI1: =BE1 -> 0.72342159 | BK1: 0.72341303 | BL1: 1.150166 | BM1: =BI1 -> 0.72342159 | BO1: 0.72333916
J2: a SUN PHARMA company | S2: NEGATIVA | V2: 1 | W2: 0.745454 | X2: 1.298701 | Y2: 0.745454 | AA2: 0.72339682 | AB2: 1.290323 | AC2: 0.745454 | AE2: 0.72335561 | AF2: 1.282051 | AG2: 0.745454 | AI2: 0.72336283 | AJ2: 1.265823 | AK2: 0.745454 | AM2: 0.72337755 | AN2: 1.257862 | AO2: 0.745454 | AQ2: 0.72338506 | AR2: 1.25 | AS2: 0.745454 | AU2: 0.72331155 | AV2: 1.242236 | AW2: 0.745454 | AY2: 0.7234198 | AZ2: 1.234568 | BA2: 0.745454 | BC2: 0.72334559 | BD2: 1.219512 | BE2: 0.745454 | BG2: 0.72329736 | BH2: 1.204819 | BI2: 0.745454 | BK2: 0.72330006 | BL2: 1.136364 | BM2: 0.745454 | BO2: 0.72338726
J3: AV. EUGÊNIO BORGES, 1.060 - ARSENAL - SG - RJ | K3: VIGENTE À PARTIR DE | X3: =100%-X7 -> 0.77 | AB3: =100%-AB7 -> 0.775 | AF3: =100%-AF7 -> 0.78 | AJ3: =100%-AJ7 -> 0.79 | AN3: =100%-AN7 -> 0.795 | AR3: =100%-AR7 -> 0.8 | AV3: =100%-AV7 -> 0.805 | AZ3: =100%-AZ7 -> 0.81 | BD3: =100%-BD7 -> 0.82 | BJ3: =100%-BH7 -> 0.83 | BN3: =100%-BL7 -> 0.88
J4: C.N.P.J 73.663.650/0001-90 INSC. EST. 85.396.757 | S4: CALCULO REPASSE ALIQUOTA 4%,7% E 12% | T4: 0.04 | X4: =((1-T4)-(1-X7))/(1-T4) -> 0.19791667 | AB4: =((1-T4)-(1-AB7))/(1-T4) -> 0.19270833 | AF4: =((1-T4)-(1-AF7))/(1-T4) -> 0.1875 | AJ4: =((1-T4)-(1-AJ7))/(1-T4) -> 0.17708333 | AN4: =((1-T4)-(1-AN7))/(1-T4) -> 0.171875 | AR4: =((1-T4)-(1-AR7))/(1-T4) -> 0.16666667 | AV4: =((1-T4)-(1-AV7))/(1-T4) -> 0.16145833 | AZ4: =((1-T4)-(1-AZ7))/(1-T4) -> 0.15625 | BD4: =((1-T4)-(1-BD7))/(1-T4) -> 0.14583333 | BI4: =((1-T4)-(1-BH7))/(1-T4) -> 0.13541667 | BM4: =((1-T4)-(1-BL7))/(1-T4) -> 0.083333333
T5: 0.07 | X5: =((1-T5)-(1-X7))/(1-T5) -> 0.17204301 | AB5: =((1-T5)-(1-AB7))/(1-T5) -> 0.16666667 | AF5: =((1-T5)-(1-AF7))/(1-T5) -> 0.16129032 | AJ5: =((1-T5)-(1-AJ7))/(1-T5) -> 0.15053763 | AN5: =((1-T5)-(1-AN7))/(1-T5) -> 0.14516129 | AR5: =((1-T5)-(1-AR7))/(1-T5) -> 0.13978495 | AV5: =((1-T5)-(1-AV7))/(1-T5) -> 0.1344086 | AZ5: =((1-T5)-(1-AZ7))/(1-T5) -> 0.12903226 | BD5: =((1-T5)-(1-BD7))/(1-T5) -> 0.11827957 | BI5: =((1-T5)-(1-BH7))/(1-T5) -> 0.10752688
T6: 0.12 | AV6: =((1-T6)-(1-AV7))/(1-T6) -> 0.085227273 | BI6: =((1-T6)-(1-BH7))/(1-T6) -> 0.056818182 | BM6: =((1-T6)-(1-BL7))/(1-T6) -> 0
U7: ALIQUOTA INTERNA | V7: 0 | X7: 0.23 | AB7: 0.225 | AF7: 0.22 | AJ7: 0.21 | AN7: 0.205 | AR7: 0.2 | AV7: 0.195 | AZ7: 0.19 | BD7: 0.18 | BH7: 0.17 | BL7: 0.12
Q8: 2025 | U8: ESTADOS | X8: MA | AB8: PI | AF8: RJ | AN8: BA - PE | AR8: AM - CE - PB - RN - RR - TO | AV8: PR - RO | AZ8: AC - AL - GO - PA - SE | BD8: AP | BH8: DF - ES - MT - MS - RS | BL8: MG - SC - SP
A9: <> | B9: VARIAÇÃO PREÇO | C9: CÓDIGO | D9: EAN | E9: CODIGO ANVISA | F9: GGREM | G9: NIVEL AJUSTE | H9: % Ajuste 2026 | I9: INDICE LISTA POSITIVA | J9: PRODUTO | K9: APRESENTAÇÃO | L9: CX - FECHADA | M9: PRODUTO REFERENCIA | N9: ESTADO DE DESTINO | O9: ICMS ALIQUOTA INTERESTADUAL | P9: PIS e Cofins | Q9: PF 0% | R9: PMC 0% | S9: NCM | T9: CST | U9: CEST | V9: PF - PREÇO FABRICA | W9: PMC | X9: PF - PREÇO FABRICA | Y9: PMC | Z9: PF - PREÇO FABRICA ALC | AA9: PMC ALC | AB9: PF - PREÇO FABRICA | AC9: PMC | AD9: PF - PREÇO FABRICA ALC | AE9: PMC ALC | AF9: PF - PREÇO FABRICA | AG9: PMC | AH9: PF - PREÇO FABRICA ALC | AI9: PMC ALC | AJ9: PF - PREÇO FABRICA | AK9: PMC | AL9: PF - PREÇO FABRICA ALC | AM9: PMC ALC | AN9: PF - PREÇO FABRICA | AO9: PMC | AP9: PF - PREÇO FABRICA ALC | AQ9: PMC ALC | AR9: PF - PREÇO FABRICA | AS9: PMC | AT9: PF - PREÇO FABRICA ALC | AU9: PMC ALC | AV9: PF - PREÇO FABRICA | AW9: PMC | AX9: PF - PREÇO FABRICA ALC | AY9: PMC ALC | AZ9: PF - PREÇO FABRICA | BA9: PMC | BB9: PF - PREÇO FABRICA ALC | BC9: PMC ALC | BD9: PF - PREÇO FABRICA | BE9: PMC | BF9: PF - PREÇO FABRICA ALC | BG9: PMC ALC | BH9: PF - PREÇO FABRICA | BI9: PMC | BJ9: PF - PREÇO FABRICA ALC | BK9: PMC ALC | BL9: PF - PREÇO FABRICA | BM9: PMC | BN9: PF - PREÇO FABRICA ALC | BO9: PMC ALC
B10: NÃO | C10: 1095 | D10: 7897076910950 | E10: 1235201420016 | F10: 529902801112117 | G10: Nível 1 | H10: 0.0381 | I10: 0 | J10: CLORID. DE FEXOFENADINA 120 MG | K10: ESTOJO,BLISTER C/ 10 COMP. | L10: 160 | M10: ALLEGRA | N10: SP | O10: =IF(T10=1,4%,IF(N10="RJ",22,IF(OR(N10="MG",N10="SP",N10="SC",N10="PR"),12%,7%))) -> 0.04 | P10: Negativa | Q10: 35.69 | R10: 47.88 | S10: 30049069 | T10: 1 | U10: 13.002.01 | V10: 37.04 | W10: 49.687841 | X10: 49.93 | Y10: 66.979317 | Z10: 48.103896 | AA10: 66.497246 | AB10: 47.8 | AC10: 64.121998 | AD10: 47.793548 | AE10: 66.071995 | AF10: 47.49 | AG10: 63.706144 | AH10: 47.487179 | AI10: 65.647801 | AJ10: 46.89 | AK10: 62.901266 | AL10: 46.886076 | AM10: 64.815497 | AN10: 46.6 | AO10: 62.512241 | AP10: 46.591195 | AQ10: 64.407184 | AR10: 46.31 | AS10: 62.123216 | AT10: 46.3 | AU10: 64.011145 | AV10: 46.02 | AW10: 61.734192 | AX10: 46.012422 | AY10: 63.60404 | AZ10: 45.74 | BA10: 61.358581 | BB10: 45.728395 | BC10: 63.217908 | BD10: 45.18 | BE10: 60.607361 | BF10: 45.170732 | BG10: 62.451122 | BH10: 44.63 | BI10: 59.869556 | BJ10: 44.626506 | BK10: 61.698469 | BL10: 42.1 | BM10: 56.475651 | BN10: 42.090909 | BO10: 58.185859
B11: NÃO | C11: 1097 | D11: 7897076910974 | E11: 1235201420024 | F11: 529902802119115 | G11: Nível 1 | H11: 0.0381 | I11: 0 | J11: CLORID. DE FEXOFENADINA 180 MG | K11: ESTOJO,BLISTER C/ 10 COMP. | L11: 160 | M11: ALLEGRA | N11: SP | O11: =IF(T11=1,4%,IF(N11="RJ",22,IF(OR(N11="MG",N11="SP",N11="SC",N11="PR"),12%,7%))) -> 0.04 | P11: Negativa | Q11: 54.5 | R11: 73.11 | S11: 30049069 | T11: 1 | U11: 13.002.01 | V11: 56.57 | W11: 75.886641 | X11: 76.26 | Y11: 102.30007 | Z11: 73.467532 | AA11: 101.5591 | AB11: 73 | AC11: 97.926901 | AD11: 72.993548 | AE11: 100.90963 | AF11: 72.53 | AG11: 97.296413 | AH11: 72.525641 | AI11: 100.26177 | AJ11: 71.61 | AK11: 96.062265 | AL11: 71.607595 | AM11: 98.990623 | AN11: 71.16 | AO11: 95.458606 | AP11: 71.157233 | AQ11: 98.36702 | AR11: 70.72 | AS11: 94.868362 | AT11: 70.7125 | AU11: 97.762161 | AV11: 70.28 | AW11: 94.278118 | AX11: 70.273292 | AY11: 97.140404 | AZ11: 69.84 | BA11: 93.687873 | BB11: 69.839506 | BC11: 96.550677 | BD11: 68.99 | BE11: 92.547629 | BF11: 68.987805 | BG11: 95.379589 | BH11: 68.16 | BI11: 91.434213 | BJ11: 68.156627 | BK11: 94.230086 | BL11: 64.29 | BM11: 86.242746 | BN11: 64.284091 | BO11: 88.86539
B12: NÃO | C12: 907 | D12: 7897076909077 | E12: 1235201960029 | F12: 529914602111114 | G12: Nível 3 | H12: 0.0113 | I12: 0 | J12: CLORID. DE TIZANIDINA 2 MG | K12: ESTOJO,BLISTER C/ 30 COMP. | L12: 112 | M12: SIDARLUD | N12: SP | O12: =IF(T12=1,4%,IF(N12="RJ",22,IF(OR(N12="MG",N12="SP",N12="SC",N12="PR"),12%,7%))) -> 0.04 | P12: Negativa | Q12: 27.85 | R12: 37.36 | S12: 30049077 | T12: 1 | U12: 13.002.01 | V12: 28.16 | W12: 37.775637 | X12: 36.98 | Y12: 49.607353 | Z12: 36.571429 | AA12: 50.555141 | AB12: 36.34 | AC12: 48.748816 | AD12: 36.335484 | AE12: 50.231841 | AF12: 36.1 | AG12: 48.426865 | AH12: 36.102564 | AI12: 49.909344 | AJ12: 35.65 | AK12: 47.823206 | AL12: 35.64557 | AM12: 49.276577 | AN12: 35.42 | AO12: 47.514669 | AP12: 35.421384 | AQ12: 48.966153 | AR12: 35.2 | AS12: 47.219547 | AT12: 35.2 | AU12: 48.66506 | AV12: 34.98 | AW12: 46.924425 | AX12: 34.981366 | AY12: 48.355556 | AZ12: 34.77 | BA12: 46.642717 | BB12: 34.765432 | BC12: 48.061995 | BD12: 34.34 | BE12: 46.065887 | BF12: 34.341463 | BG12: 47.479039 | BH12: 33.93 | BI12: 45.515887 | BJ12: 33.927711 | BK12: 46.906827 | BL12: 32 | BM12: 42.926861 | BN12: 32 | BO12: 44.236334
B13: NÃO | C13: 2149 | D13: 7897076921499 | E13: 1235202490026 | F13: 529918020056806 | G13: Nível 1 | H13: 0.0381 | I13: 0 | J13: DICLORID. DE LEVOCETIRIZINA 5 MG | K13: ESTOJO,BLISTER C/ 10 COMP. | L13: 160 | M13: ZYXEM | N13: SP | O13: =IF(T13=1,4%,IF(N13="RJ",22,IF(OR(N13="MG",N13="SP",N13="SC",N13="PR"),12%,7%))) -> 0.04 | P13: Negativa | Q13: 28.99 | R13: 38.9 | S13: 30049069 | T13: 1 | U13: 13.002.01 | V13: 30.09 | W13: 40.364664 | X13: 40.56 | Y13: 54.409796 | Z13: 39.077922 | AA13: 54.020036 | AB13: 38.83 | AC13: 52.089063 | AD13: 38.825806 | AE13: 53.674577 | AF13: 38.58 | AG13: 51.753696 | AH13: 38.576923 | AI13: 53.329977 | AJ13: 38.09 | AK13: 51.096379 | AL13: 38.088608 | AM13: 52.653842 | AN13: 37.85 | AO13: 50.774427 | AP13: 37.849057 | AQ13: 52.322143 | AR13: 37.61 | AS13: 50.452476 | AT13: 37.6125 | AU13: 52.000414 | AV13: 37.38 | AW13: 50.143939 | AX13: 37.378882 | AY13: 51.669697 | AZ13: 37.15 | BA13: 49.835402 | BB13: 37.148148 | BC13: 51.356017 | BD13: 36.7 | BE13: 49.231743 | BF13: 36.695122 | BG13: 50.733107 | BH13: 36.25 | BI13: 48.628084 | BJ13: 36.253012 | BK13: 50.121677 | BL13: 34.19 | BM13: 45.864668 | BN13: 34.193182 | BO13: 47.268156
B14: NÃO | C14: 1218 | D14: 7897076912183 | E14: 1235201920027 | F14: 529914502115118 | G14: Nível 1 | H14: 0.0381 | I14: 0 | J14: DOMPERIDONA 10 MG | K14: ESTOJO,BLISTER C/ 30 COMP. | L14: 144 | M14: MOTILIUM | N14: SP | O14: =IF(T14=1,4%,IF(N14="RJ",22,IF(OR(N14="MG",N14="SP",N14="SC",N14="PR"),12%,7%))) -> 0.04 | P14: Negativa | Q14: 13.09 | R14: 17.57 | S14: 30049069 | T14: 1 | U14: 13.002.01 | V14: 13.58 | W14: 18.217087 | X14: 18.3 | Y14: 24.548798 | Z14: 17.636364 | AA14: 24.37993 | AB14: 17.53 | AC14: 23.515871 | AD14: 17.522581 | AE14: 24.22402 | AF14: 17.42 | AG14: 23.36831 | AH14: 17.410256 | AI14: 24.068497 | AJ14: 17.2 | AK14: 23.073188 | AL14: 17.189873 | AM14: 23.763349 | AN14: 17.09 | AO14: 22.925627 | AP14: 17.081761 | AQ14: 23.613649 | AR14: 16.98 | AS14: 22.778065 | AT14: 16.975 | AU14: 23.468449 | AV14: 16.88 | AW14: 22.643919 | AX14: 16.869565 | AY14: 23.319192 | AZ14: 16.77 | BA14: 22.496358 | BB14: 16.765432 | BC14: 23.177624 | BD14: 16.57 | BE14: 22.228065 | BF14: 16.560976 | BG14: 22.896497 | BH14: 16.37 | BI14: 21.959772 | BJ14: 16.361446 | BK14: 22.620551 | BL14: 15.44 | BM14: 20.71221 | BN14: 15.431818 | BO14: 21.33272
B15: NÃO | C15: 1219 | D15: 7897076912190 | E15: 1235201920035 | F15: 529914501119111 | G15: Nível 1 | H15: 0.0381 | I15: 0 | J15: DOMPERIDONA 10 MG | K15: ESTOJO,BLISTER C/ 60 COMP. | L15: 120 | M15: MOTILIUM | N15: SP | O15: =IF(T15=1,4%,IF(N15="RJ",22,IF(OR(N15="MG",N15="SP",N15="SC",N15="PR"),12%,7%))) -> 0.04 | P15: Negativa | Q15: 23.43 | R15: 31.43 | S15: 30049069 | T15: 1 | U15: 13.002.01 | V15: 24.32 | W15: 32.624414 | X15: 32.78 | Y15: 43.973203 | Z15: 31.584416 | AA15: 43.661259 | AB15: 31.38 | AC15: 42.095153 | AD15: 31.380645 | AE15: 43.382044 | AF15: 31.18 | AG15: 41.82686 | AH15: 31.179487 | AI15: 43.103524 | AJ15: 30.78 | AK15: 41.290274 | AL15: 30.78481 | AM15: 42.557044 | AN15: 30.59 | AO15: 41.035396 | AP15: 30.591195 | AQ15: 42.28895 | AR15: 30.4 | AS15: 40.780518 | AT15: 30.4 | AU15: 42.028916 | AV15: 30.21 | AW15: 40.525639 | AX15: 30.21118 | AY15: 41.761616 | AZ15: 30.02 | BA15: 40.270761 | BB15: 30.024691 | BC15: 41.508087 | BD15: 29.66 | BE15: 39.787834 | BF15: 29.658537 | BG15: 41.004625 | BH15: 29.3 | BI15: 39.304907 | BJ15: 29.301205 | BK15: 40.510442 | BL15: 27.63 | BM15: 37.064661 | BN15: 27.636364 | BO15: 38.204106
B16: NÃO | C16: 678 | D16: 7897076906786 | E16: 1235200790030 | F16: 529904701115110 | G16: Nível 1 | H16: 0.0381 | I16: 0 | J16: LORATADINA 10 MG | K16: ESTOJO,BLISTER C/ 12 COMP. | L16: 144 | M16: CLARITIN | N16: SP | O16: =IF(T16=1,4%,IF(N16="RJ",22,IF(OR(N16="MG",N16="SP",N16="SC",N16="PR"),12%,7%))) -> 0.04 | P16: Negativa | Q16: 29.23 | R16: 39.22 | S16: 30049069 | T16: 1 | U16: 13.002.01 | V16: 30.34 | W16: 40.70003 | X16: 40.9 | Y16: 54.865894 | Z16: 39.402597 | AA16: 54.468856 | AB16: 39.15 | AC16: 52.518331 | AD16: 39.148387 | AE16: 54.120527 | AF16: 38.9 | AG16: 52.182965 | AH16: 38.897436 | AI16: 53.773064 | AJ16: 38.4 | AK16: 51.512233 | AL16: 38.405063 | AM16: 53.091312 | AN16: 38.16 | AO16: 51.190281 | AP16: 38.163522 | AQ16: 52.756857 | AR16: 37.92 | AS16: 50.86833 | AT16: 37.925 | AU16: 52.432455 | AV16: 37.69 | AW16: 50.559793 | AX16: 37.689441 | AY16: 52.09899 | AZ16: 37.46 | BA16: 50.251256 | BB16: 37.45679 | BC16: 51.782703 | BD16: 37 | BE16: 49.634183 | BF16: 37 | BG16: 51.154618 | BH16: 36.55 | BI16: 49.030524 | BJ16: 36.554217 | BK16: 50.538109 | BL16: 34.48 | BM16: 46.253692 | BN16: 34.477273 | BO16: 47.660879
B17: NÃO | C17: 2359 | D17: 7897076923592 | E17: 1235202940013 | F17: 529924070081006 | G17: Nível 2 | H17: 0.0247 | I17: 0 | J17: ONDANSETRONA 4 MG | K17: ESTOJO,BLISTER C/ 10 COMP. | L17: 264 | M17: VONAU FLASH | N17: SP | O17: =IF(T17=1,4%,IF(N17="RJ",22,IF(OR(N17="MG",N17="SP",N17="SC",N17="PR"),12%,7%))) -> 0.04 | P17: Negativa | Q17: 17.4 | R17: 23.34 | S17: 30049069 | T17: 1 | U17: 13.002.01 | V17: 17.82 | W17: 23.904896 | X17: 23.71 | Y17: 31.806121 | Z17: 23.142857 | AA17: 31.991925 | AB17: 23 | AC17: 30.853681 | AD17: 22.993548 | AE17: 31.787337 | AF17: 22.85 | AG17: 30.652461 | AH17: 22.846154 | AI17: 31.583256 | AJ17: 22.56 | AK17: 30.263437 | AL17: 22.556962 | AM17: 31.182834 | AN17: 22.42 | AO17: 30.075632 | AP17: 22.415094 | AQ17: 30.986394 | AR17: 22.28 | AS17: 29.887827 | AT17: 22.275 | AU17: 30.795858 | AV17: 22.14 | AW17: 29.700022 | AX17: 22.136646 | AY17: 30.6 | AZ17: 22.01 | BA17: 29.525631 | BB17: 22 | BC17: 30.414231 | BD17: 21.74 | BE17: 29.163436 | BF17: 21.731707 | BG17: 30.045329 | BH17: 21.48 | BI17: 28.814655 | BJ17: 21.46988 | BK17: 29.683227 | BL17: 20.26 | BM17: 27.178069 | BN17: 20.25 | BO17: 27.993305
B18: NÃO | C18: 2360 | D18: 7897076923608 | E18: 1235202940021 | F18: 529924070081106 | G18: Nível 2 | H18: 0.0247 | I18: 0 | J18: ONDANSETRONA 4 MG | K18: ESTOJO,BLISTER C/ 30 COMP. | L18: 264 | M18: VONAU FLASH | N18: SP | O18: =IF(T18=1,4%,IF(N18="RJ",22,IF(OR(N18="MG",N18="SP",N18="SC",N18="PR"),12%,7%))) -> 0.04 | P18: Negativa | Q18: 52.19 | R18: 70 | S18: 30049069 | T18: 1 | U18: 13.002.01 | V18: 53.47 | W18: 71.728101 | X18: 71.15 | Y18: 95.445192 | Z18: 69.441558 | AA18: 95.993729 | AB18: 69 | AC18: 92.561043 | AD18: 68.993548 | AE18: 95.379848 | AF18: 68.56 | AG18: 91.970799 | AH18: 68.551282 | AI18: 94.767493 | AJ18: 67.69 | AK18: 90.803725 | AL18: 67.683544 | AM18: 93.566 | AN18: 67.26 | AO18: 90.226895 | AP18: 67.257862 | AQ18: 92.97657 | AR18: 66.84 | AS18: 89.66348 | AT18: 66.8375 | AU18: 92.404857 | AV18: 66.43 | AW18: 89.11348 | AX18: 66.42236 | AY18: 91.817172 | AZ18: 66.02 | BA18: 88.563479 | BB18: 66.012346 | BC18: 91.259761 | BD18: 65.21 | BE18: 87.476893 | BF18: 65.207317 | BG18: 90.152848 | BH18: 64.43 | BI18: 86.430551 | BJ18: 64.421687 | BK18: 89.066337 | BL18: 60.77 | BM18: 81.520791 | BN18: 60.761364 | BO18: 83.995623
B19: NÃO | C19: 2361 | D19: 7897076923615 | E19: 1235202940031 | F19: 529924070081206 | G19: Nível 2 | H19: 0.0247 | I19: 0 | J19: ONDANSETRONA 8 MG | K19: ESTOJO,BLISTER C/ 10 COMP. | L19: 264 | M19: VONAU FLASH | N19: SP | O19: =IF(T19=1,4%,IF(N19="RJ",22,IF(OR(N19="MG",N19="SP",N19="SC",N19="PR"),12%,7%))) -> 0.04 | P19: Negativa | Q19: 34.95 | R19: 46.89 | S19: 30049069 | T19: 1 | U19: 13.002.01 | V19: 35.81 | W19: 48.03784 | X19: 47.65 | Y19: 63.920778 | Z19: 46.506494 | AA19: 64.289049 | AB19: 46.21 | AC19: 61.98907 | AD19: 46.206452 | AE19: 63.87792 | AF19: 45.91 | AG19: 61.58663 | AH19: 45.910256 | AI19: 63.467812 | AJ19: 45.33 | AK19: 60.808581 | AL19: 45.329114 | AM19: 62.663147 | AN19: 45.04 | AO19: 60.419556 | AP19: 45.044025 | AQ19: 62.268393 | AR19: 44.76 | AS19: 60.043946 | AT19: 44.7625 | AU19: 61.885505 | AV19: 44.48 | AW19: 59.668336 | AX19: 44.484472 | AY19: 61.491919 | AZ19: 44.21 | BA19: 59.306141 | BB19: 44.209877 | BC19: 61.11861 | BD19: 43.67 | BE19: 58.58175 | BF19: 43.670732 | BG19: 60.377286 | BH19: 43.14 | BI19: 57.870774 | BJ19: 43.144578 | BK19: 59.649627 | BL19: 40.69 | BM19: 54.584186 | BN19: 40.693182 | BO19: 56.253661
B20: NÃO | C20: 2362 | D20: 7897076923622 | E20: 1235202940048 | F20: 529924070081306 | G20: Nível 2 | H20: 0.0247 | I20: 0 | J20: ONDANSETRONA 8 MG | K20: ESTOJO,BLISTER C/ 30 COMP. | L20: 264 | M20: VONAU FLASH | N20: SP | O20: =IF(T20=1,4%,IF(N20="RJ",22,IF(OR(N20="MG",N20="SP",N20="SC",N20="PR"),12%,7%))) -> 0.04 | P20: Negativa | Q20: 104.92 | R20: 140.74 | S20: 30049069 | T20: 1 | U20: 13.002.01 | V20: 107.51 | W20: 144.22084 | X20: 143.07 | Y20: 191.92331 | Z20: 139.62338 | AA20: 193.01077 | AB20: 138.72 | AC20: 186.08794 | AD20: 138.72258 | AE20: 191.77646 | AF20: 137.83 | AG20: 184.89404 | AH20: 137.83333 | AI20: 190.54522 | AJ20: 136.09 | AK20: 182.55989 | AL20: 136.08861 | AM20: 188.12943 | AN20: 135.23 | AO20: 181.40623 | AP20: 135.2327 | AQ20: 186.94429 | AR20: 134.38 | AS20: 180.26599 | AT20: 134.3875 | AU20: 185.79477 | AV20: 133.55 | AW20: 179.15257 | AX20: 133.5528 | AY20: 184.61313 | AZ20: 132.73 | BA20: 178.05257 | BB20: 132.7284 | BC20: 183.49237 | BD20: 131.11 | BE20: 175.8794 | BF20: 131.10976 | BG20: 181.26674 | BH20: 129.53 | BI20: 173.75988 | BJ20: 129.53012 | BK20: 179.08214 | BL20: 122.17 | BM20: 163.88671 | BN20: 122.17045 | BO20: 168.88666
B21: NÃO | C21: 1106 | D21: 7897076911063 | E21: 1235201450047 | F21: 529906001110112 | G21: Nível 2 | H21: 0.0247 | I21: 0 | J21: SECNIDAZOL 1000 MG | K21: ESTOJO,BLISTER C/ 2 COMP. | L21: 192 | M21: SECNIDAL | N21: SP | O21: =IF(T21=1,4%,IF(N21="RJ",22,IF(OR(N21="MG",N21="SP",N21="SC",N21="PR"),12%,7%))) -> 0.04 | P21: Negativa | Q21: 11.98 | R21: 16.06 | S21: 30049069 | T21: 1 | U21: 13.002.01 | V21: 12.27 | W21: 16.459768 | X21: 16.32 | Y21: 21.892699 | Z21: 15.935065 | AA21: 22.02811 | AB21: 15.83 | AC21: 21.235381 | AD21: 15.832258 | AE21: 21.88724 | AF21: 15.73 | AG21: 21.101235 | AH21: 15.730769 | AI21: 21.74672 | AJ21: 15.53 | AK21: 20.832942 | AL21: 15.531646 | AM21: 21.471008 | AN21: 15.44 | AO21: 20.71221 | AP21: 15.433962 | AQ21: 21.335749 | AR21: 15.34 | AS21: 20.578064 | AT21: 15.3375 | AU21: 21.204556 | AV21: 15.24 | AW21: 20.443917 | AX21: 15.242236 | AY21: 21.069697 | AZ21: 15.15 | BA21: 20.323186 | BB21: 15.148148 | BC21: 20.941785 | BD21: 14.97 | BE21: 20.081722 | BF21: 14.963415 | BG21: 20.687777 | BH21: 14.79 | BI21: 19.840258 | BJ21: 14.783133 | BK21: 20.438451 | BL21: 13.94 | BM21: 18.700014 | BN21: 13.943182 | BO21: 19.274851
... B66: NÃO | C66: 1408 | D66: 7897076914088 | E66: 1235202190146 | F66: 529912030037206 | G66: Nível 1 | H66: 0.0381 | I66: 0.012 | J66: ESOMEPRAZOL MAGNÉSIO 40MG | K66: ESTOJO,BLISTER C/ 28 COMP. | L66: 108 | M66: NEXIUM | N66: SP | O66: =IF(T66=1,4%,IF(N66="RJ",22,IF(OR(N66="MG",N66="SP",N66="SC",N66="PR"),12%,7%))) -> 0.04 | P66: Positiva | Q66: 179.16 | R66: 247.68 | S66: 30049069 | T66: 1 | U66: 13.002.00 | V66: 188.21 | W66: 259.42788 | X66: 247.40763 | Y66: 341.02565 | Z66: 244.42857 | AA66: 337.92266 | AB66: 245.81154 | AC66: 338.82561 | AD66: 242.85161 | AE66: 335.75415 | AF66: 244.23578 | AG66: 336.65359 | AH66: 241.29487 | AI66: 333.54898 | AJ66: 241.14412 | AK66: 332.39205 | AL66: 238.24051 | AM66: 329.34957 | AN66: 239.62746 | AO66: 330.30149 | AP66: 236.74214 | AQ66: 327.26499 | AR66: 238.12981 | AS66: 328.23714 | AT66: 235.2625 | AU66: 325.20631 | AV66: 236.65079 | AW66: 326.19847 | AX66: 233.80124 | AY66: 323.21294 | AZ66: 235.19003 | BA66: 324.18497 | BB66: 232.35802 | BC66: 321.2046 | BD66: 232.32178 | BE66: 321.143 | BF66: 229.52439 | BG66: 317.27798 | BH66: 229.52279 | BI66: 317.27391 | BJ66: 226.75904 | BK66: 313.45722 | BL66: 216.48175 | BM66: 299.24701 | BN66: 213.875 | BO66: 295.67734
A67: * | B67: NÃO | C67: 2391 | D67: 7897076923912 | E67: 1235202960022 | F67: 529924120083206 | G67: Nível 2 | H67: 0.0247 | I67: 0.012 | J67: FENOFIBRATO 160 MG | K67: COM REV CT BL AL PLAS PVC/PCTFE TRANS X 30 | L67: 180 | M67: LIPIDIL | N67: SP | O67: =IF(T67=1,4%,IF(N67="RJ",22,IF(OR(N67="MG",N67="SP",N67="SC",N67="PR"),12%,7%))) -> 0.04 | P67: Positiva | Q67: 61.7 | R67: 85.3 | S67: 30049029 | T67: 1 | U67: 13.002.00 | V67: 63.98 | W67: 88.189767 | X67: 84.103631 | Y67: 115.9281 | Z67: 83.090909 | AA67: 114.87324 | AB67: 83.561057 | AC67: 115.18021 | AD67: 82.554839 | AE67: 114.13607 | AF67: 83.025394 | AG67: 114.44186 | AH67: 82.025641 | AI67: 113.38645 | AJ67: 81.974415 | AK67: 112.99319 | AL67: 80.987342 | AM67: 111.9589 | AN67: 81.458843 | AO67: 112.28253 | AP67: 80.477987 | AQ67: 111.25027 | AR67: 80.949732 | AS67: 111.58078 | AT67: 79.975 | AU67: 110.55045 | AV67: 80.446956 | AW67: 110.88775 | AX67: 79.478261 | AY67: 109.87282 | AZ67: 79.950387 | BA67: 110.20328 | BB67: 78.987654 | BC67: 109.19011 | BD67: 78.975355 | BE67: 109.1692 | BF67: 78.02439 | BG67: 107.8553 | BH67: 78.023868 | BI67: 107.85394 | BJ67: 77.084337 | BK67: 106.55647 | BL67: 73.590701 | BM67: 101.72588 | BN67: 72.704545 | BO67: 100.51239
A68: * | B68: NÃO | C68: 2392 | D68: 7897076923929 | E68: 1235202960030 | F68: 529924120083306 | G68: Nível 2 | H68: 0.0247 | I68: 0.012 | J68: FENOFIBRATO 160 MG | K68: COM REV CT BL AL PLAS PVC/PCTFE TRANS X 60 | L68: 60 | M68: LIPIDIL | N68: SP | O68: =IF(T68=1,4%,IF(N68="RJ",22,IF(OR(N68="MG",N68="SP",N68="SC",N68="PR"),12%,7%))) -> 0.04 | P68: Positiva | Q68: 123.43 | R68: 170.64 | S68: 30049029 | T68: 1 | U68: 13.002.00 | V68: 127.99 | W68: 176.42088 | X68: 168.24815 | Y68: 231.91256 | Z68: 166.22078 | AA68: 229.80034 | AB68: 167.16274 | AC68: 230.41643 | AD68: 165.14839 | AE68: 228.32566 | AF68: 166.09116 | AG68: 228.93936 | AH68: 164.08974 | AI68: 226.82606 | AJ68: 163.98869 | AK68: 226.04133 | AL68: 162.01266 | AM68: 223.97031 | AN68: 162.95729 | AO68: 224.61966 | AP68: 160.99371 | AQ68: 222.55271 | AR68: 161.93882 | AS68: 223.2158 | AT68: 159.9875 | AU68: 221.15273 | AV68: 160.93303 | AW68: 221.82942 | AX68: 158.99379 | AY68: 219.79716 | AZ68: 159.93965 | BA68: 220.46015 | BB68: 158.01235 | BC68: 218.43142 | BD68: 157.98911 | BE68: 218.39148 | BF68: 156.08537 | BG68: 215.76116 | BH68: 156.08567 | BI68: 215.76032 | BJ68: 154.20482 | BK68: 213.1629 | BL68: 147.21718 | BM68: 203.50123 | BN68: 145.44318 | BO68: 201.0719
B69: NÃO | C69: 2300 | D69: 7897076923004 | E69: 1235202840124 | F69: 529921070072906 | G69: Nível 1 | H69: 0.0381 | I69: 0.012 | J69: HEMIFUMARATO DE BISOPROLOL 10 MG | K69: BLISTER C/ 30 COMP REV | L69: 55 | M69: CONCOR | N69: SP | O69: =IF(T69=1,4%,IF(N69="RJ",22,IF(OR(N69="MG",N69="SP",N69="SC",N69="PR"),12%,7%))) -> 0.12 | P69: Positiva | Q69: 47.47 | R69: 65.62 | S69: 30049024 | T69: 5 | U69: 13.002.00 | V69: 49.86 | W69: 68.726817 | X69: 65.552803 | Y69: 90.357712 | Z69: 64.753247 | AA69: 89.521406 | AB69: 65.129906 | AC69: 89.774792 | AD69: 64.335484 | AE69: 88.94693 | AF69: 64.712394 | AG69: 89.199296 | AH69: 63.923077 | AI69: 88.362743 | AJ69: 63.893231 | AK69: 88.070164 | AL69: 63.113924 | AM69: 87.25025 | AN69: 63.491379 | AO69: 87.516253 | AP69: 62.716981 | AQ69: 86.69801 | AR69: 63.094563 | AS69: 86.969284 | AT69: 62.325 | AU69: 86.15263 | AV69: 62.702685 | AW69: 86.429121 | AX69: 61.937888 | AY69: 85.624552 | AZ69: 62.315645 | BA69: 85.895626 | BB69: 61.555556 | BC69: 85.09251 | BD69: 61.555677 | BE69: 85.089632 | BF69: 60.804878 | BG69: 84.052283 | BH69: 60.81406 | BI69: 84.064481 | BJ69: 60.072289 | BK69: 83.040099 | BL69: 57.358721 | BM69: 79.288097 | BN69: 56.659091 | BO69: 78.329909
B70: NÃO | C70: 2298 | D70: 7897076922984 | E70: 1235202840061 | F70: 529921070072706 | G70: Nível 1 | H70: 0.0381 | I70: 0.012 | J70: HEMIFUMARATO DE BISOPROLOL 2,5 MG | K70: BLISTER C/ 30 COMP REV | L70: 77 | M70: CONCOR | N70: SP | O70: =IF(T70=1,4%,IF(N70="RJ",22,IF(OR(N70="MG",N70="SP",N70="SC",N70="PR"),12%,7%))) -> 0.12 | P70: Positiva | Q70: 34.24 | R70: 47.33 | S70: 30049024 | T70: 5 | U70: 13.002.00 | V70: 35.97 | W70: 49.580899 | X70: 47.283083 | Y70: 65.174806 | Z70: 46.714286 | AA70: 64.582531 | AB70: 46.978049 | AC70: 64.754347 | AD70: 46.412903 | AE70: 64.168092 | AF70: 46.676899 | AG70: 64.339244 | AH70: 46.115385 | AI70: 63.746648 | AJ70: 46.086038 | AK70: 63.524803 | AL70: 45.531646 | AM70: 62.944073 | AN70: 45.796183 | AO70: 63.125269 | AP70: 45.245283 | AQ70: 62.545676 | AR70: 45.509961 | AS70: 62.730742 | AT70: 44.9625 | AU70: 62.152228 | AV70: 45.2273 | AW70: 62.341123 | AX70: 44.68323 | AY70: 61.771262 | AZ70: 44.948129 | BA70: 61.956314 | BB70: 44.407407 | BC70: 61.387437 | BD70: 44.399966 | BE70: 61.374952 | BF70: 43.865854 | BG70: 60.636996 | BH70: 43.86504 | BI70: 60.635514 | BJ70: 43.337349 | BK70: 59.906786 | BL70: 41.372712 | BM70: 57.190319 | BN70: 40.875 | BO70: 56.508761
B71: NÃO | C71: 2299 | D71: 7897076922991 | E71: 1235202840094 | F71: 529921070072806 | G71: Nível 1 | H71: 0.0381 | I71: 0.012 | J71: HEMIFUMARATO DE BISOPROLOL 5 MG | K71: BLISTER C/ 30 COMP REV | L71: 55 | M71: CONCOR | N71: SP | O71: =IF(T71=1,4%,IF(N71="RJ",22,IF(OR(N71="MG",N71="SP",N71="SC",N71="PR"),12%,7%))) -> 0.12 | P71: Positiva | Q71: 41.65 | R71: 57.58 | S71: 30049024 | T71: 5 | U71: 13.002.00 | V71: 43.75 | W71: 60.304818 | X71: 57.515783 | Y71: 79.279517 | Z71: 56.818182 | AA71: 78.551174 | AB71: 57.144735 | AC71: 78.768066 | AD71: 56.451613 | AE71: 78.047096 | AF71: 56.778412 | AG71: 78.263128 | AH71: 56.089744 | AI71: 77.534497 | AJ71: 56.059681 | AK71: 77.272432 | AL71: 55.379747 | AM71: 76.558332 | AN71: 55.707098 | AO71: 76.786432 | AP71: 55.031447 | AQ71: 76.073765 | AR71: 55.358933 | AS71: 76.306524 | AT71: 54.6875 | AU71: 75.595218 | AV71: 55.015101 | AW71: 75.832587 | AX71: 54.347826 | AY71: 75.131852 | AZ71: 54.675513 | BA71: 75.3645 | BB71: 54.012346 | BC71: 74.665008 | BD71: 54.00872 | BE71: 74.657324 | BF71: 53.353659 | BG71: 73.752254 | BH71: 53.358029 | BI71: 73.757861 | BJ71: 52.710843 | BK71: 72.864106 | BL71: 50.326327 | BM71: 69.567079 | BN71: 49.715909 | BO71: 68.731118
B72: NÃO | C72: 1977 | D72: 7897076919779 | E72: 1235202590020 | F72: 529920050065007 | G72: Nível 2 | H72: 0.0247 | I72: 0.012 | J72: HEMITARTARATO DE RIVASTIGMINA 1,5 MG ( C1 ) | K72: ESTOJO,BLISTER C/ 28 CAPS DURAS | L72: 192 | M72: EXELON | N72: SP | O72: =IF(T72=1,4%,IF(N72="RJ",22,IF(OR(N72="MG",N72="SP",N72="SC",N72="PR"),12%,7%))) -> 0.04 | P72: Positiva | Q72: 128.95 | R72: 178.27 | S72: 30049069 | T72: 1 | U72: 13.002.00 | V72: 133.72 | W72: 184.31909 | X72: 175.7725 | Y72: 242.28408 | Z72: 173.66234 | AA72: 240.0883 | AB72: 174.63855 | AC72: 240.72105 | AD72: 172.54194 | AE72: 238.5476 | AF72: 173.51904 | AG72: 239.17792 | AH72: 171.4359 | AI72: 236.98087 | AJ72: 171.32254 | AK72: 236.15028 | AL72: 169.26582 | AM72: 233.99726 | AN72: 170.24502 | AO72: 234.66503 | AP72: 168.20126 | AQ72: 232.5162 | AR72: 169.181 | AS72: 233.19839 | AT72: 167.15 | AU72: 231.05354 | AV72: 168.13023 | AW72: 231.75001 | AX72: 166.1118 | AY72: 229.63729 | AZ72: 167.09242 | BA72: 230.3195 | BB72: 165.08642 | BC72: 228.2104 | BD72: 165.05465 | BE72: 228.15832 | BF72: 163.07317 | BG72: 225.4206 | BH72: 163.06609 | BI72: 225.40949 | BJ72: 161.10843 | BK72: 222.70602 | BL72: 153.80099 | BM72: 212.60215 | BN72: 151.95455 | BO72: 210.07372
B73: NÃO | C73: 2263 | D73: 7897076922632 | E73: 1235202590136 | F73: 529920110069607 | G73: Nível 2 | H73: 0.0247 | I73: 0.012 | J73: HEMITARTARATO DE RIVASTIGMINA 1,5 MG ( C1 ) | K73: ESTOJO,BLISTER C/ 30 CAPS DURAS | L73: 192 | M73: EXELON | N73: SP | O73: =IF(T73=1,4%,IF(N73="RJ",22,IF(OR(N73="MG",N73="SP",N73="SC",N73="PR"),12%,7%))) -> 0.04 | P73: Positiva | Q73: 138.16 | R73: 191.01 | S73: 30049069 | T73: 1 | U73: 13.002.00 | V73: 143.27 | W73: 197.48277 | X73: 188.3267 | Y73: 259.58875 | Z73: 186.06494 | AA73: 257.2349 | AB73: 187.11176 | AC73: 257.91408 | AD73: 184.86452 | AE73: 255.58417 | AF73: 185.91229 | AG73: 256.26073 | AH73: 183.67949 | AI73: 253.90554 | AJ73: 183.55892 | AK73: 253.01685 | AL73: 181.35443 | AM73: 250.70885 | AN73: 182.40444 | AO73: 251.42552 | AP73: 180.21384 | AQ73: 249.12202 | AR73: 181.26443 | AS73: 249.85413 | AT73: 179.0875 | AU73: 247.5549 | AV73: 180.1386 | AW73: 248.3023 | AX73: 177.97516 | AY73: 246.0375 | AZ73: 179.02667 | BA73: 246.76962 | BB73: 176.87654 | BC73: 244.5087 | BD73: 176.84336 | BE73: 244.45408 | BF73: 174.71951 | BG73: 241.51967 | BH73: 174.71277 | BI73: 241.50892 | BJ73: 172.61446 | BK73: 238.61121 | BL73: 164.78592 | BM73: 227.78684 | BN73: 162.80682 | BO73: 225.07674
B74: NÃO | C74: 1980 | D74: 7897076919809 | E74: 1235202590055 | F74: 529920050065207 | G74: Nível 2 | H74: 0.0247 | I74: 0.012 | J74: HEMITARTARATO DE RIVASTIGMINA 3 MG ( C1 ) | K74: ESTOJO,BLISTER C/ 28 CAPS DURAS | L74: 192 | M74: EXELON | N74: SP | O74: =IF(T74=1,4%,IF(N74="RJ",22,IF(OR(N74="MG",N74="SP",N74="SC",N74="PR"),12%,7%))) -> 0.04 | P74: Positiva | Q74: 148.07 | R74: 204.69 | S74: 30049069 | T74: 1 | U74: 13.002.00 | V74: 153.54 | W74: 211.6389 | X74: 201.83508 | Y74: 278.20864 | Z74: 199.4026 | AA74: 275.67422 | AB74: 200.53299 | AC74: 276.41385 | AD74: 198.11613 | AE74: 273.90517 | AF74: 199.24749 | AG74: 274.64191 | AH74: 196.84615 | AI74: 272.10621 | AJ74: 196.72531 | AK74: 271.16535 | AL74: 194.35443 | AM74: 268.68037 | AN74: 195.48802 | AO74: 269.45988 | AP74: 193.13208 | AQ74: 266.97979 | AR74: 194.26624 | AS74: 267.77578 | AT74: 191.925 | AU74: 265.30034 | AV74: 193.05966 | AW74: 266.11263 | AX74: 190.73292 | AY74: 263.67416 | AZ74: 191.86797 | BA74: 264.47001 | BB74: 189.55556 | BC74: 262.03578 | BD74: 189.52805 | BE74: 261.98838 | BF74: 187.2439 | BG74: 258.83248 | BH74: 187.24464 | BI74: 258.83198 | BJ74: 184.98795 | BK74: 255.71554 | BL74: 176.60575 | BM74: 244.12563 | BN74: 174.47727 | BO74: 241.21088
B75: NÃO | C75: 2264 | D75: 7897076922649 | E75: 1235202590144 | F75: 529920110069707 | G75: Nível 2 | H75: 0.0247 | I75: 0.012 | J75: HEMITARTARATO DE RIVASTIGMINA 3 MG ( C1 ) | K75: ESTOJO,BLISTER C/ 30 CAPS DURAS | L75: 192 | M75: EXELON | N75: SP | O75: =IF(T75=1,4%,IF(N75="RJ",22,IF(OR(N75="MG",N75="SP",N75="SC",N75="PR"),12%,7%))) -> 0.04 | P75: Positiva | Q75: 158.64 | R75: 219.31 | S75: 30049069 | T75: 1 | U75: 13.002.00 | V75: 164.5 | W75: 226.74612 | X75: 216.24311 | Y75: 298.06861 | Z75: 213.63636 | AA75: 295.35241 | AB75: 214.84807 | AC75: 296.14569 | AD75: 212.25806 | AE75: 293.45708 | AF75: 213.4708 | AG75: 294.24727 | AH75: 210.89744 | AI75: 291.52971 | AJ75: 210.76858 | AK75: 290.52253 | AL75: 208.22785 | AM75: 287.85933 | AN75: 209.44296 | AO75: 288.69531 | AP75: 206.91824 | AQ75: 286.03736 | AR75: 208.13396 | AS75: 286.89099 | AT75: 205.625 | AU75: 284.23802 | AV75: 206.84125 | AW75: 285.10912 | AX75: 204.34783 | AY75: 282.49577 | AZ75: 205.5645 | BA75: 283.34925 | BB75: 203.08642 | BC75: 280.74043 | BD75: 203.05754 | BE75: 280.69046 | BF75: 200.60976 | BG75: 277.30847 | BH75: 200.61113 | BI75: 277.30874 | BJ75: 198.19277 | BK75: 273.96904 | BL75: 189.21278 | BM75: 261.55258 | BN75: 186.93182 | BO75: 258.429
B76: NÃO | C76: 1983 | D76: 7897076919830 | E76: 1235202590081 | F76: 529920110069807 | G76: Nível 2 | H76: 0.0247 | I76: 0.012 | J76: HEMITARTARATO DE RIVASTIGMINA 4,5 MG ( C1 ) | K76: ESTOJO,BLISTER C/ 28 CAPS DURAS | L76: 192 | M76: EXELON | N76: SP | O76: =IF(T76=1,4%,IF(N76="RJ",22,IF(OR(N76="MG",N76="SP",N76="SC",N76="PR"),12%,7%))) -> 0.04 | P76: Positiva | Q76: 167.93 | R76: 232.16 | S76: 30049069 | T76: 1 | U76: 13.002.00 | V76: 174.14 | W76: 240.03385 | X76: 228.90636 | Y76: 315.52358 | Z76: 226.15584 | AA76: 312.6606 | AB76: 227.42963 | AC76: 313.48806 | AD76: 224.69677 | AE76: 310.6542 | AF76: 225.97171 | AG76: 311.47847 | AH76: 223.25641 | AI76: 308.61388 | AJ76: 223.11124 | AK76: 307.53561 | AL76: 220.43038 | AM76: 304.72841 | AN76: 221.708 | AO76: 305.60138 | AP76: 219.04403 | AQ76: 302.79967 | AR76: 220.32234 | AS76: 303.6914 | AT76: 217.675 | AU76: 300.89488 | AV76: 218.95393 | AW76: 301.80519 | AX76: 216.32298 | AY76: 299.05053 | AZ76: 217.60241 | BA76: 299.94225 | BB76: 214.98765 | BC76: 297.19233 | BD76: 214.94864 | BE76: 297.12777 | BF76: 212.36585 | BG76: 293.55926 | BH76: 212.35897 | BI76: 293.54801 | BJ76: 209.80723 | BK76: 290.02412 | BL76: 200.29313 | BM76: 276.86917 | BN76: 197.88636 | BO76: 273.57341
B77: NÃO | C77: 2262 | D77: 7897076922656 | E77: 1235202590152 | F77: 529920110069807 | G77: Nível 2 | H77: 0.0247 | I77: 0.012 | J77: HEMITARTARATO DE RIVASTIGMINA 4,5 MG ( C1 ) | K77: ESTOJO,BLISTER C/ 30 CAPS DURAS | L77: 192 | M77: EXELON | N77: SP | O77: =IF(T77=1,4%,IF(N77="RJ",22,IF(OR(N77="MG",N77="SP",N77="SC",N77="PR"),12%,7%))) -> 0.04 | P77: Positiva | Q77: 179.94 | R77: 248.75 | S77: 30049069 | T77: 1 | U77: 13.002.00 | V77: 186.59 | W77: 257.19488 | X77: 245.27727 | Y77: 338.08916 | Z77: 242.32468 | AA77: 335.01402 | AB77: 243.69492 | AC77: 335.90807 | AD77: 240.76129 | AE77: 332.86417 | AF77: 242.13273 | AG77: 333.75475 | AH77: 239.21795 | AI77: 330.67798 | AJ77: 239.06769 | AK77: 329.52991 | AL77: 236.18987 | AM77: 326.51472 | AN77: 237.56409 | AO77: 327.45735 | AP77: 234.7044 | AQ77: 324.44809 | AR77: 236.07933 | AS77: 325.41077 | AT77: 233.2375 | AU77: 322.40712 | AV77: 234.61305 | AW77: 323.38966 | AX77: 231.78882 | AY77: 320.43091 | AZ77: 233.16487 | BA77: 321.39349 | BB77: 230.35802 | BC77: 318.43986 | BD77: 230.32132 | BE77: 318.37772 | BF77: 227.54878 | BG77: 314.54704 | BH77: 227.54643 | BI77: 314.54194 | BJ77: 224.80723 | BK77: 310.75917 | BL77: 214.61768 | BM77: 296.67027 | BN77: 212.03409 | BO77: 293.13233
B78: NÃO | C78: 1986 | D78: 7897076919861 | E78: 1235202590111 | F78: 529920110069507 | G78: Nível 2 | H78: 0.0247 | I78: 0.012 | J78: HEMITARTARATO DE RIVASTIGMINA 6 MG ( C1 ) | K78: ESTOJO,BLISTER C/ 28 CAPS DURAS | L78: 192 | M78: EXELON | N78: SP | O78: =IF(T78=1,4%,IF(N78="RJ",22,IF(OR(N78="MG",N78="SP",N78="SC",N78="PR"),12%,7%))) -> 0.04 | P78: Positiva | Q78: 171.38 | R78: 236.92 | S78: 30049069 | T78: 1 | U78: 13.002.00 | V78: 177.72 | W78: 244.96851 | X78: 233.60908 | Y78: 322.00579 | Z78: 230.80519 | AA78: 319.08833 | AB78: 232.10201 | AC78: 319.92845 | AD78: 229.31613 | AE78: 317.04068 | AF78: 230.61413 | AG78: 317.87757 | AH78: 227.84615 | AI78: 314.95842 | AJ78: 227.6949 | AK78: 313.8537 | AL78: 224.96203 | AM78: 310.99307 | AN78: 226.26283 | AO78: 311.87974 | AP78: 223.54717 | AQ78: 309.02468 | AR78: 224.84871 | AS78: 309.93052 | AT78: 222.15 | AU78: 307.08073 | AV78: 223.45218 | AW78: 308.00556 | AX78: 220.77019 | AY78: 305.19846 | AZ78: 222.07289 | BA78: 306.10435 | BB78: 219.40741 | BC78: 303.30206 | BD78: 219.36461 | BE78: 303.23205 | BF78: 216.73171 | BG78: 299.5943 | BH78: 216.72173 | BI78: 299.57874 | BJ78: 214.12048 | BK78: 295.98649 | BL78: 204.40801 | BM78: 282.55725 | BN78: 201.95455 | BO78: 279.19758
B79: NÃO | C79: 2266 | D79: 7897076922663 | E79: 1235202590160 | F79: 529920110069507 | G79: Nível 2 | H79: 0.0247 | I79: 0.012 | J79: HEMITARTARATO DE RIVASTIGMINA 6 MG ( C1 ) | K79: ESTOJO,BLISTER C/ 30 CAPS DURAS | L79: 192 | M79: EXELON | N79: SP | O79: =IF(T79=1,4%,IF(N79="RJ",22,IF(OR(N79="MG",N79="SP",N79="SC",N79="PR"),12%,7%))) -> 0.04 | P79: Positiva | Q79: 183.63 | R79: 253.86 | S79: 30049069 | T79: 1 | U79: 13.002.00 | V79: 190.42 | W79: 262.47414 | X79: 250.30713 | Y79: 345.0223 | Z79: 247.2987 | AA79: 341.89062 | AB79: 248.69233 | AC79: 342.79648 | AD79: 245.70323 | AE79: 339.69664 | AF79: 247.09811 | AG79: 340.599 | AH79: 244.12821 | AI79: 337.46558 | AJ79: 243.97021 | AK79: 336.28752 | AL79: 241.03797 | AM79: 333.21686 | AN79: 242.43577 | AO79: 334.17246 | AP79: 239.52201 | AQ79: 331.1078 | AR79: 240.92057 | AS79: 332.08392 | AT79: 238.025 | AU79: 329.02495 | AV79: 239.42422 | AW79: 330.02136 | AX79: 236.54658 | AY79: 327.00817 | AZ79: 237.94635 | BA79: 327.98426 | BB79: 235.08642 | BC79: 324.97625 | BD79: 235.04448 | BE79: 324.90664 | BF79: 232.21951 | BG79: 321.00352 | BH79: 232.21269 | BI79: 320.9922 | BJ79: 229.42169 | BK79: 317.1379 | BL79: 219.01881 | BM79: 302.75404 | BN79: 216.38636 | BO79: 299.14924
B80: NÃO | C80: 2351 | D80: 7897076923516 | E80: 1235202900097 | F80: 529923040079106 | G80: Nível 1 | H80: 0.0381 | I80: 0.012 | J80: LOSARTANA POTASSICA + HCT 100 MG + 25 MG | K80: ESTOJO,BLISTER C/ 30 COMP | L80: 144 | M80: HYZAAR | N80: SP | O80: =IF(T80=1,4%,IF(N80="RJ",22,IF(OR(N80="MG",N80="SP",N80="SC",N80="PR"),12%,7%))) -> 0.04 | P80: Positiva | Q80: 48.4 | R80: 66.92 | S80: 30049069 | T80: 1 | U80: 13.002.00 | V80: 50.84 | W80: 70.077645 | X80: 66.837069 | Y80: 92.127938 | Z80: 66.025974 | AA80: 91.280953 | AB80: 66.405887 | AC80: 91.533599 | AD80: 65.6 | AE80: 90.695185 | AF80: 65.980196 | AG80: 90.946828 | AH80: 65.179487 | AI80: 90.099516 | AJ80: 65.144983 | AK80: 89.795575 | AL80: 64.35443 | AM80: 88.965156 | AN80: 64.735259 | AO80: 89.230812 | AP80: 63.949686 | AQ80: 88.402063 | AR80: 64.330669 | AS80: 88.673128 | AT80: 63.55 | AU80: 87.845963 | AV80: 63.931114 | AW80: 88.122382 | AX80: 63.15528 | AY80: 87.307506 | AZ80: 63.53649 | BA80: 87.578435 | BB80: 62.765432 | BC80: 86.765006 | BD80: 62.761634 | BE80: 86.75665 | BF80: 62 | BG80: 85.704333 | BH80: 62.005488 | BI80: 85.711415 | BJ80: 61.253012 | BK80: 84.672255 | BL80: 58.482454 | BM80: 80.841456 | BN80: 57.772727 | BO80: 79.869486
... B91: NÃO | C91: 1910 | D91: 7897076919106 | E91: 1235202120271 | F91: 529917050053906 | G91: Nível 1 | H91: 0.0381 | I91: 0.012 | J91: OXALATO DE ESCITALOPRAM 20 MG ( C1 ) | K91: ESTOJO,BLISTER C/ 30 COMP. | L91: 120 | M91: LEXAPRO | N91: SP | O91: =IF(T91=1,4%,IF(N91="RJ",22,IF(OR(N91="MG",N91="SP",N91="SC",N91="PR"),12%,7%))) -> 0.04 | P91: Positiva | Q91: 156.11 | R91: 215.82 | S91: 30049059 | T91: 1 | U91: 13.002.00 | V91: 164 | W91: 226.05692 | X91: 215.57717 | Y91: 297.15067 | Z91: 212.98701 | AA91: 294.45469 | AB91: 214.18642 | AC91: 295.23368 | AD91: 211.6129 | AE91: 292.56511 | AF91: 212.8134 | AG91: 293.3411 | AH91: 210.25641 | AI91: 290.6436 | AJ91: 210.11949 | AK91: 289.62783 | AL91: 207.59494 | AM91: 286.98438 | AN91: 208.79796 | AO91: 287.80624 | AP91: 206.28931 | AQ91: 285.16794 | AR91: 207.49299 | AS91: 286.00748 | AT91: 205 | AU91: 283.37407 | AV91: 206.20426 | AW91: 284.2311 | AX91: 203.72671 | AY91: 281.63712 | AZ91: 204.93144 | BA91: 282.47664 | BB91: 202.46914 | BC91: 279.88712 | BD91: 202.4322 | BE91: 279.82605 | BF91: 200 | BG91: 276.46559 | BH91: 199.99332 | BI91: 276.45473 | BJ91: 197.59036 | BK91: 273.13631 | BL91: 188.63008 | BM91: 260.7471 | BN91: 186.36364 | BO91: 257.6435
A92: * | B92: NÃO | C92: 2385 | D92: 7897076923851 | E92: 1235202950019 | F92: 529924120083006 | G92: Nível 1 | H92: 0.0381 | I92: 0.012 | J92: TICAGRELOR 90 MG X 10 | K92: 90 MG COM REV CT BL AL PLAS PVC/PVDC TRANS X 10 | M92: BRILINTA | N92: SP | O92: =IF(T92=1,4%,IF(N92="RJ",22,IF(OR(N92="MG",N92="SP",N92="SC",N92="PR"),12%,7%))) -> 0.04 | P92: Positiva | Q92: 33.5 | R92: 46.31 | S92: 30049069 | T92: 1 | U92: 13.002.00 | V92: 35.19 | W92: 48.50575 | X92: 46.261194 | Y92: 63.766238 | Z92: 45.701299 | AA92: 63.182076 | AB92: 45.962752 | AC92: 63.354867 | AD92: 45.406452 | AE92: 62.776624 | AF92: 45.668111 | AG92: 62.948734 | AH92: 45.115385 | AI92: 62.364319 | AJ92: 45.09002 | AK92: 62.151896 | AL92: 44.544304 | AM92: 61.579147 | AN92: 44.806429 | AO92: 61.760996 | AP92: 44.264151 | AQ92: 61.18939 | AR92: 44.526393 | AS92: 61.374995 | AT92: 43.9875 | AU92: 60.804473 | AV92: 44.249841 | AW92: 60.993797 | AX92: 43.714286 | AY92: 60.431769 | AZ92: 43.976703 | BA92: 60.617305 | BB92: 43.444444 | BC92: 60.056266 | BD92: 43.440387 | BE92: 60.048508 | BF92: 42.914634 | BG92: 59.322098 | BH92: 42.917022 | BI92: 59.32505 | BJ92: 42.39759 | BK92: 58.607723 | BL92: 40.478558 | BM92: 55.954313 | BN92: 39.988636 | BO92: 55.283384
A93: * | B93: NÃO | C93: 2387 | D93: 7897076923875 | E93: 1235202950027 | F93: 529924120082806 | G93: Nível 1 | H93: 0.0381 | I93: 0.012 | J93: TICAGRELOR 90 MG X 20 | K93: 90 MG COM REV CT BL AL PLAS PVC/PVDC TRANS X 20 | M93: BRILINTA | N93: SP | O93: =IF(T93=1,4%,IF(N93="RJ",22,IF(OR(N93="MG",N93="SP",N93="SC",N93="PR"),12%,7%))) -> 0.04 | P93: Positiva | Q93: 66.99 | R93: 92.62 | S93: 30049069 | T93: 1 | U93: 13.002.00 | V93: 70.37 | W93: 96.997716 | X93: 92.508579 | Y93: 127.51344 | Z93: 91.38961 | AA93: 126.3462 | AB93: 91.911784 | AC93: 126.69082 | AD93: 90.8 | AE93: 125.53541 | AF93: 91.322589 | AG93: 125.87868 | AH93: 90.217949 | AI93: 124.71092 | AJ93: 90.166579 | AK93: 124.28524 | AL93: 89.075949 | AM93: 123.1408 | AN93: 89.599483 | AO93: 123.50356 | AP93: 88.515723 | AQ93: 122.36139 | AR93: 89.039495 | AS93: 122.73167 | AT93: 87.9625 | AU93: 121.59167 | AV93: 88.486473 | AW93: 121.96939 | AX93: 87.416149 | AY93: 120.84636 | AZ93: 87.940279 | BA93: 121.21652 | BB93: 86.876543 | BC93: 120.09547 | BD93: 86.867806 | BE93: 120.07909 | BF93: 85.817073 | BG93: 118.62734 | BH93: 85.821233 | BI93: 118.63239 | BJ93: 84.783133 | BK93: 117.19879 | BL93: 80.945033 | BM93: 111.89192 | BN93: 79.965909 | BO93: 110.55106
A94: * | B94: NÃO | C94: 2386 | D94: 7897076923868 | E94: 1235202950035 | F94: 529924120082906 | G94: Nível 1 | H94: 0.0381 | I94: 0.012 | J94: TICAGRELOR 90 MG X 30 | K94: 90 MG COM REV CT BL AL PLAS PVC/PVDC TRANS X 30 | M94: BRILINTA | N94: SP | O94: =IF(T94=1,4%,IF(N94="RJ",22,IF(OR(N94="MG",N94="SP",N94="SC",N94="PR"),12%,7%))) -> 0.04 | P94: Positiva | Q94: 100.5 | R94: 138.94 | S94: 30049069 | T94: 1 | U94: 13.002.00 | V94: 105.58 | W94: 145.53103 | X94: 138.78358 | Y94: 191.29872 | Z94: 137.11688 | AA94: 189.56418 | AB94: 137.88826 | AC94: 190.0646 | AD94: 136.23226 | AE94: 188.34771 | AF94: 137.00433 | AG94: 188.8462 | AH94: 135.35897 | AI94: 187.11068 | AJ94: 135.27006 | AK94: 186.45569 | AL94: 133.64557 | AM94: 184.75494 | AN94: 134.41929 | AO94: 185.28299 | AP94: 132.80503 | AQ94: 183.58556 | AR94: 133.57918 | AS94: 184.12499 | AT94: 131.975 | AU94: 182.4307 | AV94: 132.74952 | AW94: 182.98139 | AX94: 131.15528 | AY94: 181.31248 | AZ94: 131.93011 | BA94: 181.85192 | BB94: 130.34568 | BC94: 180.18586 | BD94: 130.32116 | BE94: 180.14552 | BF94: 128.7561 | BG94: 177.98315 | BH94: 128.75107 | BI94: 177.97515 | BJ94: 127.20482 | BK94: 175.83982 | BL94: 121.43567 | BM94: 167.86294 | BN94: 119.97727 | BO94: 165.86586
A95: * | B95: NÃO | C95: 2388 | D95: 7897076923882 | E95: 1235202950043 | F95: 529924120083106 | G95: Nível 1 | H95: 0.0381 | I95: 0.012 | J95: TICAGRELOR 90 MG X 60 | K95: 90 MG COM REV CT BL AL PLAS PVC/PVDC TRANS X 60 | L95: 84 | M95: BRILINTA | N95: SP | O95: =IF(T95=1,4%,IF(N95="RJ",22,IF(OR(N95="MG",N95="SP",N95="SC",N95="PR"),12%,7%))) -> 0.04 | P95: Positiva | Q95: 201.03 | R95: 277.91 | S95: 30049069 | T95: 1 | U95: 13.002.00 | V95: 211.19 | W95: 291.10342 | X95: 277.60859 | Y95: 382.65453 | Z95: 274.27273 | AA95: 379.18223 | AB95: 275.81767 | AC95: 380.18594 | AD95: 272.50323 | AE95: 376.74894 | AF95: 274.04956 | AG95: 377.74878 | AH95: 270.75641 | AI95: 374.27452 | AJ95: 270.5805 | AK95: 372.96703 | AL95: 267.32911 | AM95: 369.56238 | AN95: 268.8787 | AO95: 370.62128 | AP95: 265.6478 | AQ95: 367.22328 | AR95: 267.19823 | AS95: 368.30493 | AT95: 263.9875 | AU95: 364.91323 | AV95: 265.53867 | AW95: 366.01741 | AX95: 262.34783 | AY95: 362.67648 | AZ95: 263.8996 | BA95: 363.75811 | BB95: 260.7284 | BC95: 360.42293 | BD95: 260.68122 | BE95: 360.34482 | BF95: 257.54878 | BG95: 356.01688 | BH95: 257.54056 | BI95: 356.00343 | BJ95: 254.44578 | BK95: 351.72961 | BL95: 242.9076 | BM95: 335.77599 | BN95: 239.98864 | BO95: 331.77885
A96: * | B96: NÃO | C96: 791 | D96: 7897076907912 | E96: 1.2352.0063.001-7 | F96: 529923080079706 | G96: Nível 2 | H96: 0.0247 | I96: 0.012 | J96: CEFALEXINA 500MG | K96: CEFALEXINA 500MG C/ 10 COMPRIMIDOS REVESTIDOS | L96: 160 | M96: KEPLEX ® - BAGÓ | N96: SP | O96: =IF(T96=1,4%,IF(N96="RJ",22,IF(OR(N96="MG",N96="SP",N96="SC",N96="PR"),12%,7%))) -> 0.04 | P96: Positiva | Q96: 19.26 | R96: 26.62 | S96: 30042052 | T96: 1 | U96: 13.002.00 | V96: 19.97 | W96: 27.526565 | X96: 26.253419 | Y96: 36.187603 | Z96: 25.935065 | AA96: 35.855244 | AB96: 26.084051 | AC96: 35.954148 | AD96: 25.767742 | AE96: 35.625154 | AF96: 25.916841 | AG96: 35.723666 | AH96: 25.602564 | AI96: 35.391175 | AJ96: 25.588772 | AK96: 35.271457 | AL96: 25.278481 | AM96: 34.945597 | AN96: 25.427833 | AO96: 35.04962 | AP96: 25.119497 | AQ96: 34.724414 | AR96: 25.268912 | AS96: 34.830563 | AT96: 24.9625 | AU96: 34.505977 | AV96: 25.111967 | AW96: 34.614232 | AX96: 24.807453 | AY96: 34.294471 | AZ96: 24.95696 | BA96: 34.400571 | BB96: 24.654321 | BC96: 34.081376 | BD96: 24.652599 | BE96: 34.077776 | BF96: 24.353659 | BG96: 33.664743 | BH96: 24.355587 | BI96: 33.66721 | BJ96: 24.060241 | BK96: 33.259342 | BL96: 22.971749 | BM96: 31.754304 | BN96: 22.693182 | BO96: 31.37281
A97: * | B97: NÃO | C97: 790 | D97: 7897076907905 | E97: 1.2352.0063.002-5 | F97: 529923080079806 | G97: Nível 2 | H97: 0.0247 | I97: 0.012 | J97: CEFALEXINA 500MG | K97: CEFALEXINA 500MG C/ 8 COMPRIMIDOS REVESTIDOS | L97: 192 | M97: KEPLEX ® - BAGÓ | N97: SP | O97: =IF(T97=1,4%,IF(N97="RJ",22,IF(OR(N97="MG",N97="SP",N97="SC",N97="PR"),12%,7%))) -> 0.04 | P97: Positiva | Q97: 15.41 | R97: 21.3 | S97: 30042052 | T97: 1 | U97: 13.002.00 | V97: 15.98 | W97: 22.026766 | X97: 21.005461 | Y97: 28.95384 | Z97: 20.753247 | AA97: 28.691377 | AB97: 20.86995 | AC97: 28.767052 | AD97: 20.619355 | AE97: 28.507259 | AF97: 20.736164 | AG97: 28.582643 | AH97: 20.487179 | AI97: 28.320029 | AJ97: 20.473675 | AK97: 28.220828 | AL97: 20.227848 | AM97: 27.963478 | AN97: 20.344907 | AO97: 28.043335 | AP97: 20.100629 | AQ97: 27.786486 | AR97: 20.217753 | AS97: 27.868067 | AT97: 19.975 | AU97: 27.611693 | AV97: 20.092182 | AW97: 27.69498 | AX97: 19.850932 | AY97: 27.442446 | AZ97: 19.96816 | BA97: 27.524029 | BB97: 19.728395 | BC97: 27.271928 | BD97: 19.724639 | BE97: 27.265759 | BF97: 19.487805 | BG97: 26.938537 | BH97: 19.486999 | BI97: 26.937264 | BJ97: 19.253012 | BK97: 26.614135 | BL97: 18.379784 | BM97: 25.40674 | BN97: 18.159091 | BO97: 25.104532
B98: NÃO | C98: 2265 | D98: 7897076922625 | E98: 1235202730051 | F98: 529920110069207 | G98: Nível 1 | H98: 0.0381 | I98: 0.012 | J98: AMOXICILINA + CLAVULANATO DE POTÁSSIO (500,0 + 125,0) X 300 | K98: AMOXICILINA + CLAVULANATO DE POTÁSSIO (500,0 + 125,0) X 300 | M98: CLAVULIN | N98: SP | O98: 0.04 | P98: Positiva | Q98: 1712.78 | R98: 2367.81 | S98: 30041012 | T98: 1 | U98: 13.002.00 | V98: 1799.37 | W98: 2480.2441 | X98: 2365.2313 | Y98: 3260.225 | Z98: 2336.8442 | AA98: 3230.6886 | AB98: 2349.9726 | AC98: 3239.1925 | AD98: 2321.7677 | AE98: 3209.9566 | AF98: 2334.9083 | AG98: 3218.4279 | AH98: 2306.8846 | AI98: 3188.8742 | AJ98: 2305.3518 | AK98: 3177.6873 | AL98: 2277.6835 | AM98: 3148.7261 | AN98: 2290.8524 | AO98: 3157.7014 | AP98: 2263.3585 | AQ98: 3128.7966 | AR98: 2276.5348 | AS98: 3137.9661 | AT98: 2249.2125 | AU98: 3109.1147 | AV98: 2262.3953 | AW98: 3118.4763 | AX98: 2235.2422 | AY98: 3090.0572 | AZ98: 2248.4304 | BA98: 3099.2271 | BB98: 2221.4444 | BC98: 3070.8566 | BD98: 2221.0097 | BE98: 3070.1458 | BF98: 2194.3537 | BG98: 3033.3164 | BH98: 2194.2512 | BI98: 3033.157 | BJ98: 2167.9157 | BK98: 2996.7883 | BL98: 2069.5781 | BM98: 2860.8188 | BN98: 2044.7386 | BO98: 2826.8048
B99: NÃO | C99: 2379 | D99: 7897076923790 | E99: 1235202730051 | F99: 529920110069207 | G99: Nível 1 | H99: 0.0381 | I99: 0.012 | J99: AMOXICILINA + CLAVULANATO DE POTÁSSIO (500,0 + 125,0) X 300 | K99: AMOXICILINA + CLAVULANATO DE POTÁSSIO (500,0 + 125,0) X 300 | M99: CLAVULIN | N99: SP | O99: 0.04 | P99: Positiva | Q99: 1712.78 | R99: 2367.81 | S99: 30041012 | T99: 1 | U99: 13.002.00 | V99: 1799.37 | W99: 2480.2441 | X99: 2365.2313 | Y99: 3260.225 | Z99: 2336.8442 | AA99: 3230.6886 | AB99: 2349.9726 | AC99: 3239.1925 | AD99: 2321.7677 | AE99: 3209.9566 | AF99: 2334.9083 | AG99: 3218.4279 | AH99: 2306.8846 | AI99: 3188.8742 | AJ99: 2305.3518 | AK99: 3177.6873 | AL99: 2277.6835 | AM99: 3148.7261 | AN99: 2290.8524 | AO99: 3157.7014 | AP99: 2263.3585 | AQ99: 3128.7966 | AR99: 2276.5348 | AS99: 3137.9661 | AT99: 2249.2125 | AU99: 3109.1147 | AV99: 2262.3953 | AW99: 3118.4763 | AX99: 2235.2422 | AY99: 3090.0572 | AZ99: 2248.4304 | BA99: 3099.2271 | BB99: 2221.4444 | BC99: 3070.8566 | BD99: 2221.0097 | BE99: 3070.1458 | BF99: 2194.3537 | BG99: 3033.3164 | BH99: 2194.2512 | BI99: 3033.157 | BJ99: 2167.9157 | BK99: 2996.7883 | BL99: 2069.5781 | BM99: 2860.8188 | BN99: 2044.7386 | BO99: 2826.8048
B100: SIM | C100: 2268 | D100: 7897076922687 | E100: 1235202780067 | F100: 529921030071306 | G100: Nível 3 | H100: 0.0113 | I100: 0.012 | J100: ACIDO URSODESOXICOLICO 150 MG | K100: ESTOJO,BLISTER C/ 30 COMP. | L100: 160 | M100: URSACOL | N100: SP | O100: =IF(T100=1,4%,IF(N100="RJ",22,IF(OR(N100="MG",N100="SP",N100="SC",N100="PR"),12%,7%))) -> 0.04 | P100: Positiva | Q100: 57.44 | R100: 79.41 | S100: 30049029 | T100: 1 | U100: 13.002.00 | V100: 58.78 | W100: 81.022108 | X100: 77.272913 | Y100: 106.51266 | Z100: 76.337662 | AA100: 105.53687 | AB100: 76.774406 | AC100: 105.82552 | AD100: 75.845161 | AE100: 104.85962 | AF100: 76.282248 | AG100: 105.14713 | AH100: 75.358974 | AI100: 104.17092 | AJ100: 75.316627 | AK100: 103.81613 | AL100: 74.405063 | AM100: 102.8594 | AN100: 74.842929 | AO100: 103.16318 | AP100: 73.937107 | AQ100: 102.20836 | AR100: 74.375167 | AS100: 102.51842 | AT100: 73.475 | AU100: 101.56541 | AV100: 73.913226 | AW100: 101.88168 | AX100: 73.018634 | AY100: 100.94286 | AZ100: 73.456987 | BA100: 101.25281 | BB100: 72.567901 | BC100: 100.31564 | BD100: 72.561145 | BE100: 100.30271 | BF100: 71.682927 | BG100: 99.089313 | BH100: 71.686936 | BI100: 99.094272 | BJ100: 70.819277 | BK100: 97.896049 | BL100: 67.61382 | BM100: 93.463924 | BN100: 66.795455 | BO100: 92.343202
B101: SIM | C101: 2272 | D101: 7897076922724 | E101: 1235202780148 | F101: 529921030071706 | G101: Nível 3 | H101: 0.0113 | I101: 0.012 | J101: ACIDO URSODESOXICOLICO 300 MG | K101: ESTOJO,BLISTER C/ 30 COMP. | L101: 160 | M101: URSACOL | N101: SP | O101: =IF(T101=1,4%,IF(N101="RJ",22,IF(OR(N101="MG",N101="SP",N101="SC",N101="PR"),12%,7%))) -> 0.04 | P101: Positiva | Q101: 114.07 | R101: 157.69 | S101: 30049029 | T101: 1 | U101: 13.002.00 | V101: 116.74 | W101: 160.91393 | X101: 153.45615 | Y101: 211.52332 | Z101: 151.61039 | AA101: 209.60146 | AB101: 152.46616 | AC101: 210.15873 | AD101: 150.63226 | AE101: 208.25641 | AF101: 151.48879 | AG101: 208.81152 | AH101: 149.66667 | AI101: 206.88862 | AJ101: 149.57116 | AK101: 206.16827 | AL101: 147.77215 | AM101: 204.28388 | AN101: 148.63045 | AO101: 204.87159 | AP101: 146.84277 | AQ101: 202.99089 | AR101: 147.70152 | AS101: 203.59116 | AT101: 145.925 | AU101: 201.71396 | AV101: 146.78415 | AW101: 202.32667 | AX101: 145.01863 | AY101: 200.47754 | AZ101: 145.87811 | BA101: 201.07778 | BB101: 144.12346 | BC101: 199.23184 | BD101: 144.09906 | BE101: 199.19098 | BF101: 142.36585 | BG101: 196.7963 | BH101: 142.36297 | BI101: 196.79115 | BJ101: 140.6506 | BK101: 194.42642 | BL101: 134.27417 | BM101: 185.60985 | BN101: 132.65909 | BO101: 183.39819
B102: SIM | C102: 2253 | D102: 7897076922533 | E102: 1235202730035 | F102: 529920110069007 | G102: Nível 1 | H102: 0.0381 | I102: 0.012 | J102: AMOXI. 500 MG + CLAV. POT. 125 MG | K102: ESTOJO,BLISTER C/ 18 COMP. REV. | L102: 64 | M102: CLAVULIN | N102: SP | O102: =IF(T102=1,4%,IF(N102="RJ",22,IF(OR(N102="MG",N102="SP",N102="SC",N102="PR"),12%,7%))) -> 0.04 | P102: Positiva | Q102: 84.11 | R102: 116.27 | S102: 30041012 | T102: 1 | U102: 13.002.00 | V102: 88.36 | W102: 121.79506 | X102: 116.15012 | Y102: 160.10085 | Z102: 114.75325 | AA102: 158.64644 | AB102: 115.40081 | AC102: 159.068 | AD102: 114.0129 | AE102: 157.62837 | AF102: 114.66104 | AG102: 158.0483 | AH102: 113.28205 | AI102: 156.5931 | AJ102: 113.2096 | AK102: 156.04764 | AL102: 111.8481 | AM102: 154.62158 | AN102: 112.49757 | AO102: 155.06619 | AP102: 111.14465 | AQ102: 153.64292 | AR102: 111.79448 | AS102: 154.09704 | AT102: 110.45 | AU102: 152.67642 | AV102: 111.10012 | AW102: 153.13995 | AX102: 109.76398 | AY102: 151.74058 | AZ102: 110.41434 | BA102: 152.19467 | BB102: 109.08642 | BC102: 150.79772 | BD102: 109.06779 | BE102: 150.76657 | BF102: 107.7561 | BG102: 148.95427 | BH102: 107.75375 | BI102: 148.95015 | BJ102: 106.45783 | BK102: 147.16051 | BL102: 101.63139 | BM102: 140.48708 | BN102: 100.40909 | BO102: 138.81329
B103: SIM | C103: 2375 | D103: 7897076923752 | E103: 1235202730035 | F103: 529920110069007 | G103: Nível 1 | H103: 0.0381 | I103: 0.012 | J103: AMOXI. 500 MG + CLAV. POT. 125 MG | K103: ESTOJO,BLISTER C/ 18 COMP. REV. | L103: 80 | M103: CLAVULIN | N103: SP | O103: =IF(T103=1,4%,IF(N103="RJ",22,IF(OR(N103="MG",N103="SP",N103="SC",N103="PR"),12%,7%))) -> 0.04 | P103: Positiva | Q103: 84.11 | R103: 116.27 | S103: 30041012 | T103: 1 | U103: 13.002.00 | V103: 88.36 | W103: 121.79506 | X103: 116.15012 | Y103: 160.10085 | Z103: 114.75325 | AA103: 158.64644 | AB103: 115.40081 | AC103: 159.068 | AD103: 114.0129 | AE103: 157.62837 | AF103: 114.66104 | AG103: 158.0483 | AH103: 113.28205 | AI103: 156.5931 | AJ103: 113.2096 | AK103: 156.04764 | AL103: 111.8481 | AM103: 154.62158 | AN103: 112.49757 | AO103: 155.06619 | AP103: 111.14465 | AQ103: 153.64292 | AR103: 111.79448 | AS103: 154.09704 | AT103: 110.45 | AU103: 152.67642 | AV103: 111.10012 | AW103: 153.13995 | AX103: 109.76398 | AY103: 151.74058 | AZ103: 110.41434 | BA103: 152.19467 | BB103: 109.08642 | BC103: 150.79772 | BD103: 109.06779 | BE103: 150.76657 | BF103: 107.7561 | BG103: 148.95427 | BH103: 107.75375 | BI103: 148.95015 | BJ103: 106.45783 | BK103: 147.16051 | BL103: 101.63139 | BM103: 140.48708 | BN103: 100.40909 | BO103: 138.81329
B104: SIM | C104: 2290 | D104: 7897076922908 | E104: 1235202730116 | F104: 529921030072106 | G104: Nível 1 | H104: 0.0381 | I104: 0.012 | J104: AMOXI. 500 MG + CLAV. POT. 125 MG | K104: ESTOJO,BLISTER C/ 21 COMP. REV. | L104: 64 | M104: CLAVULIN | N104: SP | O104: =IF(T104=1,4%,IF(N104="RJ",22,IF(OR(N104="MG",N104="SP",N104="SC",N104="PR"),12%,7%))) -> 0.04 | P104: Positiva | Q104: 100.06 | R104: 138.33 | S104: 30041012 | T104: 1 | U104: 13.002.00 | V104: 105.11 | W104: 144.88319 | X104: 138.17597 | Y104: 190.46119 | Z104: 136.50649 | AA104: 188.72032 | AB104: 137.28457 | AC104: 189.23248 | AD104: 135.62581 | AE104: 187.50926 | AF104: 136.40451 | AG104: 188.01941 | AH104: 134.75641 | AI104: 186.27774 | AJ104: 134.67783 | AK104: 185.63936 | AL104: 133.05063 | AM104: 183.93249 | AN104: 133.83078 | AO104: 184.4718 | AP104: 132.21384 | AQ104: 182.76831 | AR104: 132.99435 | AS104: 183.31887 | AT104: 131.3875 | AU104: 181.61859 | AV104: 132.16833 | AW104: 182.18028 | AX104: 130.57143 | AY104: 180.50535 | AZ104: 131.3525 | BA104: 181.05575 | BB104: 129.76543 | BC104: 179.38375 | BD104: 129.7506 | BE104: 179.35683 | BF104: 128.18293 | BG104: 177.19084 | BH104: 128.18738 | BI104: 177.19595 | BJ104: 126.63855 | BK104: 175.05706 | BL104: 120.90402 | BM104: 167.12802 | BN104: 119.44318 | BO104: 165.12749
B105: SIM | C105: 2377 | D105: 7897076923776 | E105: 1235202730116 | F105: 529921030072106 | G105: Nível 1 | H105: 0.0381 | I105: 0.012 | J105: AMOXI. 500 MG + CLAV. POT. 125 MG | K105: ESTOJO,BLISTER C/ 21 COMP. REV. | L105: 80 | M105: CLAVULIN | N105: SP | O105: =IF(T105=1,4%,IF(N105="RJ",22,IF(OR(N105="MG",N105="SP",N105="SC",N105="PR"),12%,7%))) -> 0.04 | P105: Positiva | Q105: 100.06 | R105: 138.33 | S105: 30041012 | T105: 1 | U105: 13.002.00 | V105: 105.11 | W105: 144.88319 | X105: 138.17597 | Y105: 190.46119 | Z105: 136.50649 | AA105: 188.72032 | AB105: 137.28457 | AC105: 189.23248 | AD105: 135.62581 | AE105: 187.50926 | AF105: 136.40451 | AG105: 188.01941 | AH105: 134.75641 | AI105: 186.27774 | AJ105: 134.67783 | AK105: 185.63936 | AL105: 133.05063 | AM105: 183.93249 | AN105: 133.83078 | AO105: 184.4718 | AP105: 132.21384 | AQ105: 182.76831 | AR105: 132.99435 | AS105: 183.31887 | AT105: 131.3875 | AU105: 181.61859 | AV105: 132.16833 | AW105: 182.18028 | AX105: 130.57143 | AY105: 180.50535 | AZ105: 131.3525 | BA105: 181.05575 | BB105: 129.76543 | BC105: 179.38375 | BD105: 129.7506 | BE105: 179.35683 | BF105: 128.18293 | BG105: 177.19084 | BH105: 128.18738 | BI105: 177.19595 | BJ105: 126.63855 | BK105: 175.05706 | BL105: 120.90402 | BM105: 167.12802 | BN105: 119.44318 | BO105: 165.12749
B106: SIM | C106: 2251 | D106: 7897076922519 | E106: 1235202730027 | F106: 529920110069407 | G106: Nível 1 | H106: 0.0381 | I106: 0.012 | J106: AMOXI. 500 MG + CLAV. POT. 125 MG | K106: ESTOJO,BLISTER C/ 12 COMP. REV. | L106: 96 | M106: CLAVULIN | N106: SP | O106: =IF(T106=1,4%,IF(N106="RJ",22,IF(OR(N106="MG",N106="SP",N106="SC",N106="PR"),12%,7%))) -> 0.04 | P106: Positiva | Q106: 56.07 | R106: 77.52 | S106: 30041012 | T106: 1 | U106: 13.002.00 | V106: 58.9 | W106: 81.187516 | X106: 77.428811 | Y106: 106.72755 | Z106: 76.493506 | AA106: 105.75232 | AB106: 76.929299 | AC106: 106.03903 | AD106: 76 | AE106: 105.07369 | AF106: 76.436148 | AG106: 105.35927 | AH106: 75.512821 | AI106: 104.38359 | AJ106: 75.468579 | AK106: 104.02558 | AL106: 74.556962 | AM106: 103.06939 | AN106: 74.993925 | AO106: 103.37131 | AP106: 74.08805 | AQ106: 102.41702 | AR106: 74.52522 | AS106: 102.72525 | AT106: 73.625 | AU106: 101.77276 | AV106: 74.062346 | AW106: 102.08723 | AX106: 73.167702 | AY106: 101.14894 | AZ106: 73.605186 | BA106: 101.45708 | BB106: 72.716049 | BC106: 100.52043 | BD106: 72.707537 | BE106: 100.50507 | BF106: 71.829268 | BG106: 99.291605 | BH106: 71.831565 | BI106: 99.294195 | BJ106: 70.963855 | BK106: 98.095905 | BL106: 67.750232 | BM106: 93.652488 | BN106: 66.931818 | BO106: 92.531722
B107: SIM | C107: 2374 | D107: 7897076923745 | E107: 1235202730027 | F107: 529920110069407 | G107: Nível 1 | H107: 0.0381 | I107: 0.012 | J107: AMOXI. 500 MG + CLAV. POT. 125 MG | K107: ESTOJO,BLISTER C/ 12 COMP. REV. | L107: 120 | M107: CLAVULIN | N107: SP | O107: =IF(T107=1,4%,IF(N107="RJ",22,IF(OR(N107="MG",N107="SP",N107="SC",N107="PR"),12%,7%))) -> 0.04 | P107: Positiva | Q107: 56.07 | R107: 77.52 | S107: 30041012 | T107: 1 | U107: 13.002.00 | V107: 58.9 | W107: 81.187516 | X107: 77.428811 | Y107: 106.72755 | Z107: 76.493506 | AA107: 105.75232 | AB107: 76.929299 | AC107: 106.03903 | AD107: 76 | AE107: 105.07369 | AF107: 76.436148 | AG107: 105.35927 | AH107: 75.512821 | AI107: 104.38359 | AJ107: 75.468579 | AK107: 104.02558 | AL107: 74.556962 | AM107: 103.06939 | AN107: 74.993925 | AO107: 103.37131 | AP107: 74.08805 | AQ107: 102.41702 | AR107: 74.52522 | AS107: 102.72525 | AT107: 73.625 | AU107: 101.77276 | AV107: 74.062346 | AW107: 102.08723 | AX107: 73.167702 | AY107: 101.14894 | AZ107: 73.605186 | BA107: 101.45708 | BB107: 72.716049 | BC107: 100.52043 | BD107: 72.707537 | BE107: 100.50507 | BF107: 71.829268 | BG107: 99.291605 | BH107: 71.831565 | BI107: 99.294195 | BJ107: 70.963855 | BK107: 98.095905 | BL107: 67.750232 | BM107: 93.652488 | BN107: 66.931818 | BO107: 92.531722
B108: SIM | C108: 2289 | D108: 7897076922892 | E108: 1235202730108 | F108: 529921030072006 | G108: Nível 1 | H108: 0.0381 | I108: 0.012 | J108: AMOXI. 500 MG + CLAV. POT. 125 MG | K108: ESTOJO,BLISTER C/ 14 COMP. REV. | L108: 96 | M108: CLAVULIN | N108: SP | O108: =IF(T108=1,4%,IF(N108="RJ",22,IF(OR(N108="MG",N108="SP",N108="SC",N108="PR"),12%,7%))) -> 0.04 | P108: Positiva | Q108: 66.85 | R108: 92.43 | S108: 30041012 | T108: 1 | U108: 13.002.00 | V108: 70.22 | W108: 96.790957 | X108: 92.315249 | Y108: 127.24696 | Z108: 91.194805 | AA108: 126.07688 | AB108: 91.719701 | AC108: 126.42606 | AD108: 90.606452 | AE108: 125.26782 | AF108: 91.131737 | AG108: 125.61561 | AH108: 90.025641 | AI108: 124.44508 | AJ108: 89.978143 | AK108: 124.0255 | AL108: 88.886076 | AM108: 122.87831 | AN108: 89.412232 | AO108: 123.24545 | AP108: 88.327044 | AQ108: 122.10057 | AR108: 88.853414 | AS108: 122.47518 | AT108: 87.775 | AU108: 121.33248 | AV108: 88.301549 | AW108: 121.71449 | AX108: 87.229814 | AY108: 120.58877 | AZ108: 87.756496 | BA108: 120.96319 | BB108: 86.691358 | BC108: 119.83947 | BD108: 86.686264 | BE108: 119.82814 | BF108: 85.634146 | BG108: 118.37447 | BH108: 85.641878 | BI108: 118.38447 | BJ108: 84.60241 | BK108: 116.94897 | BL108: 80.775869 | BM108: 111.65809 | BN108: 79.795455 | BO108: 110.31541
B109: SIM | C109: 2376 | D109: 7897076923769 | E109: 1235202730108 | F109: 529921030072006 | G109: Nível 1 | H109: 0.0381 | I109: 0.012 | J109: AMOXI. 500 MG + CLAV. POT. 125 MG | K109: ESTOJO,BLISTER C/ 14 COMP. REV. | L109: 120 | M109: CLAVULIN | N109: SP | O109: =IF(T109=1,4%,IF(N109="RJ",22,IF(OR(N109="MG",N109="SP",N109="SC",N109="PR"),12%,7%))) -> 0.04 | P109: Positiva | Q109: 66.85 | R109: 92.43 | S109: 30041012 | T109: 1 | U109: 13.002.00 | V109: 70.22 | W109: 96.790957 | X109: 92.315249 | Y109: 127.24696 | Z109: 91.194805 | AA109: 126.07688 | AB109: 91.719701 | AC109: 126.42606 | AD109: 90.606452 | AE109: 125.26782 | AF109: 91.131737 | AG109: 125.61561 | AH109: 90.025641 | AI109: 124.44508 | AJ109: 89.978143 | AK109: 124.0255 | AL109: 88.886076 | AM109: 122.87831 | AN109: 89.412232 | AO109: 123.24545 | AP109: 88.327044 | AQ109: 122.10057 | AR109: 88.853414 | AS109: 122.47518 | AT109: 87.775 | AU109: 121.33248 | AV109: 88.301549 | AW109: 121.71449 | AX109: 87.229814 | AY109: 120.58877 | AZ109: 87.756496 | BA109: 120.96319 | BB109: 86.691358 | BC109: 119.83947 | BD109: 86.686264 | BE109: 119.82814 | BF109: 85.634146 | BG109: 118.37447 | BH109: 85.641878 | BI109: 118.38447 | BJ109: 84.60241 | BK109: 116.94897 | BL109: 80.775869 | BM109: 111.65809 | BN109: 79.795455 | BO109: 110.31541
B110: SIM | C110: 2255 | D110: 7897076922557 | E110: 1235202730094 | F110: 529920110068907 | G110: Nível 1 | H110: 0.0381 | I110: 0.012 | J110: AMOXI. 875 MG + CLAV. POT. 125 MG | K110: ESTOJO,BLISTER C/ 20 COMP. REV. | L110: 96 | M110: CLAVULIN BD | N110: SP | O110: =IF(T110=1,4%,IF(N110="RJ",22,IF(OR(N110="MG",N110="SP",N110="SC",N110="PR"),12%,7%))) -> 0.04 | P110: Positiva | Q110: 78.95 | R110: 109.14 | S110: 30041012 | T110: 1 | U110: 13.002.00 | V110: 82.94 | W110: 114.32415 | X110: 109.02452 | Y110: 150.27894 | Z110: 107.71429 | AA110: 148.91507 | AB110: 108.32117 | AC110: 149.30945 | AD110: 107.01935 | AE110: 147.95945 | AF110: 107.62679 | AG110: 148.35232 | AH110: 106.33333 | AI110: 146.98768 | AJ110: 106.26439 | AK110: 146.47439 | AL110: 104.98734 | AM110: 145.1371 | AN110: 105.59605 | AO110: 145.55315 | AP110: 104.32704 | AQ110: 144.21847 | AR110: 104.93608 | AS110: 144.64346 | AT110: 103.675 | AU110: 143.31125 | AV110: 104.28433 | AW110: 143.74508 | AX110: 103.03106 | AY110: 142.43282 | AZ110: 103.64062 | BA110: 142.8578 | BB110: 102.39506 | BC110: 141.54779 | BD110: 102.37667 | BE110: 141.5173 | BF110: 101.14634 | BG110: 139.81742 | BH110: 101.14325 | BI110: 139.81232 | BJ110: 99.927711 | BK110: 138.13369 | BL110: 95.396483 | BM110: 131.86845 | BN110: 94.25 | BO110: 130.29849
B111: SIM | C111: 2381 | D111: 7897076923813 | E111: 1235202730094 | F111: 529920110068907 | G111: Nível 1 | H111: 0.0381 | I111: 0.012 | J111: AMOXI. 875 MG + CLAV. POT. 125 MG | K111: ESTOJO,BLISTER C/ 20 COMP. REV. | L111: 96 | M111: CLAVULIN BD | N111: SP | O111: =IF(T111=1,4%,IF(N111="RJ",22,IF(OR(N111="MG",N111="SP",N111="SC",N111="PR"),12%,7%))) -> 0.04 | P111: Positiva | Q111: 78.95 | R111: 109.14 | S111: 30041012 | T111: 1 | U111: 13.002.00 | V111: 82.94 | W111: 114.32415 | X111: 109.02452 | Y111: 150.27894 | Z111: 107.71429 | AA111: 148.91507 | AB111: 108.32117 | AC111: 149.30945 | AD111: 107.01935 | AE111: 147.95945 | AF111: 107.62679 | AG111: 148.35232 | AH111: 106.33333 | AI111: 146.98768 | AJ111: 106.26439 | AK111: 146.47439 | AL111: 104.98734 | AM111: 145.1371 | AN111: 105.59605 | AO111: 145.55315 | AP111: 104.32704 | AQ111: 144.21847 | AR111: 104.93608 | AS111: 144.64346 | AT111: 103.675 | AU111: 143.31125 | AV111: 104.28433 | AW111: 143.74508 | AX111: 103.03106 | AY111: 142.43282 | AZ111: 103.64062 | BA111: 142.8578 | BB111: 102.39506 | BC111: 141.54779 | BD111: 102.37667 | BE111: 141.5173 | BF111: 101.14634 | BG111: 139.81742 | BH111: 101.14325 | BI111: 139.81232 | BJ111: 99.927711 | BK111: 138.13369 | BL111: 95.396483 | BM111: 131.86845 | BN111: 94.25 | BO111: 130.29849
... B117: SIM | C117: 1885 | D117: 7897076918857 | E117: 1235202350186 | F117: 529920080067107 | G117: Nível 2 | H117: 0.0247 | I117: 0.012 | J117: AXETIL CEFUROXIMA 500 MG | K117: ESTOJO,BLISTER C/ 14 COMP. | L117: 96 | M117: ZINNAT | N117: SP | O117: =IF(T117=1,4%,IF(N117="RJ",22,IF(OR(N117="MG",N117="SP",N117="SC",N117="PR"),12%,7%))) -> 0.04 | P117: Positiva | Q117: 124.63 | R117: 172.3 | S117: 30042059 | T117: 1 | U117: 13.002.00 | V117: 129.24 | W117: 178.14388 | X117: 169.88388 | Y117: 234.16724 | Z117: 167.84416 | AA117: 232.04466 | AB117: 168.78792 | AC117: 232.65657 | AD117: 166.76129 | AE117: 230.55558 | AF117: 167.70591 | AG117: 231.16514 | AH117: 165.69231 | AI117: 229.04133 | AJ117: 165.583 | AK117: 228.23893 | AL117: 163.59494 | AM117: 226.15769 | AN117: 164.54158 | AO117: 226.80343 | AP117: 162.56604 | AQ117: 224.72625 | AR117: 163.51321 | AS117: 225.38593 | AT117: 161.55 | AU117: 223.31259 | AV117: 162.49764 | AW117: 223.98607 | AX117: 160.54658 | AY117: 221.94379 | AZ117: 161.4946 | BA117: 222.60348 | BB117: 159.55556 | BC117: 220.5647 | BD117: 159.5251 | BE117: 220.5147 | BF117: 157.60976 | BG117: 217.86837 | BH117: 157.60316 | BI117: 217.85797 | BJ117: 155.71084 | BK117: 215.24473 | BL117: 148.64844 | BM117: 205.47969 | BN117: 146.86364 | BO117: 203.03565
A118: * | B118: SIM | C118: 1886 | D118: 7897076918864 | E118: 1235202350194 | F118: 529924110082506 | G118: Nível 2 | H118: 0.0247 | I118: 0.012 | J118: AXETIL CEFUROXIMA 500 MG | K118: ESTOJO,BLISTER C/ 20 COMP. | L118: 128 | M118: ZINNAT | N118: SP | O118: =IF(T118=1,4%,IF(N118="RJ",22,IF(OR(N118="MG",N118="SP",N118="SC",N118="PR"),12%,7%))) -> 0.04 | P118: Positiva | Q118: 178.05 | R118: 246.13 | S118: 30042059 | T118: 1 | U118: 13.002.00 | V118: 184.63 | W118: 254.49323 | X118: 242.701 | Y118: 334.53804 | Z118: 239.77922 | AA118: 331.49493 | AB118: 241.13527 | AC118: 332.37986 | AD118: 238.23226 | AE118: 329.36766 | AF118: 239.58949 | AG118: 330.24916 | AH118: 236.70513 | AI118: 327.20444 | AJ118: 236.55664 | AK118: 326.06869 | AL118: 233.70886 | AM118: 323.08491 | AN118: 235.06883 | AO118: 324.0179 | AP118: 232.23899 | AQ118: 321.03998 | AR118: 233.59967 | AS118: 321.99282 | AT118: 230.7875 | AU118: 319.02046 | AV118: 232.14879 | AW118: 319.99293 | AX118: 229.35404 | AY118: 317.065 | AZ118: 230.71582 | BA118: 318.01774 | BB118: 227.93827 | BC118: 315.09487 | BD118: 227.90214 | BE118: 315.03364 | BF118: 225.15854 | BG118: 311.24294 | BH118: 225.1564 | BI118: 311.23815 | BJ118: 222.44578 | BK118: 307.49485 | BL118: 212.36344 | BM118: 293.55419 | BN118: 209.80682 | BO118: 290.05317
B119: SIM | C119: 1233 | D119: 7897076912336 | E119: 1235202070035 | F119: 529914802119119 | G119: Nível 1 | H119: 0.0381 | I119: 0.012 | J119: BISSULFATO DE CLOPIDOGREL 75 MG | K119: ESTOJO,BLISTER C/ 28 COMP. | L119: 168 | M119: PLAVIX | N119: SP | O119: =IF(T119=1,4%,IF(N119="RJ",22,IF(OR(N119="MG",N119="SP",N119="SC",N119="PR"),12%,7%))) -> 0.04 | P119: Positiva | Q119: 52.39 | R119: 72.43 | S119: 30049079 | T119: 1 | U119: 13.002.00 | V119: 55.03 | W119: 75.853124 | X119: 72.346984 | Y119: 99.722783 | Z119: 71.467532 | AA119: 98.803911 | AB119: 71.880256 | AC119: 99.079447 | AD119: 71.006452 | AE119: 98.169867 | AF119: 71.419472 | AG119: 98.444304 | AH119: 70.551282 | AI119: 97.525106 | AJ119: 70.515407 | AK119: 97.198144 | AL119: 69.658228 | AM119: 96.297257 | AN119: 70.071905 | AO119: 96.586823 | AP119: 69.220126 | AQ119: 95.687756 | AR119: 69.633962 | AS119: 95.983164 | AT119: 68.7875 | AU119: 95.085825 | AV119: 69.201468 | AW119: 95.387016 | AX119: 68.360248 | AY119: 94.502991 | AZ119: 68.774313 | BA119: 94.798227 | BB119: 67.938272 | BC119: 93.915781 | BD119: 67.935578 | BE119: 93.908696 | BF119: 67.109756 | BG119: 92.767692 | BH119: 67.117098 | BI119: 92.777294 | BJ119: 66.301205 | BK119: 91.650554 | BL119: 63.303632 | BM119: 87.505865 | BN119: 62.534091 | BO119: 86.451964
B120: SIM | C120: 1234 | D120: 7897076912343 | E120: 1235202070043 | F120: 529923030079006 | G120: Nível 1 | H120: 0.0381 | I120: 0.012 | J120: BISSULFATO DE CLOPIDOGREL 75 MG | K120: ESTOJO,BLISTER C/ 30 COMP. | L120: 180 | M120: PLAVIX | N120: SP | O120: =IF(T120=1,4%,IF(N120="RJ",22,IF(OR(N120="MG",N120="SP",N120="SC",N120="PR"),12%,7%))) -> 0.04 | P120: Positiva | Q120: 47.08 | R120: 65.09 | S120: 30049079 | T120: 1 | U120: 13.002.00 | V120: 49.46 | W120: 68.175459 | X120: 65.01424 | Y120: 89.615358 | Z120: 64.233766 | AA120: 88.803224 | AB120: 64.594817 | AC120: 89.037228 | AD120: 63.819355 | AE120: 88.233357 | AF120: 64.180736 | AG120: 88.46646 | AH120: 63.410256 | AI120: 87.653856 | AJ120: 63.368302 | AK120: 87.346605 | AL120: 62.607595 | AM120: 86.550288 | AN120: 62.969752 | AO120: 86.797244 | AP120: 62.213836 | AQ120: 86.002479 | AR120: 62.576196 | AS120: 86.25477 | AT120: 61.825 | AU120: 85.461473 | AV120: 62.187538 | AW120: 85.719044 | AX120: 61.440994 | AY120: 84.937632 | AZ120: 61.803677 | BA120: 85.189932 | BB120: 61.061728 | BC120: 84.409859 | BD120: 61.049953 | BE120: 84.390559 | BF120: 60.317073 | BG120: 83.377976 | BH120: 60.314429 | BI120: 83.373831 | BJ120: 59.590361 | BK120: 82.373913 | BL120: 56.887478 | BM120: 78.636689 | BN120: 56.204545 | BO120: 77.701511
B121: SIM | C121: 1270 | D121: 7897076912701 | E121: 1235201010047 | F121: 529924100082306 | G121: Nível 1 | H121: 0.0381 | I121: 0.012 | J121: CITALOPRAM 20 MG ( C1 ) | K121: ESTOJO,BLISTER C/ 30 COMP. | L121: 288 | M121: CIPRAMIL | N121: SP | O121: =IF(T121=1,4%,IF(N121="RJ",22,IF(OR(N121="MG",N121="SP",N121="SC",N121="PR"),12%,7%))) -> 0.04 | P121: Positiva | Q121: 37.63 | R121: 52.02 | S121: 30049059 | T121: 1 | U121: 13.002.00 | V121: 39.53 | W121: 54.487988 | X121: 51.96444 | Y121: 71.627569 | Z121: 51.337662 | AA121: 70.974352 | AB121: 51.629205 | AC121: 71.165482 | AD121: 51.006452 | AE121: 70.518896 | AF121: 51.298239 | AG121: 70.70928 | AH121: 50.679487 | AI121: 70.055741 | AJ121: 50.648879 | AK121: 69.814204 | AL121: 50.037975 | AM121: 69.173734 | AN121: 50.330326 | AO121: 69.375113 | AP121: 49.72327 | AQ121: 68.735907 | AR121: 50.015766 | AS121: 68.941525 | AT121: 49.4125 | AU121: 68.303519 | AV121: 49.70512 | AW121: 68.513331 | AX121: 49.10559 | AY121: 67.884849 | AZ121: 49.398309 | BA121: 68.090424 | BB121: 48.802469 | BC121: 67.463035 | BD121: 48.795873 | BE121: 67.451503 | BF121: 48.207317 | BG121: 66.638322 | BH121: 48.207986 | BI121: 66.638855 | BJ121: 47.626506 | BK121: 65.835843 | BL121: 45.4689 | BM121: 62.852562 | BN121: 44.920455 | BO121: 62.101511
B122: SIM | C122: 2343 | D122: 7897076923431 | E122: 1235202890032 | F122: 529923030078806 | G122: Nível 1 | H122: 0.0381 | I122: 0.012 | J122: CLORID. DE BUPROPIONA 150 MG | K122: ESTOJO,BLISTER C/ 30 COMP. | L122: 40 | M122: WELLBUTRIN XL | N122: SP | O122: =IF(T122=1,4%,IF(N122="RJ",22,IF(OR(N122="MG",N122="SP",N122="SC",N122="PR"),12%,7%))) -> 0.04 | P122: Positiva | Q122: 103.17 | R122: 142.62 | S122: 30049039 | T122: 1 | U122: 13.002.00 | V122: 108.38 | W122: 149.39054 | X122: 142.47067 | Y122: 196.38098 | Z122: 140.75325 | AA122: 194.59146 | AB122: 141.55156 | AC122: 195.11408 | AD122: 139.84516 | AE122: 193.34272 | AF122: 140.64415 | AG122: 193.86331 | AH122: 138.94872 | AI122: 192.07289 | AJ122: 138.8638 | AK122: 191.40929 | AL122: 137.18987 | AM122: 189.65467 | AN122: 137.99043 | AO122: 190.20543 | AP122: 136.32704 | AQ122: 188.45428 | AR122: 137.128 | AS122: 189.01666 | AT122: 135.475 | AU122: 187.26879 | AV122: 136.2763 | AW122: 187.84269 | AX122: 134.63354 | AY122: 186.12092 | AZ122: 135.43512 | BA122: 186.6832 | BB122: 133.80247 | BC122: 184.96443 | BD122: 133.78342 | BE122: 184.93148 | BF122: 132.17073 | BG122: 182.7033 | BH122: 132.17162 | BI122: 182.70344 | BJ122: 130.57831 | BK122: 180.50313 | BL122: 124.66188 | BM122: 172.32258 | BN122: 123.15909 | BO122: 170.26465
B123: SIM | C123: 2344 | D123: 7897076923448 | E123: 1235202890067 | F123: 529923030078906 | G123: Nível 1 | H123: 0.0381 | I123: 0.012 | J123: CLORID. DE BUPROPIONA 300 MG | K123: ESTOJO,BLISTER C/ 30 COMP. | L123: 40 | M123: WELLBUTRIN XL | N123: SP | O123: =IF(T123=1,4%,IF(N123="RJ",22,IF(OR(N123="MG",N123="SP",N123="SC",N123="PR"),12%,7%))) -> 0.04 | P123: Positiva | Q123: 116.3 | R123: 160.78 | S123: 30049039 | T123: 1 | U123: 13.002.00 | V123: 122.17 | W123: 168.39862 | X123: 160.6023 | Y123: 221.37354 | Z123: 158.66234 | AA123: 219.35079 | AB123: 159.56621 | AC123: 219.9454 | AD123: 157.63871 | AE123: 217.94317 | AF123: 158.54332 | AG123: 218.53546 | AH123: 156.62821 | AI123: 216.51176 | AJ123: 156.5364 | AK123: 215.76912 | AL123: 154.64557 | AM123: 213.78586 | AN123: 155.55187 | AO123: 214.41205 | AP123: 153.67296 | AQ123: 212.43273 | AR123: 154.57969 | AS123: 213.072 | AT123: 152.7125 | AU123: 211.09641 | AV123: 153.6196 | AW123: 211.74862 | AX123: 151.76398 | AY123: 209.80248 | AZ123: 152.67136 | BA123: 210.44157 | BB123: 150.82716 | BC123: 208.49884 | BD123: 150.80946 | BE123: 208.46691 | BF123: 148.9878 | BG123: 205.95001 | BH123: 148.99253 | BI123: 205.95532 | BJ123: 147.19277 | BK123: 203.46989 | BL123: 140.52705 | BM123: 194.25333 | BN123: 138.82955 | BO123: 191.9287
B124: SIM | C124: 994 | D124: 7897076909947 | E124: 1235201020034 | F124: 529905402111111 | G124: Nível 1 | H124: 0.0381 | I124: 0.012 | J124: CLORID. DE PAROXETINA 20 MG ( C1 ) | K124: ESTOJO,BLISTER C/ 30 COMP. | L124: 240 | M124: AROPAX | N124: SP | O124: =IF(T124=1,4%,IF(N124="RJ",22,IF(OR(N124="MG",N124="SP",N124="SC",N124="PR"),12%,7%))) -> 0.04 | P124: Positiva | Q124: 52.55 | R124: 72.64 | S124: 30049079 | T124: 1 | U124: 13.002.00 | V124: 55.2 | W124: 76.087451 | X124: 72.567933 | Y124: 100.02734 | Z124: 71.688312 | AA124: 99.109138 | AB124: 72.09978 | AC124: 99.382037 | AD124: 71.225806 | AE124: 98.473135 | AF124: 71.637589 | AG124: 98.744955 | AH124: 70.769231 | AI124: 97.826382 | AJ124: 70.730762 | AK124: 97.494989 | AL124: 69.873418 | AM124: 96.594741 | AN124: 70.285906 | AO124: 96.881801 | AP124: 69.433962 | AQ124: 95.983357 | AR124: 69.846625 | AS124: 96.276299 | AT124: 69 | AU124: 95.379566 | AV124: 69.412811 | AW124: 95.67833 | AX124: 68.571429 | AY124: 94.794932 | AZ124: 68.984351 | BA124: 95.087743 | BB124: 68.148148 | BC124: 94.205908 | BD124: 68.143055 | BE124: 94.195495 | BF124: 67.317073 | BG124: 93.054272 | BH124: 67.322075 | BI124: 93.060638 | BJ124: 66.506024 | BK124: 91.933683 | BL124: 63.496962 | BM124: 87.77311 | BN124: 62.727273 | BO124: 86.719033
B125: SIM | C125: 814 | D125: 7897076908148 | E125: 1235201030102 | F125: 529903306115113 | G125: Nível 1 | H125: 0.0381 | I125: 0.012 | J125: CLORID. DE SERTRALINA 50 MG ( C1 ) | K125: ESTOJO,BLISTER C/ 30 COMP. | L125: 112 | M125: ZOLOFT | N125: SP | O125: =IF(T125=1,4%,IF(N125="RJ",22,IF(OR(N125="MG",N125="SP",N125="SC",N125="PR"),12%,7%))) -> 0.04 | P125: Positiva | Q125: 47.26 | R125: 65.33 | S125: 30049039 | T125: 1 | U125: 13.002.00 | V125: 49.64 | W125: 68.42357 | X125: 65.262807 | Y125: 89.957983 | Z125: 64.467532 | AA125: 89.126406 | AB125: 64.841781 | AC125: 89.377642 | AD125: 64.051613 | AE125: 88.554465 | AF125: 64.426117 | AG125: 88.804692 | AH125: 63.641026 | AI125: 87.972856 | AJ125: 63.610577 | AK125: 87.680555 | AL125: 62.835443 | AM125: 86.865271 | AN125: 63.210503 | AO125: 87.129094 | AP125: 62.440252 | AQ125: 86.315468 | AR125: 62.815443 | AS125: 86.584546 | AT125: 62.05 | AU125: 85.772494 | AV125: 62.425298 | AW125: 86.046772 | AX125: 61.664596 | AY125: 85.246746 | AZ125: 62.03997 | BA125: 85.515637 | BB125: 61.283951 | BC125: 84.717052 | BD125: 61.283364 | BE125: 84.713208 | BF125: 60.536585 | BG125: 83.681414 | BH125: 60.545028 | BI125: 83.692593 | BJ125: 59.807229 | BK125: 82.673696 | BL125: 57.104975 | BM125: 78.937339 | BN125: 56.409091 | BO125: 77.98429
B126: SIM | C126: 954 | D126: 7897076909541 | E126: 1235202050174 | F126: 529921100076506 | G126: Nível 1 | H126: 0.0381 | I126: 0.012 | J126: CLORID. DE VENLAFAXINA 75 MG ( C1 ) | K126: ESTOJO,BLISTER C/ 30 COMP. | L126: 120 | M126: EFEXOR XR | N126: SP | O126: =IF(T126=1,4%,IF(N126="RJ",22,IF(OR(N126="MG",N126="SP",N126="SC",N126="PR"),12%,7%))) -> 0.04 | P126: Positiva | Q126: 52.22 | R126: 72.19 | S126: 30049099 | T126: 1 | U126: 13.002.00 | V126: 54.86 | W126: 75.618796 | X126: 72.112226 | Y126: 99.399193 | Z126: 71.246753 | AA126: 98.498683 | AB126: 71.647012 | AC126: 98.757945 | AD126: 70.787097 | AE126: 97.866598 | AF126: 71.187724 | AG126: 98.124863 | AH126: 70.333333 | AI126: 97.223829 | AJ126: 70.286592 | AK126: 96.882746 | AL126: 69.443038 | AM126: 95.999773 | AN126: 69.844529 | AO126: 96.273409 | AP126: 69.006289 | AQ126: 95.392155 | AR126: 69.408007 | AS126: 95.671709 | AT126: 68.575 | AU126: 94.792083 | AV126: 68.976917 | AW126: 95.077496 | AX126: 68.149068 | AY126: 94.21105 | AZ126: 68.551147 | BA126: 94.490617 | BB126: 67.728395 | BC126: 93.625654 | BD126: 67.715134 | BE126: 93.603972 | BF126: 66.902439 | BG126: 92.481112 | BH126: 66.89931 | BI126: 92.476242 | BJ126: 66.096386 | BK126: 91.367425 | BL126: 63.098218 | BM126: 87.221918 | BN126: 62.340909 | BO126: 86.184894
B127: SIM | C127: 2357 | D127: 7897076923578 | E127: 1235202910084 | F127: 529923110080306 | G127: Nível 2 | H127: 0.0247 | I127: 0.012 | J127: FOSFATO DE SITAGLIPTINA 100 MG | K127: ESTOJO,BLISTER C/ 30 COMP. | L127: 216 | M127: JANUVIA | N127: SP | O127: =IF(T127=1,4%,IF(N127="RJ",22,IF(OR(N127="MG",N127="SP",N127="SC",N127="PR"),12%,7%))) -> 0.04 | P127: Positiva | Q127: 134.52 | R127: 185.97 | S127: 30049069 | T127: 1 | U127: 13.002.00 | V127: 139.49 | W127: 192.27244 | X127: 183.365 | Y127: 252.74955 | Z127: 181.15584 | AA127: 250.44807 | AB127: 182.18207 | AC127: 251.119 | AD127: 179.9871 | AE127: 248.8409 | AF127: 181.0142 | AG127: 249.50922 | AH127: 178.83333 | AI127: 247.20656 | AJ127: 178.72282 | AK127: 246.3508 | AL127: 176.56962 | AM127: 244.09421 | AN127: 177.59876 | AO127: 244.80139 | AP127: 175.45912 | AQ127: 242.54925 | AR127: 176.48878 | AS127: 243.27141 | AT127: 174.3625 | AU127: 241.02347 | AV127: 175.39262 | AW127: 241.76046 | AX127: 173.2795 | AY127: 239.54611 | AZ127: 174.30998 | BA127: 240.26816 | BB127: 172.20988 | BC127: 238.05765 | BD127: 172.18419 | BE127: 238.01362 | BF127: 170.10976 | BG127: 235.14747 | BH127: 170.10974 | BI127: 235.14606 | BJ127: 168.06024 | BK127: 232.31575 | BL127: 160.44443 | BM127: 221.78551 | BN127: 158.51136 | BO127: 219.13837
B128: SIM | C128: 2353 | D128: 7897076923530 | E128: 1235202910025 | F128: 529923110080206 | G128: Nível 2 | H128: 0.0247 | I128: 0.012 | J128: FOSFATO DE SITAGLIPTINA 25 MG | K128: ESTOJO,BLISTER C/ 30 COMP. | L128: 240 | M128: JANUVIA | N128: SP | O128: =IF(T128=1,4%,IF(N128="RJ",22,IF(OR(N128="MG",N128="SP",N128="SC",N128="PR"),12%,7%))) -> 0.04 | P128: Positiva | Q128: 33.64 | R128: 46.5 | S128: 30049069 | T128: 1 | U128: 13.002.00 | V128: 34.88 | W128: 48.078447 | X128: 45.854881 | Y128: 63.206177 | Z128: 45.298701 | AA128: 62.625484 | AB128: 45.559059 | AC128: 62.798419 | AD128: 45.006452 | AE128: 62.223604 | AF128: 45.267006 | AG128: 62.395853 | AH128: 44.717949 | AI128: 61.814932 | AJ128: 44.693992 | AK128: 61.606013 | AL128: 44.151899 | AM128: 61.036677 | AN128: 44.412892 | AO128: 61.218547 | AP128: 43.874214 | AQ128: 60.650353 | AR128: 44.135316 | AS128: 60.835936 | AT128: 43.6 | AU128: 60.268827 | AV128: 43.861193 | AW128: 60.458087 | AX128: 43.329193 | AY128: 59.899406 | AZ128: 43.590454 | BA128: 60.084901 | BB128: 43.061728 | BC128: 59.527211 | BD128: 43.058848 | BE128: 59.521099 | BF128: 42.536585 | BG128: 58.799511 | BH128: 42.54008 | BI128: 58.803996 | BJ128: 42.024096 | BK128: 58.091429 | BL128: 40.123034 | BM128: 55.462865 | BN128: 39.636364 | BO128: 54.796375
B129: SIM | C129: 2355 | D129: 7897076923554 | E129: 1235202910051 | F129: 529923110080106 | G129: Nível 2 | H129: 0.0247 | I129: 0.012 | J129: FOSFATO DE SITAGLIPTINA 50 MG | K129: ESTOJO,BLISTER C/ 30 COMP. | L129: 192 | M129: JANUVIA | N129: SP | O129: =IF(T129=1,4%,IF(N129="RJ",22,IF(OR(N129="MG",N129="SP",N129="SC",N129="PR"),12%,7%))) -> 0.04 | P129: Positiva | Q129: 67.25 | R129: 92.97 | S129: 30049069 | T129: 1 | U129: 13.002.00 | V129: 69.73 | W129: 96.115543 | X129: 91.668868 | Y129: 126.35599 | Z129: 90.558442 | AA129: 125.19711 | AB129: 91.07749 | AC129: 125.54083 | AD129: 89.974194 | AE129: 124.39369 | AF129: 90.493643 | AG129: 124.73606 | AH129: 89.397436 | AI129: 123.5767 | AJ129: 89.348127 | AK129: 123.15709 | AL129: 88.265823 | AM129: 122.02086 | AN129: 88.786178 | AO129: 122.3825 | AP129: 87.710692 | AQ129: 121.24854 | AR129: 88.231272 | AS129: 121.61762 | AT129: 87.1625 | AU129: 120.48582 | AV129: 87.683271 | AW129: 120.86226 | AX129: 86.621118 | AY129: 119.74729 | AZ129: 87.142034 | BA129: 120.11622 | BB129: 86.08642 | BC129: 119.00322 | BD129: 86.079297 | BE129: 118.98912 | BF129: 85.036585 | BG129: 117.54845 | BH129: 85.042223 | BI129: 117.55555 | BJ129: 84.012048 | BK129: 116.13289 | BL129: 80.210286 | BM129: 110.87627 | BN129: 79.238636 | BO129: 109.54562
B130: SIM | C130: 2238 | D130: 7897076922380 | E130: 1235202690025 | F130: 529920080067807 | G130: Nível 2 | H130: 0.0247 | I130: 0.012 | J130: GLICLAZIDA 30 MG LIB. PROL | K130: ESTOJO,BLISTER C/ 30 COMP. | L130: 144 | M130: DIAMICRON MR | N130: SP | O130: =IF(T130=1,4%,IF(N130="RJ",22,IF(OR(N130="MG",N130="SP",N130="SC",N130="PR"),12%,7%))) -> 0.04 | P130: Positiva | Q130: 18.06 | R130: 24.97 | S130: 30049079 | T130: 1 | U130: 13.002.00 | V130: 18.72 | W130: 25.80357 | X130: 24.617692 | Y130: 33.932924 | Z130: 24.311688 | AA130: 33.610925 | AB130: 24.458877 | AC130: 33.714014 | AD130: 24.154839 | AE130: 33.395237 | AF130: 24.302085 | AG130: 33.497893 | AH130: 24 | AI130: 33.175904 | AJ130: 23.994456 | AK130: 33.073859 | AL130: 23.696203 | AM130: 32.758217 | AN130: 23.843545 | AO130: 32.865843 | AP130: 23.54717 | AQ130: 32.550877 | AR130: 23.694525 | AS130: 32.660434 | AT130: 23.4 | AU130: 32.346114 | AV130: 23.547359 | AW130: 32.457582 | AX130: 23.254658 | AY130: 32.147846 | AZ130: 23.40201 | BA130: 32.257233 | BB130: 23.111111 | BC130: 31.94809 | BD130: 23.116611 | BE130: 31.95455 | BF130: 22.829268 | BG130: 31.557536 | BH130: 22.838105 | BI130: 31.569565 | BJ130: 22.554217 | BK130: 31.17751 | BL130: 21.540487 | BM130: 29.775842 | BN130: 21.272727 | BO130: 29.409063
... B158: SIM | C158: 2371 | D158: 7897076923714 | E158: 1235202930034 | F158: 529924090082106 | G158: Nível 2 | H158: 0.0247 | I158: 0.012 | J158: VILDAGLIPTINA 50 MG | K158: ESTOJO,BLISTER C/ 60 COMP. | L158: 128 | M158: GALVUS | N158: SP | O158: =IF(T158=1,4%,IF(N158="RJ",22,IF(OR(N158="MG",N158="SP",N158="SC",N158="PR"),12%,7%))) -> 0.04 | P158: Positiva | Q158: 93.65 | R158: 129.46 | S158: 30049069 | T158: 1 | U158: 13.002.00 | V158: 97.11 | W158: 133.85602 | X158: 127.65486 | Y158: 175.95893 | Z158: 126.11688 | AA158: 174.35667 | AB158: 126.83133 | AC158: 174.82378 | AD158: 125.30323 | AE158: 173.23779 | AF158: 126.01829 | AG158: 173.70308 | AH158: 124.5 | AI158: 172.1 | AJ158: 124.42308 | AK158: 171.50426 | AL158: 122.92405 | AM158: 169.93325 | AN158: 123.64053 | AO158: 170.42559 | AP158: 122.15094 | AQ158: 168.85768 | AR158: 122.86779 | AS158: 169.36045 | AT158: 121.3875 | AU158: 167.79546 | AV158: 122.10466 | AW158: 168.30856 | AX158: 120.63354 | AY158: 166.76695 | AZ158: 121.35095 | BA158: 167.26965 | BB158: 119.88889 | BC158: 165.73072 | BD158: 119.87102 | BE158: 165.70009 | BF158: 118.42683 | BG158: 163.70472 | BH158: 118.42683 | BI158: 163.70375 | BJ158: 117 | BK158: 161.73333 | BL158: 111.69804 | BM158: 154.40242 | BN158: 110.35227 | BO158: 152.55952
B159: SIM | C159: 2393 | D159: 7897076923936 | E159: 1235202110150 | F159: 529925010084106 | G159: Nível 1 | H159: 0.0381 | I159: 0.012 | J159: OXCARBAZEPINA 300 MG ( C1 ) | K159: ESTOJO,BLISTER C/ 30 COMP. | M159: TRILEPTAL | N159: SP | O159: =IF(T159=1,4%,IF(N159="RJ",22,IF(OR(N159="MG",N159="SP",N159="SC",N159="PR"),12%,7%))) -> 0.12 | P159: Positiva | Q159: 32.24 | R159: 44.58 | S159: 30049069 | T159: 6 | U159: 13.002.00 | V159: 33.86 | W159: 46.672483 | X159: 44.521221 | Y159: 61.367866 | Z159: 43.974026 | AA159: 60.79412 | AB159: 44.234004 | AC159: 60.971967 | AD159: 43.690323 | AE159: 60.403992 | AF159: 43.950444 | AG159: 60.58111 | AH159: 43.410256 | AI159: 60.00727 | AJ159: 43.394096 | AK159: 59.814242 | AL159: 42.860759 | AM159: 59.251774 | AN159: 43.121172 | AO159: 59.438045 | AP159: 42.591195 | AQ159: 58.876747 | AR159: 42.851669 | AS159: 59.066563 | AT159: 42.325 | AU159: 58.506379 | AV159: 42.585519 | AW159: 58.699702 | AX159: 42.062112 | AY159: 58.147761 | AZ159: 42.322654 | BA159: 58.337371 | BB159: 41.802469 | BC159: 57.78645 | BD159: 41.80651 | BE159: 57.789967 | BF159: 41.292683 | BG159: 57.08003 | BH159: 41.302829 | BI159: 57.09372 | BJ159: 40.795181 | BK159: 56.392654 | BL159: 38.956081 | BM159: 53.849763 | BN159: 38.477273 | BO159: 53.193958
B160: SIM | C160: 2394 | D160: 7897076923943 | E160: 1235202110169 | F160: 529925010083806 | G160: Nível 1 | H160: 0.0381 | I160: 0.012 | J160: OXCARBAZEPINA 300 MG ( C1 ) | K160: ESTOJO,BLISTER C/ 60 COMP. | M160: TRILEPTAL | N160: SP | O160: =IF(T160=1,4%,IF(N160="RJ",22,IF(OR(N160="MG",N160="SP",N160="SC",N160="PR"),12%,7%))) -> 0.12 | P160: Positiva | Q160: 62.7 | R160: 86.67 | S160: 30049069 | T160: 6 | U160: 13.002.00 | V160: 65.86 | W160: 90.781151 | X160: 86.584385 | Y160: 119.34756 | Z160: 85.532468 | AA160: 118.24869 | AB160: 86.025808 | AC160: 118.57762 | AD160: 84.980645 | AE160: 117.48987 | AF160: 85.474345 | AG160: 117.81748 | AH160: 84.435897 | AI160: 116.71822 | AJ160: 84.392365 | AK160: 116.32609 | AL160: 83.367089 | AM160: 115.24873 | AN160: 83.861585 | AO160: 115.59446 | AP160: 82.842767 | AQ160: 114.51927 | AR160: 83.337458 | AS160: 114.87201 | AT160: 82.325 | AU160: 113.79888 | AV160: 82.819852 | AW160: 114.15854 | AX160: 81.813665 | AY160: 113.10134 | AZ160: 82.308635 | BA160: 113.45388 | BB160: 81.308642 | BC160: 112.39857 | BD160: 81.304843 | BE160: 112.3893 | BF160: 80.317073 | BG160: 111.02454 | BH160: 80.325292 | BI160: 111.03524 | BJ160: 79.349398 | BK160: 109.68754 | BL160: 75.761361 | BM160: 104.72643 | BN160: 74.840909 | BO160: 103.46586
B161: SIM | C161: 2395 | D161: 7897076923950 | E161: 1235202110215 | F161: 529925010083906 | G161: Nível 1 | H161: 0.0381 | I161: 0.012 | J161: OXCARBAZEPINA 600 MG ( C1 ) | K161: ESTOJO,BLISTER C/ 30 COMP. | M161: TRILEPTAL | N161: SP | O161: =IF(T161=1,4%,IF(N161="RJ",22,IF(OR(N161="MG",N161="SP",N161="SC",N161="PR"),12%,7%))) -> 0.12 | P161: Positiva | Q161: 63.6 | R161: 87.92 | S161: 30049069 | T161: 6 | U161: 13.002.00 | V161: 66.81 | W161: 92.090627 | X161: 87.827223 | Y161: 121.06068 | Z161: 86.766234 | AA161: 119.95438 | AB161: 87.260628 | AC161: 120.27969 | AD161: 86.206452 | AE161: 119.1846 | AF161: 86.701249 | AG161: 119.50864 | AH161: 85.653846 | AI161: 118.40182 | AJ161: 85.603739 | AK161: 117.99584 | AL161: 84.56962 | AM161: 116.91113 | AN161: 85.06534 | AO161: 117.25371 | AP161: 84.037736 | AQ161: 116.17116 | AR161: 84.533689 | AS161: 116.52089 | AT161: 83.5125 | AU161: 115.44038 | AV161: 84.008654 | AW161: 115.79718 | AX161: 82.993789 | AY161: 114.73278 | AZ161: 83.490099 | BA161: 115.08241 | BB161: 82.481481 | BC161: 114.01987 | BD161: 82.471899 | BE161: 114.00254 | BF161: 81.47561 | BG161: 112.62601 | BH161: 81.478286 | BI161: 112.62905 | BJ161: 80.493976 | BK161: 111.26974 | BL161: 76.848845 | BM161: 106.22968 | BN161: 75.920455 | BO161: 104.95831
B162: SIM | C162: 2396 | D162: 7897076923967 | E162: 1235202110223 | F162: 529925010084006 | G162: Nível 1 | H162: 0.0381 | I162: 0.012 | J162: OXCARBAZEPINA 600 MG ( C1 ) | K162: ESTOJO,BLISTER C/ 60 COMP. | M162: TRILEPTAL | N162: SP | O162: =IF(T162=1,4%,IF(N162="RJ",22,IF(OR(N162="MG",N162="SP",N162="SC",N162="PR"),12%,7%))) -> 0.12 | P162: Positiva | Q162: 116.45 | R162: 160.98 | S162: 30049069 | T162: 6 | U162: 13.002.00 | V162: 122.33 | W162: 168.61916 | X162: 160.80944 | Y162: 221.65906 | Z162: 158.87013 | AA162: 219.63806 | AB162: 159.77201 | AC162: 220.22908 | AD162: 157.84516 | AE162: 218.2286 | AF162: 158.74781 | AG162: 218.81732 | AH162: 156.83333 | AI162: 216.79531 | AJ162: 156.73829 | AK162: 216.04741 | AL162: 154.8481 | AM162: 214.06585 | AN162: 155.7525 | AO162: 214.6886 | AP162: 153.87421 | AQ162: 212.71094 | AR162: 154.77906 | AS162: 213.34681 | AT162: 152.9125 | AU162: 211.37287 | AV162: 153.81773 | AW162: 212.02172 | AX162: 151.96273 | AY162: 210.07725 | AZ162: 152.86827 | BA162: 210.71299 | BB162: 151.02469 | BC162: 208.7719 | BD162: 151.00397 | BE162: 208.73578 | BF162: 149.18293 | BG162: 206.21973 | BH162: 149.18469 | BI162: 206.22096 | BJ162: 147.38554 | BK162: 203.73637 | BL162: 140.7083 | BM162: 194.50387 | BN162: 139.01136 | BO162: 192.18006
V163: =ROUNDDOWN((Q163*(1+H163))*(1+I163),2) -> 0 | AA163: 97,86
